KT,Y,W,D,Time,Nr,Js,Rak1,Rak2,NyLskp,LSkp,Age,Sex,Bfas,Sp,Vikt1,Fvikt,Jnr,Bornyear,Fx,Frisk,Agedays,Dnr,5per,7per,Sex2,AREA,YEAR
11,67,4,5,205,2194,V,11E,8e,2H,Vs,1,1,,3,68,,188,65,,1,757,27,6,4,1,4,1967
11,67,1,4,818,2277,X,20F,8e,1L,Ja,2,1,,3,68,,250,64,,1,1100,5,1,1,1,2,1967
11,67,1,2,1018,2278,F,09H,7f,3U,So,0,2,,,52,,117,66,,1,368,3,1,1,2,4,1967
11,67,2,2,819,2280,X,20F,6h,1L,Ja,0,1,,3,58,,313,66,,1,375,10,2,2,1,2,1967
11,67,1,6,913,2281,X,20F,6h,1L,Ja,0,2,1,,55,,313,66,,1,372,7,2,1,2,2,1967
11,67,2,5,914,2282,X,20F,6h,1L,Ja,0,1,,3,63,,313,66,,1,378,13,3,2,1,2,1967
11,67,1,5,1019,2285,F,09H,7f,3U,So,0,1,,,56,,117,66,,1,371,6,2,1,1,4,1967
11,67,0,7,1110,2286,D,12E,1h,2H,Dr,4,2,1,,54,,261,62,,1,1826,1,1,1,2,3,1967
11,67,1,4,1609,2287,F,11E,9f,2H,Vs,0,1,,3,42,,384,66,,1,370,5,1,1,1,4,1967
11,67,2,6,1020,2288,D,11H,4h,3U,Up,2,1,,3,71,,174,64,,1,1109,14,3,2,1,4,1967
11,67,2,5,1313,2289,F,11H,2j,3U,Up,0,1,,3,68,,341,66,,1,378,13,3,2,1,4,1967
11,67,2,4,915,2290,S,11H,3j,3U,Up,0,1,,3,79,,341,66,,1,377,12,3,2,1,4,1967
11,67,2,5,1021,2291,S,11H,2j,3U,Up,0,1,,3,61,,341,66,,1,378,13,3,2,1,4,1967
11,67,2,4,1111,2292,S,11H,2j,3U,Up,0,1,,3,80,,341,66,,1,377,12,3,2,1,4,1967
11,67,1,6,1314,2293,K,09I,9b,3U,So,0,1,,3,69,,343,66,,1,372,7,2,1,1,4,1967
11,67,2,1,1508,2294,F,11E,8f,2H,Vs,0,1,,3,59,,384,66,,1,374,9,2,2,1,4,1967
11,67,2,2,916,2295,X,20F,8e,1L,Ja,0,1,,3,59,,250,66,,1,375,10,2,2,1,2,1967
11,67,1,5,1315,2296,G,13F,3c,2H,Dr,0,2,,,44,,80,66,,1,371,6,2,1,2,3,1967
11,67,1,5,1509,2297,G,13F,3c,2H,Dr,0,2,,,41,,80,66,,1,371,6,2,1,2,3,1967
11,67,3,2,1316,2298,G,13F,3c,2H,Dr,0,2,,,55,,80,66,,1,382,17,4,3,2,3,1967
11,67,2,6,820,2299,F,11F,2c,2H,Vs,0,2,,,40,,410,66,,1,379,14,3,2,2,4,1967
11,67,2,5,4,2300,V,11E,3f,2H,Vs,0,1,,,69,,156,66,,1,378,13,3,2,1,4,1967
11,67,2,6,1022,2301,G,11E,3f,2H,Vs,0,2,,,45,,156,66,,1,379,14,3,2,2,4,1967
11,67,1,4,2212,2302,V,11E,3f,2H,Vs,0,2,,,49,,156,66,,1,370,5,1,1,2,4,1967
11,67,1,6,821,2303,X,19E,7j,1L,Ja,0,1,,3,64,,454,66,,1,372,7,2,1,1,2,1967
11,67,3,3,3014,2304,T,10I,7e,3U,Up,0,1,,3,60,,97,66,,1,383,18,4,3,1,4,1967
11,67,2,4,606,2305,F,11E,6f,2H,Vs,0,1,,1,,,248,66,,1,377,12,3,2,1,4,1967
11,67,1,4,3015,2306,F,10D,8g,2H,Vr,0,1,,,,,144,66,,1,370,5,1,1,1,3,1967
11,67,3,7,1907,2307,V,11F,3d,2H,Vs,3,2,,,79,,410,63,,1,1482,22,5,4,2,4,1967
11,67,3,6,2106,2308,V,11F,3d,2H,Vs,3,1,,3,92,,410,63,,1,1481,21,5,3,1,4,1967
11,67,3,7,1023,2309,F,12E,1h,2H,Dr,0,1,,3,65,,261,66,,1,387,22,5,4,1,3,1967
11,67,1,4,3016,2310,D,10I,1i,3U,So,0,2,,,52,,32,66,,1,370,5,1,1,2,4,1967
11,67,3,4,3017,2311,D,10I,1i,3U,So,0,2,,,55,,32,66,,1,384,19,4,3,2,4,1967
11,67,1,2,3018,2312,D,10I,1i,3U,So,0,2,,,50,,32,66,,1,368,3,1,1,2,4,1967
11,67,2,7,3019,2313,D,10I,1i,3U,So,0,2,,,53,,32,66,,1,380,15,3,3,2,4,1967
11,67,2,1,3020,2314,G,10I,1i,3U,So,2,1,,,80,,32,64,,1,1104,9,2,2,1,4,1967
11,67,3,6,822,2317,G,11G,6j,3U,Vs,0,1,,3,69,,438,66,,1,386,21,5,3,1,4,1967
11,67,2,1,1510,2318,D,02C,2h,4S,Sk,3,2,,,57,,385,63,,1,1469,9,2,2,2,5,1967
11,67,3,1,1610,2319,S,02C,2h,4S,Sk,0,2,,,59,,385,66,,1,381,16,4,3,2,5,1967
11,67,2,6,1218,2320,D,09H,7f,3U,So,1,1,,,80,,117,65,,1,744,14,3,2,1,4,1967
11,67,2,7,1024,2321,F,09H,7f,3U,So,0,1,,,50,,117,66,,1,380,15,3,3,1,4,1967
11,67,4,1,109,2322,V,11E,2f,2H,Vs,0,2,1,,,,275,66,,1,388,23,5,4,2,4,1967
11,67,3,7,1318,2323,S,09H,7f,3U,So,0,1,,,64,,117,66,,1,387,22,5,4,1,4,1967
11,67,4,2,206,2324,V,11E,3f,2H,Vs,0,2,1,,47,,156,66,,1,389,24,5,4,2,4,1967
11,67,1,1,1219,2325,G,09H,2a,3U,So,0,1,,,,,280,66,,1,367,2,1,1,1,4,1967
11,67,3,7,5,2326,V,09G,2g,3U,Og,2,1,,3,76,,280,64,,1,1117,22,5,4,1,5,1967
11,67,4,1,2213,2327,V,09G,2g,3U,Og,0,2,1,,56,,280,66,,1,388,23,5,4,2,5,1967
11,67,4,2,1,2328,V,09G,2g,3U,Og,2,2,1,,52,,280,64,,1,1119,24,5,4,2,5,1967
11,67,1,3,917,2329,L,09G,7f,3U,So,0,1,,,82,,280,66,,1,369,4,1,1,1,4,1967
11,67,1,1,2214,2330,V,09G,2g,3U,Og,0,2,1,,50,,280,66,,1,367,2,1,1,2,5,1967
11,67,4,1,2309,2331,V,09G,2g,3U,Og,3,2,1,,67,,280,63,,1,1483,23,5,4,2,5,1967
11,67,3,5,1319,2332,D,03C,6c,4S,Sk,2,1,,3,112,,2,64,,1,1115,20,4,3,1,5,1967
11,67,4,6,207,2333,V,11E,2f,2H,Vs,4,1,,3,,,275,62,,1,1853,28,6,4,1,4,1967
11,67,4,5,1025,2334,L,09G,7f,3U,So,0,2,1,,53,,280,66,,1,392,27,6,4,2,4,1967
11,67,4,5,1112,2335,L,09G,7f,3U,So,0,2,1,,50,,280,66,,1,392,27,6,4,2,4,1967
11,67,4,7,6,2339,V,10E,7c,2H,Vr,0,1,,3,74,,46,66,,1,394,29,6,5,1,3,1967
11,67,4,6,2215,2340,V,11E,3f,2H,Vs,1,2,1,,65,,156,65,,1,758,28,6,4,2,4,1967
11,67,4,6,110,2341,V,11E,3f,2H,Vs,0,1,,3,66,,156,66,,1,393,28,6,4,1,4,1967
11,67,4,5,918,2342,X,20F,8e,1L,Ja,0,2,1,,46,,250,66,,1,392,27,6,4,2,2,1967
11,67,4,6,1320,2343,F,11C,6j,2H,Vr,0,1,,3,54,,288,66,,1,393,28,6,4,1,3,1967
11,67,4,7,1321,2344,G,11E,8e,2H,Vs,0,2,1,,56,,188,66,,1,394,29,6,5,2,4,1967
11,67,4,3,2310,2345,V,09H,7f,3U,So,0,2,,,51,,117,66,,1,390,25,5,4,2,4,1967
11,67,4,4,2107,2346,V,09H,7f,3U,So,0,1,,,63,,117,66,,1,391,26,6,4,1,4,1967
11,67,4,5,2216,2347,V,09H,7f,3U,So,3,2,,,55,,117,63,,1,1487,27,6,4,2,4,1967
11,67,4,6,823,2348,K,11H,4h,3U,Up,1,2,1,,63,,174,65,,1,758,28,6,4,2,4,1967
11,67,4,6,919,2349,K,11H,4h,3U,Up,0,1,,3,61,,174,66,,1,393,28,6,4,1,4,1967
11,67,4,6,2005,2350,V,11F,2c,2H,Vs,0,1,,3,73,,410,66,,1,393,28,6,4,1,4,1967
11,67,5,1,2217,2351,V,12H,5i,3U,Up,0,1,,3,54,,459,66,,1,395,30,6,5,1,4,1967
11,67,5,2,2006,2352,X,20F,8e,1L,Ja,0,2,1,,50,,250,66,,1,396,31,7,5,2,2,1967
11,67,5,1,2311,2353,V,11E,3f,2H,Vs,0,2,1,,42,,156,66,,1,395,30,6,5,2,4,1967
11,67,5,5,1113,2354,F,09I,9b,3U,So,0,1,,3,57,,343,66,,1,399,34,7,5,1,4,1967
11,67,5,2,824,2355,F,10E,7c,2H,Vr,1,1,,3,51,,46,65,,1,761,31,7,5,1,3,1967
11,67,4,1,920,2356,F,10F,2h,3U,Na,0,1,,3,,,326,66,,1,388,23,5,4,1,4,1967
11,67,5,3,1114,2357,G,10F,2h,3U,Na,2,2,1,,,,326,64,,1,1127,32,7,5,2,4,1967
11,67,5,6,1115,2358,G,10F,6d,3U,Na,0,1,,,,,183,66,,1,400,35,7,5,1,4,1967
11,67,5,4,1026,2359,G,11H,2j,3U,Up,0,1,,3,80,,341,66,,1,398,33,7,5,1,4,1967
11,67,5,1,1027,2360,F,11H,2j,3U,Up,2,1,,3,60,,341,64,,1,1125,30,6,5,1,4,1967
11,67,3,7,1028,2361,F,11H,2j,3U,Up,0,2,1,1,51,,341,66,,1,387,22,5,4,2,4,1967
11,67,4,4,1611,2362,L,11H,2j,3U,Up,1,1,,3,63,,341,65,,1,756,26,6,4,1,4,1967
11,67,5,4,825,2363,F,12E,1h,2H,Dr,2,2,,,36,,261,64,,1,1128,33,7,5,2,3,1967
11,67,5,7,1612,2364,G,12F,2h,2H,Dr,3,2,,,71,,143,63,,1,1496,36,8,6,2,3,1967
11,67,5,6,1220,2365,T,11F,2c,2H,Vs,0,1,,3,70,,410,66,,1,400,35,7,5,1,4,1967
11,67,4,7,1412,2366,U,12I,1b,3U,Up,0,1,,3,75,,121,66,,1,394,29,6,5,1,4,1967
11,67,4,7,1413,2367,U,12I,1b,3U,Up,0,1,,1,77,,121,66,,1,394,29,6,5,1,4,1967
11,67,5,6,1116,2368,U,11E,5f,2H,Vs,0,1,,3,49,,189,66,,1,400,35,7,5,1,4,1967
11,67,5,6,1117,2369,G,13F,3c,2H,Dr,0,1,,3,48,,80,66,,1,400,35,7,5,1,3,1967
11,67,5,6,1118,2370,G,13F,3c,2H,Dr,3,1,,2,50,,80,63,,1,1495,35,7,5,1,3,1967
11,67,5,6,1414,2371,G,13F,3c,2H,Dr,1,2,1,,61,,80,65,,1,765,35,7,5,2,3,1967
11,67,5,6,1322,2372,G,13F,3c,2H,Dr,0,2,,,42,,80,66,,1,400,35,7,5,2,3,1967
11,67,5,1,1323,2373,F,09H,7f,3U,So,1,2,,,55,,117,65,,1,760,30,6,5,2,4,1967
11,67,6,1,1415,2374,L,10E,8d,2H,Vr,4,1,,3,,,346,62,,1,1862,37,8,6,1,3,1967
11,67,5,7,3025,2375,F,10D,7g,2H,Vr,0,1,,,,,144,66,,1,401,36,8,6,1,3,1967
11,67,4,1,303,2376,V,10E,8d,2H,Vr,0,1,,2,,,346,66,,1,388,23,5,4,1,3,1967
11,67,2,6,111,2377,V,11D,2g,2H,Vr,0,1,,,,,100,66,,1,379,14,3,2,1,3,1967
11,67,4,6,3026,2378,V,11D,2g,2H,Vr,0,2,,,,,100,66,,1,393,28,6,4,2,3,1967
11,67,4,1,208,2379,V,11D,1d,2H,Vr,0,2,,,,,269,66,,1,388,23,5,4,2,3,1967
11,67,5,7,112,2380,V,11E,3f,2H,Vs,0,1,,3,62,,156,66,,1,401,36,8,6,1,4,1967
11,67,5,1,2218,2381,V,10G,9g,3U,Vs,2,1,,3,,,63,64,,1,1125,30,6,5,1,4,1967
11,67,6,4,3027,2382,F,10E,7c,2H,Vr,0,1,,3,58,,46,66,,1,405,40,8,6,1,3,1967
11,67,6,3,113,2383,V,11E,4f,2H,Vs,0,1,,1,,,275,66,,1,404,39,8,6,1,4,1967
11,67,6,3,1511,2384,X,20F,8e,1L,Ja,0,1,,3,61,,250,66,,1,404,39,8,6,1,2,1967
11,67,6,5,921,2385,F,09H,7f,3U,So,0,2,1,,47,,117,66,,1,406,41,9,6,2,4,1967
11,67,7,2,826,2387,D,11H,4h,3U,Up,0,2,1,,59,,174,66,,1,410,45,9,7,2,4,1967
11,67,6,4,1029,2388,G,02C,0i,4S,Sk,0,2,4,2,,,465,66,,1,405,40,8,6,2,5,1967
11,67,6,3,1119,2389,L,09G,7f,3U,So,1,1,,2,78,,280,65,,1,769,39,8,6,1,4,1967
11,67,6,6,1512,2390,F,11E,8f,2H,Vs,0,1,,3,62,,384,66,,1,407,42,9,6,1,4,1967
11,67,7,1,1030,2391,X,19G,1e,1L,Ja,2,1,,3,70,,399,64,,1,1139,44,9,7,1,2,1967
11,67,7,4,711,2393,X,20F,8e,1L,Ja,0,2,1,1,46,,250,66,,1,412,47,10,7,2,2,1967
11,67,6,4,922,2394,D,10H,3g,3U,So,0,1,,2,,,168,66,,1,405,40,8,6,1,4,1967
11,67,7,4,2312,2395,V,11E,3f,2H,Vs,0,1,,3,57,,156,66,,1,412,47,10,7,1,4,1967
11,67,1,1,3029,2396,F,10D,7h,2H,Vr,0,1,,2,,,284,66,,1,367,2,1,1,1,3,1967
11,67,7,3,7,2397,V,13F,3c,2H,Dr,0,1,,3,65,,80,66,,1,411,46,10,7,1,3,1967
11,67,6,6,1120,2398,D,13F,3c,2H,Dr,0,1,,3,63,,80,66,,1,407,42,9,6,1,3,1967
11,67,6,6,1416,2399,G,13F,3c,2H,Dr,2,2,,,66,,80,64,,1,1137,42,9,6,2,3,1967
11,67,6,7,1417,2400,G,13F,3c,2H,Dr,0,2,2,1,58,,80,66,,1,408,43,9,7,2,3,1967
11,67,8,1,1513,2401,G,13F,3c,2H,Dr,2,1,,3,65,,80,64,,1,1146,51,11,8,1,3,1967
11,67,7,7,1031,2402,G,12I,1f,3U,Up,0,2,,,58,,174,66,,1,415,50,10,8,2,4,1967
11,67,7,5,2219,2403,V,12H,5i,3U,Up,0,1,,3,66,,459,66,,1,413,48,10,7,1,4,1967
11,67,7,6,2007,2404,V,11F,2c,2H,Vs,1,1,,3,78,,410,65,,1,779,49,10,7,1,4,1967
11,67,7,7,1325,2405,G,09H,7f,3U,So,0,2,4,1,45,,117,66,,1,415,50,10,8,2,4,1967
11,67,7,6,3030,2406,X,20F,6h,1L,Ja,0,1,,3,57,,313,66,,1,414,49,10,7,1,2,1967
11,67,8,1,712,2407,X,20F,6h,1L,Ja,0,1,,3,62,,313,66,,1,416,51,11,8,1,2,1967
11,67,7,5,3031,2408,F,10D,7h,2H,Vr,0,2,1,,,,346,66,,1,413,48,10,7,2,3,1967
11,67,7,5,3032,2409,F,10E,4b,2H,Vr,0,1,,,,,21,66,,1,413,48,10,7,1,3,1967
11,67,7,7,923,2410,F,11E,6f,2H,Vs,0,1,,3,50,,137,66,,1,415,50,10,8,1,4,1967
11,67,8,1,1032,2411,G,11D,5b,2H,Vr,0,1,,3,63,,312,66,,1,416,51,11,8,1,3,1967
11,67,8,2,3033,2412,X,20F,6h,1L,Ja,0,1,,3,65,,313,66,,1,417,52,11,8,1,2,1967
11,67,8,4,8,2413,V,11I,6a,3U,Up,0,2,4,1,61,,174,66,,1,419,54,11,8,2,4,1967
11,67,8,2,1326,2415,D,03C,6c,4S,Sk,1,1,,3,80,,2,65,,1,782,52,11,8,1,5,1967
11,67,8,2,1708,2416,D,03C,6c,4S,Sk,1,2,4,2,59,,2,65,,1,782,52,11,8,2,5,1967
11,67,7,2,2313,2417,V,09G,1g,3U,Og,0,2,1,,62,,280,66,,1,410,45,9,7,2,5,1967
11,67,7,5,713,2418,F,11E,4e,2H,Vs,0,1,,3,53,,473,66,,1,413,48,10,7,1,4,1967
11,67,8,5,1327,2420,G,09H,7f,3U,So,2,2,2,,45,,117,64,,1,1150,55,11,8,2,4,1967
11,67,8,5,1514,2421,G,09H,7f,3U,So,0,2,2,1,53,,117,66,,1,420,55,11,8,2,4,1967
11,67,8,7,3035,2422,D,10I,7h,3U,Up,2,1,,3,61,,417,64,,1,1152,57,12,9,1,4,1967
11,67,8,2,1613,2423,D,09H,2a,3U,So,0,1,,3,64,,280,66,,1,417,52,11,8,1,4,1967
11,67,8,5,1418,2424,D,09H,2a,3U,So,3,1,,3,65,,280,63,,1,1515,55,11,8,1,4,1967
11,67,8,6,1515,2425,G,11C,6j,2H,Vr,0,2,1,,55,,288,66,,1,421,56,12,8,2,3,1967
11,67,8,6,405,2426,V,10E,7c,2H,Vr,0,2,1,,57,,46,66,,1,421,56,12,8,2,3,1967
11,67,8,5,827,2427,F,10F,2h,3U,Na,1,1,,3,,,326,65,,1,785,55,11,8,1,4,1967
11,67,8,6,9,2428,V,11E,2f,2H,Vs,0,2,,,,,275,66,,1,421,56,12,8,2,4,1967
11,67,8,5,1221,2429,G,12I,8h,3U,Up,0,2,4,2,49,,26,66,,1,420,55,11,8,2,4,1967
11,67,8,6,209,2430,V,11E,3f,2H,Vs,0,2,1,1,63,,156,66,,1,421,56,12,8,2,4,1967
11,67,8,7,2108,2431,V,11E,3f,2H,Vs,0,1,,3,57,,156,66,,1,422,57,12,9,1,4,1967
11,67,8,5,1328,2432,G,11H,8j,3U,Up,0,1,,3,,,121,66,,1,420,55,11,8,1,4,1967
11,67,8,6,1033,2433,D,13F,3c,2H,Dr,3,2,4,1,61,,80,63,,1,1516,56,12,8,2,3,1967
11,67,9,2,1709,2434,F,11C,6j,2H,Vr,0,1,,3,63,,288,66,,1,424,59,12,9,1,3,1967
11,67,8,6,924,2435,D,02C,1h,4S,Sk,0,1,,3,70,,306,66,,1,421,56,12,8,1,5,1967
11,67,7,7,1419,2436,D,02C,2g,4S,Sk,0,2,4,1,63,,306,66,,1,415,50,10,8,2,5,1967
11,67,7,7,925,2437,D,02C,1h,4S,Sk,0,2,4,2,70,,306,66,,1,415,50,10,8,2,5,1967
11,67,7,6,1122,2438,D,02C,1h,4S,Sk,0,2,4,1,60,,306,66,,1,414,49,10,7,2,5,1967
11,67,9,3,1516,2439,F,11E,7c,2H,Vr,0,2,,,37,,248,66,,1,425,60,12,9,2,3,1967
11,67,9,2,607,2440,F,12E,1g,2H,Dr,0,1,,3,55,,261,66,,1,424,59,12,9,1,3,1967
11,67,8,6,210,2441,F,11E,8e,2H,Vs,0,2,1,,52,,188,66,,1,421,56,12,8,2,4,1967
11,67,8,5,3036,2442,S,10H,3h,3U,So,1,2,1,,50,,168,65,,1,785,55,11,8,2,4,1967
11,67,9,6,828,2443,K,12I,5a,3U,Up,0,2,4,1,57,,408,66,,1,428,63,13,9,2,4,1967
11,67,9,6,3037,2444,K,12I,5a,3U,Up,0,1,,3,74,,408,66,,1,428,63,13,9,1,4,1967
11,67,9,6,3038,2445,K,12I,5a,3U,Up,0,1,,3,68,,408,66,,1,428,63,13,9,1,4,1967
11,67,9,6,829,2446,K,12I,5a,3U,Up,0,2,1,1,56,,408,66,,1,428,63,13,9,2,4,1967
11,67,9,5,1710,2447,F,11C,6j,2H,Vr,0,1,,3,64,,288,66,,1,427,62,13,9,1,3,1967
11,67,9,5,926,2448,X,19G,1e,1L,Ja,0,1,,3,68,,399,66,,1,427,62,13,9,1,2,1967
11,67,8,7,1517,2449,D,02D,8c,4S,Sk,0,2,4,1,65,,278,66,,1,422,57,12,9,2,5,1967
11,67,10,1,1711,2450,S,10I,7h,3U,Up,0,2,5,,54,,417,66,,1,430,65,13,10,2,4,1967
11,67,9,1,608,2451,X,20F,6h,1L,Ja,0,1,,3,62,,313,66,,1,423,58,12,9,1,2,1967
11,67,9,5,2220,2452,V,11D,5b,2H,Vr,0,2,4,1,47,,312,66,,1,427,62,13,9,2,3,1967
11,67,2,4,3039,2453,F,11D,3h,2H,Vr,0,1,,,,,262,66,,1,377,12,3,2,1,3,1967
11,67,6,5,3040,2454,F,11D,3h,2H,Vr,0,1,,,,,262,66,,1,406,41,9,6,1,3,1967
11,67,9,6,3041,2455,F,11D,3h,2H,Vr,5,2,2,1,,,262,61,,1,2253,63,13,9,2,3,1967
11,67,9,1,211,2456,V,11D,1d,2H,Vr,0,2,4,1,,,269,66,,1,423,58,12,9,2,3,1967
11,67,9,2,506,2457,V,11D,4e,2H,Vr,5,2,4,1,,,164,61,,1,2249,59,12,9,2,3,1967
11,67,8,7,2314,2458,U,11H,8j,3U,Up,0,1,,3,75,,121,66,,1,422,57,12,9,1,4,1967
11,67,8,7,1222,2459,D,11H,9i,3U,Up,1,2,4,3,49,,373,65,,1,787,57,12,9,2,4,1967
11,67,7,2,1518,2460,S,02D,8g,4S,Sk,1,2,2,1,63,,9,65,,1,775,45,9,7,2,5,1967
11,67,7,7,1420,2461,S,02D,8g,4S,Sk,1,2,4,2,65,,9,65,,1,780,50,10,8,2,5,1967
11,67,9,7,3042,2462,D,10H,5f,3U,So,1,2,4,1,51,,253,65,,1,794,64,13,10,2,4,1967
11,67,9,7,1223,2463,F,11E,8f,2H,Vs,0,1,,3,58,,384,66,,1,429,64,13,10,1,4,1967
11,67,9,3,1224,2464,D,09I,9b,3U,So,1,1,,3,78,,343,65,,1,790,60,12,9,1,4,1967
11,67,9,3,714,2465,F,09I,9b,3U,So,0,2,1,,57,,343,66,,1,425,60,12,9,2,4,1967
11,67,8,3,1421,2466,L,11H,2j,3U,Up,1,2,3,1,54,,341,65,,1,783,53,11,8,2,4,1967
11,67,8,1,927,2467,F,11H,2j,3U,Up,1,2,4,1,52,,341,65,,1,781,51,11,8,2,4,1967
11,67,10,1,715,2468,F,11H,3j,3U,Up,0,1,,3,57,,341,66,,1,430,65,13,10,1,4,1967
11,67,9,6,1034,2469,F,11H,2j,3U,Up,0,1,,3,61,,341,66,,1,428,63,13,9,1,4,1967
11,67,10,3,716,2470,F,11H,3j,3U,Up,0,1,,3,59,,341,66,,1,432,67,14,10,1,4,1967
11,67,9,6,928,2471,X,19G,1e,1L,Ja,0,2,4,2,58,,399,66,,1,428,63,13,9,2,2,1967
11,67,10,2,830,2472,X,19G,1e,1L,Ja,2,2,4,2,62,,399,64,,1,1161,66,14,10,2,2,1967
11,67,10,1,1422,2473,G,01D,9j,4S,Sk,2,2,5,,74,,402,64,,1,1160,65,13,10,2,5,1967
11,67,10,7,717,2474,S,09G,6c,3U,Og,1,2,5,,70,,43,65,,1,801,71,15,11,2,5,1967
11,67,10,6,1423,2475,T,10I,8f,3U,Up,2,1,,3,74,,99,64,,1,1165,70,14,10,1,4,1967
11,67,10,6,609,2476,S,09G,6c,3U,Og,8,1,,3,70,,43,58,,1,3355,70,14,10,1,5,1967
11,67,10,7,610,2477,S,09G,6c,3U,Og,0,1,,3,65,,43,66,,1,436,71,15,11,1,5,1967
11,67,11,1,3043,2478,S,10I,7h,3U,Up,0,1,,3,58,,417,66,,1,437,72,15,11,1,4,1967
11,67,10,3,3044,2479,K,11I,9c,3U,Up,3,2,4,2,65,,408,63,,1,1527,67,14,10,2,4,1967
11,67,11,1,1123,2480,K,02D,8c,4S,Sk,0,1,,3,81,,278,66,,1,437,72,15,11,1,5,1967
11,67,10,5,831,2481,F,09D,7a,2H,Vr,0,2,1,,,,359,66,,1,434,69,14,10,2,3,1967
11,67,8,2,114,2482,V,09C,8j,2H,Vr,1,1,,3,,,28,65,,1,782,52,11,8,1,3,1967
11,67,7,3,10,2483,V,09C,8j,2H,Vr,3,2,,,,,28,63,,1,1506,46,10,7,2,3,1967
11,67,6,3,2315,2484,V,09C,8j,2H,Vr,0,1,,,,,28,66,,1,404,39,8,6,1,3,1967
11,67,8,5,115,2485,V,09C,8j,2H,Vr,1,1,,,,,28,65,,1,785,55,11,8,1,3,1967
11,67,8,5,212,2486,V,09C,8j,2H,Vr,1,1,,,,,28,65,,1,785,55,11,8,1,3,1967
11,67,9,2,3045,2487,F,11D,2g,2H,Vr,0,2,1,1,,,84,66,,1,424,59,12,9,2,3,1967
11,67,11,1,1814,2488,S,02C,1h,4S,Sk,1,2,5,,75,,306,65,,1,802,72,15,11,2,5,1967
11,67,11,1,832,2489,F,02D,8g,4S,Sk,3,2,4,1,59,,9,63,,1,1532,72,15,11,2,5,1967
11,67,11,6,1035,2490,K,11H,4h,3U,Up,0,2,7,,52,,174,66,,1,442,77,16,11,2,4,1967
11,67,12,1,1815,2491,S,12D,4f,2H,Vr,0,2,5,,53,,425,66,,1,444,79,16,12,2,3,1967
11,67,11,7,833,2492,F,12D,4f,2H,Vr,0,2,4,1,48,,425,66,,1,443,78,16,12,2,3,1967
11,67,12,5,507,2493,F,11E,7c,2H,Vr,4,2,4,2,42,,248,62,,1,1908,83,17,12,2,3,1967
11,67,11,7,1124,2494,K,10I,0g,3U,So,4,2,5,,70,,245,62,,1,1903,78,16,12,2,4,1967
11,67,11,7,1329,2495,K,10I,0g,3U,So,2,2,5,,63,,245,64,,1,1173,78,16,12,2,4,1967
11,67,11,7,1330,2496,K,10I,0g,3U,So,2,1,,3,63,,245,64,,1,1173,78,16,12,1,4,1967
11,67,11,1,1331,2497,S,29J,4f,1L,Lp,0,1,,3,54,,119,66,,1,437,72,15,11,1,2,1967
11,67,12,2,1712,2498,F,11C,6j,2H,Vr,0,2,5,,60,,288,66,,1,445,80,16,12,2,3,1967
11,67,11,4,929,2499,S,02D,5b,4S,Sk,0,1,,2,75,,414,66,,1,440,75,15,11,1,5,1967
11,67,12,4,1519,2500,X,20F,8e,1L,Ja,0,2,4,1,47,,250,66,,1,447,82,17,12,2,2,1967
11,67,13,1,718,2501,X,20F,6h,1L,Ja,1,2,5,,52,,313,65,,1,816,86,18,13,2,2,1967
11,67,12,6,930,2502,K,11H,4h,3U,Up,1,2,5,,71,,174,65,,1,814,84,17,12,2,4,1967
11,67,12,6,834,2503,K,11H,4h,3U,Up,3,2,5,,52,,174,63,,1,1544,84,17,12,2,4,1967
11,67,12,6,835,2504,S,03C,6c,4S,Sk,1,1,,3,112,,2,65,,1,814,84,17,12,1,5,1967
11,67,12,6,836,2505,G,03C,6c,4S,Sk,1,2,7,,76,,2,65,,1,814,84,17,12,2,5,1967
11,67,12,5,3046,2506,V,08G,0c,3U,Og,6,2,5,,61,,92,60,,1,2638,83,17,12,2,5,1967
11,67,12,5,837,2507,F,09I,9b,3U,So,0,1,,3,57,,343,66,,1,448,83,17,12,1,4,1967
11,67,1,5,3047,2508,U,29I,6i,1L,Lp,0,,,,,,238,66,,1,371,6,2,1,,2,1967
11,67,11,2,3048,2509,U,29J,6h,1L,Lp,2,1,,3,63,,238,64,,1,1168,73,15,11,1,2,1967
11,67,13,1,931,2510,K,02D,8c,4S,Sk,0,1,,2,65,,278,66,,1,451,86,18,13,1,5,1967
11,67,13,1,1125,2511,K,02D,8c,4S,Sk,0,1,,2,81,,278,66,,1,451,86,18,13,1,5,1967
11,67,14,1,838,2512,F,11H,2j,3U,Up,0,2,7,,50,,341,66,,1,458,93,19,14,2,4,1967
11,67,13,7,3049,2513,T,11J,0b,3U,Up,0,1,,2,48,,329,66,,1,457,92,19,14,1,4,1967
11,67,11,5,1036,2514,F,11H,2j,3U,Up,5,2,5,,53,,341,61,,1,2266,76,16,11,2,4,1967
11,67,13,3,1816,2515,G,02D,8c,4S,Sk,0,2,7,,67,,278,66,,1,453,88,18,13,2,5,1967
11,67,13,5,508,2516,F,11E,4e,2H,Vs,0,1,,3,45,,111,66,,1,455,90,18,13,1,4,1967
11,67,12,6,2221,2517,V,19G,1e,1L,Ja,0,1,,3,63,,399,66,,1,449,84,17,12,1,2,1967
11,67,12,6,719,2518,S,10I,9i,3U,Up,0,1,,3,,,7,66,,1,449,84,17,12,1,4,1967
11,67,12,6,720,2519,S,10I,9i,3U,Up,0,2,5,,,,7,66,,1,449,84,17,12,2,4,1967
11,67,13,7,611,2520,S,10I,9i,3U,Up,5,2,5,,,,7,61,,1,2282,92,19,14,2,4,1967
11,67,13,6,1126,2521,D,10I,9i,3U,Up,0,2,4,1,,,7,66,,1,456,91,19,13,2,4,1967
11,67,12,6,2316,2522,V,11F,2f,2H,Vs,3,1,,2,78,,173,63,,1,1544,84,17,12,1,4,1967
11,67,12,7,116,2523,V,11F,2f,2H,Vs,0,2,5,,61,,173,66,,1,450,85,17,13,2,4,1967
11,67,13,5,213,2524,V,19D,5h,1L,Ja,2,1,,,,48,422,64,,1,1185,90,18,13,1,2,1967
11,67,14,1,11,2525,V,19D,5h,1L,Ja,7,2,5,,,53,422,59,,1,3013,93,19,14,2,2,1967
11,67,14,3,1817,2526,S,09H,4c,3U,So,1,1,,3,80,,125,65,,1,825,95,19,14,1,4,1967
11,67,15,1,839,2527,F,09I,9b,3U,So,5,2,7,,46,,343,61,,1,2290,100,20,15,2,4,1967
11,67,10,5,1127,2528,F,11H,2j,3U,Up,0,2,5,,48,,341,66,,1,434,69,14,10,2,4,1967
11,67,15,1,840,2529,F,09I,9b,3U,So,1,2,5,,44,,343,65,,1,830,100,20,15,2,4,1967
11,67,15,1,3050,2530,F,18E,3f,1L,Ja,0,2,5,,,,297,66,,1,465,100,20,15,2,2,1967
11,67,15,3,1908,2531,S,08G,0c,3U,Og,0,1,,2,63,,92,66,,1,467,102,21,15,1,5,1967
11,67,14,1,2317,2532,V,11F,2f,2H,Vs,0,2,5,,69,,173,66,,1,458,93,19,14,2,4,1967
11,67,13,4,841,2533,F,11F,2f,2H,Vs,0,2,4,1,58,,173,66,,1,454,89,18,13,2,4,1967
11,67,15,3,1909,2534,L,09I,9b,3U,So,0,2,7,,58,,343,66,,1,467,102,21,15,2,4,1967
11,67,15,3,842,2535,F,09I,9b,3U,So,2,2,7,,51,,343,64,,1,1197,102,21,15,2,4,1967
11,67,14,6,3051,2536,S,10I,9i,3U,Up,0,2,7,,,,7,66,,1,463,98,20,14,2,4,1967
11,67,15,6,406,2537,S,10I,9i,3U,Up,0,1,,2,,,7,66,,1,470,105,21,15,1,4,1967
11,67,15,7,1818,2538,S,10I,9i,3U,Up,0,1,,2,,,7,66,,1,471,106,22,16,1,4,1967
11,67,15,7,843,2539,F,12E,1h,2H,Dr,1,2,5,,58,,261,65,,1,836,106,22,16,2,3,1967
11,67,14,7,1424,2540,S,02C,1h,4S,Sk,0,1,,2,85,,306,66,,1,464,99,20,15,1,5,1967
11,67,16,4,1614,2541,K,11H,4h,3U,Up,0,2,6,1,55,,174,66,,1,475,110,22,16,2,4,1967
11,67,16,7,2318,2543,V,19G,0c,1L,Ja,0,1,,2,65,,376,66,,1,478,113,23,17,1,2,1967
11,67,16,6,932,2544,F,11H,2j,3U,Up,0,2,6,1,49,,341,66,,1,477,112,23,16,2,4,1967
11,67,17,1,845,2545,F,11H,2j,3U,Up,0,2,6,1,48,,341,66,,1,479,114,23,17,2,4,1967
11,67,17,7,3052,2546,F,19D,5h,1L,Ja,3,2,7,,58,,422,63,,1,1580,120,24,18,2,2,1967
11,67,17,6,407,2547,S,20E,0e,1L,Ja,2,1,,2,89,,403,64,,1,1214,119,24,17,1,2,1967
11,67,16,6,846,2548,G,10F,2h,3U,Na,0,2,7,,,,326,66,,1,477,112,23,16,2,4,1967
11,67,21,2,304,2549,L,08G,0c,3U,Og,0,1,,2,63,,92,66,,1,508,143,29,21,1,5,1967
11,67,25,4,3053,2551,G,10E,7c,2H,Vr,0,2,6,,59,,46,66,,1,538,173,35,25,2,3,1967
11,67,27,1,214,2552,S,10E,7c,2H,Vr,3,2,1,,58,,46,64,,1,1279,184,37,27,2,3,1967
11,67,27,1,305,2553,S,10E,7c,2H,Vr,1,2,1,,56,,46,66,,1,549,184,37,27,2,3,1967
11,67,20,7,1037,2554,F,09H,4c,3U,So,0,2,,,53,,125,66,,1,506,141,29,21,2,4,1967
11,67,21,1,1713,2556,S,02C,2h,4S,Sk,5,2,7,,,,385,61,,1,2332,142,29,21,2,5,1967
11,67,12,3,1819,2558,S,02D,5b,4S,Sk,1,1,,3,85,,414,65,,1,811,81,17,12,1,5,1967
11,67,15,6,1332,2559,S,02D,5b,4S,Sk,0,2,7,,,,414,66,,1,470,105,21,15,2,5,1967
11,67,17,4,1616,2560,S,02D,5b,4S,Sk,0,1,,1,75,,414,66,,1,482,117,24,17,1,5,1967
11,67,18,1,1128,2561,G,02D,5b,4S,Sk,0,2,7,,67,,414,66,,1,486,121,25,18,2,5,1967
11,67,19,2,1910,2562,S,02D,5b,4S,Sk,0,1,,2,70,,414,66,,1,494,129,26,19,1,5,1967
11,67,20,5,1911,2563,S,02D,5b,4S,Sk,0,2,6,1,60,,414,66,,1,504,139,28,20,2,5,1967
11,67,21,1,2109,2564,S,02D,5b,4S,Sk,1,2,7,,57,,414,65,,1,872,142,29,21,2,5,1967
11,67,23,2,2008,2565,S,02D,5b,4S,Sk,0,2,7,,70,,414,66,,1,522,157,32,23,2,5,1967
11,67,23,5,1715,2567,S,02D,5b,4S,Sk,0,2,,,71,,414,66,,1,525,160,32,23,2,5,1967
11,67,25,6,2110,2570,S,02D,5b,4S,Sk,0,1,,1,73,,414,66,,1,540,175,35,25,1,5,1967
11,67,22,7,3054,2573,S,11E,8f,2H,Vs,0,1,,1,60,,433,66,,1,520,155,31,23,1,4,1967
11,67,27,3,2111,2574,S,09H,7f,3U,So,1,2,1,,62,,117,66,,1,551,186,38,27,2,4,1967
11,67,27,3,2222,2575,S,09H,7f,3U,So,1,1,,,50,,117,66,,1,551,186,38,27,1,4,1967
11,67,27,5,2112,2576,S,09H,7f,3U,So,1,2,1,,41,,117,66,,1,553,188,38,27,2,4,1967
11,67,27,6,2113,2577,S,09H,7f,3U,So,2,1,,1,70,,117,65,,1,919,189,38,27,1,4,1967
11,67,27,6,2223,2578,S,09H,7f,3U,So,1,1,,1,58,,117,66,,1,554,189,38,27,1,4,1967
11,67,27,7,409,2579,S,09H,7f,3U,So,2,1,,1,78,,117,65,,1,920,190,38,28,1,4,1967
11,67,29,5,2224,2580,S,09H,7f,3U,So,3,2,1,,51,,117,64,,1,1297,202,41,29,2,4,1967
11,67,28,2,2225,2581,S,09H,7f,3U,So,1,1,,1,71,,117,66,,1,557,192,39,28,1,4,1967
11,67,28,2,2114,2582,S,09H,7f,3U,So,0,2,1,,27,,117,67,,1,192,192,39,28,2,4,1967
11,67,28,7,2115,2583,S,09H,7f,3U,So,1,2,1,,55,,117,66,,1,562,197,40,29,2,4,1967
11,67,28,7,2116,2584,S,09H,7f,3U,So,3,2,1,1,47,,117,64,,1,1292,197,40,29,2,4,1967
11,67,28,6,2013,2585,S,02C,2h,4S,Sk,5,2,1,,,,385,62,,1,2021,196,40,28,2,5,1967
11,67,29,6,2226,2586,S,10E,7c,2H,Vr,1,1,,1,67,,46,66,,1,568,203,41,29,1,3,1967
11,67,29,5,2117,2587,S,09H,7f,3U,So,1,2,,,45,,117,66,,1,567,202,41,29,2,4,1967
11,67,32,6,2014,2588,S,03C,6c,4S,Sk,0,1,,1,57,,2,67,,1,224,224,45,32,1,5,1967
11,67,30,5,2227,2589,T,11J,0b,3U,Up,0,2,,,26,,329,67,,1,209,209,42,30,2,4,1967
11,67,34,4,721,2590,F,09H,4c,3U,So,0,1,,1,44,,125,67,,1,236,236,48,34,1,4,1967
11,67,34,4,410,2591,S,10E,7c,2H,Vr,1,1,,1,65,,46,66,,1,601,236,48,34,1,3,1967
11,67,34,6,1333,2592,S,12E,3e,2H,Dr,0,1,,1,86,,139,67,,1,238,238,48,34,1,3,1967
11,67,34,6,1617,2593,S,03C,6c,4S,Sk,1,1,,1,83,,2,66,,1,603,238,48,34,1,5,1967
11,67,35,4,1716,2594,F,11E,8f,2H,Vs,0,1,,1,33,,384,67,,1,243,243,49,35,1,4,1967
11,67,35,4,1913,2595,F,09I,9b,3U,So,0,1,,1,48,,343,67,,1,243,243,49,35,1,4,1967
11,67,36,1,612,2596,D,11H,4h,3U,Up,2,1,,1,78,,174,65,,1,977,247,50,36,1,4,1967
11,67,35,5,509,2597,D,10D,7d,2H,Vr,0,2,,,,,75,67,,1,244,244,49,35,2,3,1967
11,67,35,5,3055,2600,T,30I,8d,1L,Lp,0,1,,1,24,,238,67,,1,244,244,49,35,1,2,1967
11,67,36,2,3056,2601,F,11E,6f,2H,Vs,0,1,,1,36,,247,67,,1,248,248,50,36,1,4,1967
11,67,36,2,510,2602,F,11C,6j,2H,Vr,0,1,,,42,,288,67,,1,248,248,50,36,1,3,1967
11,67,36,3,1425,2603,F,11E,8f,2H,Vs,0,1,,1,34,,384,67,,1,249,249,50,36,1,4,1967
11,67,36,7,1426,2604,F,11E,8f,2H,Vs,0,1,,1,35,,384,67,,1,253,253,51,37,1,4,1967
11,67,37,1,1915,2605,L,11E,0b,2H,Vr,3,2,1,1,50,,127,64,,1,1349,254,51,37,2,3,1967
11,67,36,5,1820,2606,S,12D,4f,2H,Vr,0,2,1,,51,,425,67,,1,251,251,51,36,2,3,1967
11,67,37,1,1129,2607,F,10E,4a,2H,Vr,0,2,,,54,,21,67,,1,254,254,51,37,2,3,1967
11,67,36,7,613,2608,F,02C,2h,4S,Sk,0,1,,1,,,385,67,,1,253,253,51,37,1,5,1967
11,67,36,5,722,2609,F,09G,7a,3U,Og,0,2,1,1,51,,43,67,,1,251,251,51,36,2,5,1967
11,67,36,7,511,2610,S,09G,7a,3U,Og,1,1,,1,70,,43,66,,1,618,253,51,37,1,5,1967
11,67,37,1,3057,2611,D,10I,1i,3U,So,1,1,,1,56,,32,66,,1,619,254,51,37,1,4,1967
11,67,37,3,3058,2612,L,10I,1i,3U,So,1,2,1,,48,,32,66,,1,621,256,52,37,2,4,1967
11,67,37,4,1717,2613,S,11J,0b,3U,Up,5,2,1,1,56,,148,62,,1,2082,257,52,37,2,4,1967
11,67,37,7,3059,2614,S,11J,0b,3U,Up,0,2,1,,38,,148,67,,1,260,260,52,38,2,4,1967
11,67,37,7,3000,2615,S,11J,0b,3U,Up,1,1,,1,68,,148,66,,1,625,260,52,38,1,4,1967
11,67,37,5,3002,2617,F,11D,1d,2H,Vr,0,2,1,,,,130,67,,1,258,258,52,37,2,3,1967
11,67,37,6,3003,2618,S,11F,2f,2H,Vs,1,1,,1,82,,276,66,,1,624,259,52,37,1,4,1967
11,67,37,7,614,2619,D,10E,1d,3U,Na,0,2,1,,42,,406,67,,1,260,260,52,38,2,4,1967
11,67,38,2,3004,2620,F,11E,4f,2H,Vs,1,1,,1,,,457,66,,1,627,262,53,38,1,4,1967
11,67,38,3,3005,2621,F,11E,4f,2H,Vs,1,1,,1,,,457,66,,1,628,263,53,38,1,4,1967
11,67,37,7,512,2622,D,10E,7c,2H,Vr,1,1,,1,83,,46,66,,1,625,260,52,38,1,3,1967
11,67,38,1,723,2623,D,10E,7c,2H,Vr,1,2,1,,66,,46,66,,1,626,261,53,38,2,3,1967
11,67,38,2,1618,2624,D,20F,8e,1L,Ja,1,2,1,,42,,250,66,,1,627,262,53,38,2,2,1967
11,67,30,1,2015,2625,S,02D,5b,4S,Sk,0,2,1,1,43,,414,67,,1,205,205,41,30,2,5,1967
11,67,30,6,1718,2626,S,02D,5b,4S,Sk,1,1,,1,,,414,66,,1,575,210,42,30,1,5,1967
11,67,35,3,2016,2627,S,02D,5b,4S,Sk,0,2,,,45,,414,67,,1,242,242,49,35,2,5,1967
11,67,36,5,1916,2628,S,02D,5b,4S,Sk,0,2,1,,50,,414,67,,1,251,251,51,36,2,5,1967
11,67,38,2,1427,2629,K,02D,5b,4S,Sk,0,2,1,,63,,414,67,,1,262,262,53,38,2,5,1967
11,67,38,4,615,2630,S,02D,5b,4S,Sk,0,1,,1,85,,414,67,,1,264,264,53,38,1,5,1967
11,67,37,5,1821,2631,S,13I,0c,3U,Up,1,2,,,53,,149,66,,1,623,258,52,37,2,4,1967
11,67,38,7,1619,2632,S,11H,2j,3U,Up,7,1,,1,83,,341,60,,1,2822,267,54,39,1,4,1967
11,67,38,7,3006,2633,T,12E,4e,2H,Dr,0,2,1,,34,,90,67,,1,267,267,54,39,2,3,1967
11,67,38,4,1822,2634,D,11H,7i,3U,Up,1,2,1,,56,,464,66,,1,629,264,53,38,2,4,1967
11,67,38,2,1823,2635,S,11H,7i,3U,Up,0,2,,,62,,464,67,,1,262,262,53,38,2,4,1967
11,67,38,7,933,2636,D,11C,6j,2H,Vr,2,1,,1,49,,288,65,,1,997,267,54,39,1,3,1967
11,67,38,6,1130,2638,S,01D,9j,4S,Sk,0,1,,1,80,,402,67,,1,266,266,54,38,1,5,1967
11,67,39,1,848,2639,S,01D,9j,4S,Sk,1,1,,1,55,,402,66,,1,633,268,54,39,1,5,1967
11,67,39,2,849,2640,F,11E,8f,2H,Vs,0,1,,1,34,,384,67,,1,269,269,54,39,1,4,1967
11,67,39,1,616,2641,S,11D,5b,2H,Vr,0,1,,1,64,,312,67,,1,268,268,54,39,1,3,1967
11,67,39,2,1719,2642,G,12D,4f,2H,Vr,6,1,,1,71,,425,61,,1,2459,269,54,39,1,3,1967
11,67,39,2,513,2643,D,12D,4f,2H,Vr,0,2,,,37,,425,67,,1,269,269,54,39,2,3,1967
11,67,37,6,1824,2644,T,12D,4f,2H,Vr,0,1,,1,41,,425,67,,1,259,259,52,37,1,3,1967
11,67,39,5,1620,2646,F,11C,6j,2H,Vr,0,2,1,,50,,288,67,,1,272,272,55,39,2,3,1967
11,67,40,1,514,2647,S,09H,4c,3U,So,1,1,,1,76,,125,66,,1,640,275,55,40,1,4,1967
11,67,39,7,2118,2648,T,09G,7a,3U,Og,0,1,,1,49,,43,67,,1,274,274,55,40,1,5,1967
11,67,39,7,515,2649,D,11C,6j,2H,Vr,0,2,,,44,,288,67,,1,274,274,55,40,2,3,1967
11,67,40,1,1720,2650,S,11H,2j,3U,Up,1,1,,1,80,,341,66,,1,640,275,55,40,1,4,1967
11,67,39,3,850,2651,F,11H,3j,3U,Up,1,2,1,,49,,341,66,,1,635,270,54,39,2,4,1967
11,67,39,5,516,2652,F,12C,0i,2H,Vr,0,1,,1,71,,421,67,,1,272,272,55,39,1,3,1967
11,67,39,4,517,2653,V,28L,9d,1L,Lp,0,2,1,,,,122,67,,1,271,271,55,39,2,2,1967
11,67,40,1,1429,2654,F,11E,8f,2H,Vs,1,1,,1,69,,384,66,,1,640,275,55,40,1,4,1967
11,67,40,3,617,2655,D,11E,6f,2H,Vs,4,2,1,,58,,44,63,,1,1737,277,56,40,2,4,1967
11,67,40,3,618,2656,D,11E,6f,2H,Vs,1,2,1,,58,,44,66,,1,642,277,56,40,2,4,1967
11,67,40,2,1721,2657,F,10E,4a,2H,Vr,0,2,,,41,,21,67,,1,276,276,56,40,2,3,1967
11,67,40,3,934,2658,F,03E,6i,4S,Bl,0,1,,1,74,,182,67,,1,277,277,56,40,1,5,1967
11,67,40,7,1131,2660,F,11E,3f,2H,Vs,8,2,,,54,,166,58,,1,3566,281,57,41,2,4,1967
11,67,40,6,725,2661,F,11C,6j,2H,Vr,0,1,,1,54,,288,67,,1,280,280,56,40,1,3,1967
11,67,40,6,852,2662,F,11C,6j,2H,Vr,0,2,1,,56,,288,67,,1,280,280,56,40,2,3,1967
11,67,41,3,1722,2663,F,11C,6j,2H,Vr,0,1,,1,43,,288,67,,1,284,284,57,41,1,3,1967
11,67,41,3,619,2664,F,19D,5h,1L,Ja,1,1,,1,70,,422,66,,1,649,284,57,41,1,2,1967
11,67,41,3,518,2665,F,11E,8f,2H,Vs,1,1,,1,58,,384,66,,1,649,284,57,41,1,4,1967
11,67,41,7,1038,2666,D,11J,0b,3U,Up,1,1,,1,81,,148,66,,1,653,288,58,42,1,4,1967
11,67,42,2,726,2667,F,09H,4c,3U,So,0,1,,1,54,,125,67,,1,290,290,58,42,1,4,1967
11,67,41,7,727,2668,D,11H,4h,3U,Up,0,2,1,,55,,174,67,,1,288,288,58,42,2,4,1967
11,67,42,3,935,2669,D,20F,6h,1L,Ja,1,2,,,71,,313,66,,1,656,291,59,42,2,2,1967
11,67,42,2,728,2670,D,09G,7a,3U,Og,4,2,1,,59,,43,63,,1,1750,290,58,42,2,5,1967
11,67,42,4,729,2671,F,11E,5f,2H,Vs,1,1,,1,61,,457,66,,1,657,292,59,42,1,4,1967
11,67,42,1,620,2672,F,12D,4f,2H,Vr,1,2,1,,49,,425,66,,1,654,289,58,42,2,3,1967
11,67,39,6,730,2673,G,12D,4f,2H,Vr,1,2,1,,44,,425,66,,1,638,273,55,39,2,3,1967
11,67,42,2,621,2674,F,12D,4f,2H,Vr,1,2,1,,51,,425,66,,1,655,290,58,42,2,3,1967
11,67,34,7,3007,2675,F,19E,0i,1L,Ja,0,2,,,42,,429,67,,1,239,239,48,35,2,2,1967
11,67,41,7,853,2676,D,19E,0i,1L,Ja,0,1,,1,65,,429,67,,1,288,288,58,42,1,2,1967
11,67,42,3,1723,2677,F,09I,9b,3U,So,0,1,,1,55,,343,67,,1,291,291,59,42,1,4,1967
11,67,42,3,1621,2678,F,09I,9b,3U,So,1,1,,1,55,,343,66,,1,656,291,59,42,1,4,1967
11,67,42,4,854,2679,F,09I,9b,3U,So,0,1,,1,50,,343,67,,1,292,292,59,42,1,4,1967
11,67,41,6,1622,2680,S,10E,1d,3U,Na,0,2,1,,61,,406,67,,1,287,287,58,41,2,4,1967
11,67,42,3,2017,2681,V,10E,1d,3U,Na,0,2,1,,49,,406,67,,1,291,291,59,42,2,4,1967
11,67,39,7,519,2682,L,09H,2a,3U,So,0,1,,1,60,,280,67,,1,274,274,55,40,1,4,1967
11,67,41,5,855,2683,F,09H,2a,3U,So,2,2,1,,61,,280,65,,1,1016,286,58,41,2,4,1967
11,67,42,2,1039,2684,K,11H,9i,3U,Up,2,1,,1,84,,280,65,,1,1020,290,58,42,1,4,1967
11,67,42,3,622,2685,F,11E,4e,2H,Vs,1,1,,1,53,,473,66,,1,656,291,59,42,1,4,1967
11,67,42,3,1520,2686,K,03F,6b,4S,Bl,0,1,,1,68,,416,67,,1,291,291,59,42,1,5,1967
11,67,42,6,1430,2687,F,11E,6f,2H,Vs,1,1,,1,66,,137,66,,1,659,294,59,42,1,4,1967
11,67,43,1,1623,2688,F,10E,1d,3U,Na,2,1,,1,82,,406,65,,1,1026,296,60,43,1,4,1967
11,67,41,5,1724,2689,L,11H,2j,3U,Up,1,1,,1,83,,341,66,,1,651,286,58,41,1,4,1967
11,67,43,2,731,2690,F,11H,3j,3U,Up,0,1,,1,59,,341,67,,1,297,297,60,43,1,4,1967
11,67,42,4,1624,2691,K,01D,9j,4S,Sk,2,2,1,,71,,402,65,,1,1022,292,59,42,2,5,1967
11,67,43,4,623,2692,F,11E,8f,2H,Vs,0,1,,1,44,,384,67,,1,299,299,60,43,1,4,1967
11,67,43,3,1625,2693,F,11E,8f,2H,Vs,0,1,,1,50,,384,67,,1,298,298,60,43,1,4,1967
11,67,43,6,732,2694,S,10J,4d,3U,Up,1,1,,1,50,,375,66,,1,666,301,61,43,1,4,1967
11,67,43,6,1521,2695,D,10I,0g,3U,So,0,1,,1,,,245,67,,1,301,301,61,43,1,4,1967
11,67,44,2,1725,2696,F,11C,6j,2H,Vr,0,1,,1,56,,288,67,,1,304,304,61,44,1,3,1967
11,67,43,3,1431,2697,F,11E,6f,2H,Vs,0,1,,1,60,,137,67,,1,298,298,60,43,1,4,1967
11,67,43,6,1334,2698,D,10D,8c,2H,Vr,1,1,,,,,83,66,,1,666,301,61,43,1,3,1967
11,67,44,5,856,2699,F,11E,4f,2H,Vs,0,2,1,,48,,457,67,,1,307,307,62,44,2,4,1967
11,67,44,7,936,2700,D,10E,7c,2H,Vr,1,2,1,,53,,46,66,,1,674,309,62,45,2,3,1967
11,67,44,6,1225,2701,D,11C,6j,2H,Vr,1,1,,1,79,,288,66,,1,673,308,62,44,1,3,1967
11,67,44,7,3008,2702,K,09H,7f,3U,So,0,2,1,,52,,117,67,,1,309,309,62,45,2,4,1967
11,67,44,7,3009,2703,K,09H,7f,3U,So,1,2,1,,67,,117,66,,1,674,309,62,45,2,4,1967
11,67,44,7,3010,2704,K,09H,7f,3U,So,0,1,,1,64,,117,67,,1,309,309,62,45,1,4,1967
11,67,44,7,3011,2705,K,09H,7f,3U,So,0,2,1,,58,,117,67,,1,309,309,62,45,2,4,1967
11,67,44,6,857,2706,D,10E,4a,2H,Vr,0,2,,,65,,21,67,,1,308,308,62,44,2,3,1967
11,67,44,7,1040,2707,D,09H,4c,3U,So,1,1,,1,68,,125,66,,1,674,309,62,45,1,4,1967
11,67,44,6,1132,2708,G,11F,2c,2H,Vs,2,2,,,80,,410,65,,1,1038,308,62,44,2,4,1967
11,67,44,5,1041,2709,S,19D,5h,1L,Ja,1,2,1,,72,,422,66,1,1,672,307,62,44,2,2,1967
11,67,44,2,1432,2710,G,01D,9j,4S,Sk,0,1,,1,82,,402,67,,1,304,304,61,44,1,5,1967
11,67,44,6,858,2711,D,20F,6h,1L,Ja,3,1,,1,85,,313,64,,1,1403,308,62,44,1,2,1967
11,67,43,0,3012,2712,U,30I,8d,1L,Lp,0,1,,1,,,238,67,,1,299,299,60,43,1,2,1967
11,67,43,4,3013,2713,U,30I,8d,1L,Lp,4,2,1,,,,238,63,,1,1759,299,60,43,2,2,1967
11,67,43,4,3014,2714,U,30I,8d,1L,Lp,0,1,,1,,,238,67,,1,299,299,60,43,1,2,1967
11,67,43,4,3015,2715,U,30I,8d,1L,Lp,5,2,1,,,,238,62,,1,2124,299,60,43,2,2,1967
11,67,44,7,1133,2716,D,11H,7i,3U,Up,0,1,,,73,,464,67,,1,309,309,62,45,1,4,1967
11,67,44,7,937,2717,D,09I,9b,3U,So,6,1,,1,102,,343,61,,1,2499,309,62,45,1,4,1967
11,67,44,6,1335,2718,G,03C,6c,4S,Sk,0,2,1,,66,,2,67,,1,308,308,62,44,2,5,1967
11,67,44,7,1042,2719,S,03C,6c,4S,Sk,2,1,,2,89,,2,65,,1,1039,309,62,45,1,5,1967
11,67,45,2,859,2720,D,10G,1g,3U,So,4,1,,1,98,,124,63,,1,1771,311,63,45,1,4,1967
11,67,45,3,1336,2721,F,11E,7f,2H,Vs,0,2,1,,38,,176,67,,1,312,312,63,45,2,4,1967
11,67,45,4,1337,2722,G,11H,4h,3U,Up,1,2,1,1,56,,174,66,,1,678,313,63,45,2,4,1967
11,67,45,6,1338,2723,K,11H,3j,3U,Up,2,2,1,,53,,341,65,,1,1045,315,63,45,2,4,1967
11,67,43,5,733,2724,F,11H,2j,3U,Up,0,1,,1,65,,341,67,,1,300,300,60,43,1,4,1967
11,67,45,7,1433,2725,D,12I,8h,3U,Up,4,1,,1,76,,26,63,,1,1776,316,64,46,1,4,1967
11,67,45,6,1522,2726,S,10E,1d,3U,Na,3,1,,1,85,,406,64,,1,1410,315,63,45,1,4,1967
11,67,45,4,800,2727,F,19G,1e,1L,Ja,0,1,,1,70,,399,67,,1,313,313,63,45,1,2,1967
11,67,45,7,1134,2728,D,11F,2c,2H,Vs,0,1,,1,66,,410,67,,1,316,316,64,46,1,4,1967
11,67,45,7,938,2729,D,03F,7d,4S,Bl,4,1,,1,108,,449,63,,1,1776,316,64,46,1,5,1967
11,67,46,3,939,2730,F,09H,4c,3U,So,0,1,,1,63,,125,67,,1,319,319,64,46,1,4,1967
11,67,46,1,1434,2731,S,10H,4c,3U,So,3,1,,1,75,,246,64,,1,1412,317,64,46,1,4,1967
11,67,45,3,2119,2732,V,28L,9d,1L,Lp,0,2,,,,,122,67,,1,312,312,63,45,2,2,1967
11,67,43,8,3016,2733,V,29J,7h,1L,Lp,1,2,1,,,,238,66,,1,664,299,-9,-9,2,2,1967
11,67,43,8,3017,2734,V,29J,7h,1L,Lp,0,2,,,,,238,67,,1,299,299,-9,-9,2,2,1967
11,67,43,8,3018,2735,V,29J,7h,1L,Lp,0,1,,1,,,238,67,,1,299,299,-9,-9,1,2,1967
11,67,43,8,3019,2736,V,29J,7h,1L,Lp,0,1,,,,,238,67,,1,299,299,-9,-9,1,2,1967
11,67,46,3,734,2737,D,11H,4h,3U,Up,1,1,,1,75,,174,66,,1,684,319,64,46,1,4,1967
11,67,46,2,1626,2738,F,11E,5f,2H,Vs,1,2,,,53,,457,66,,1,683,318,64,46,2,4,1967
11,67,46,7,3020,2739,U,11J,0b,3U,Up,5,2,1,,,54,91,62,,1,2148,323,65,47,2,4,1967
11,67,46,4,1339,2740,G,10E,7c,2H,Vr,0,1,,1,50,,46,67,,1,320,320,64,46,1,3,1967
11,67,45,6,1523,2741,S,01D,9j,4S,Sk,0,1,,1,80,,402,67,,1,315,315,63,45,1,5,1967
11,67,46,7,1226,2742,D,11C,6j,2H,Vr,1,1,,1,88,,288,66,,1,688,323,65,47,1,3,1967
11,67,46,6,1135,2743,F,11H,2j,3U,Up,0,1,,1,57,,341,67,,1,322,322,65,46,1,4,1967
11,67,46,6,1524,2744,S,11H,2j,3U,Up,2,1,,1,80,,341,65,,1,1052,322,65,46,1,4,1967
11,67,47,1,940,2745,F,09H,7f,3U,So,0,1,,1,63,,117,67,,1,324,324,65,47,1,4,1967
11,67,46,6,2228,2746,V,19G,1e,1L,Ja,1,2,,,80,,399,66,,1,687,322,65,46,2,2,1967
11,67,46,6,801,2747,F,19G,1e,1L,Ja,1,1,,1,95,,399,66,,1,687,322,65,46,1,2,1967
11,67,46,7,802,2748,D,09G,7a,3U,Og,1,1,,1,51,,43,66,,1,688,323,65,47,1,5,1967
11,67,46,6,1340,2749,K,11I,9c,3U,Up,1,2,1,,,,365,66,,1,687,322,65,46,2,4,1967
11,67,46,6,1043,2750,K,11I,9c,3U,Up,1,1,,,,,365,66,,1,687,322,65,46,1,4,1967
11,67,46,7,3021,2751,U,19E,2h,1L,Ja,1,2,1,,103,,424,66,,1,688,323,65,47,2,2,1967
11,67,46,5,1341,2752,D,03E,3e,4S,Bl,0,1,,1,69,,232,67,,1,321,321,65,46,1,5,1967
11,67,44,3,1136,2753,D,03E,3e,4S,Bl,0,1,,3,67,,232,67,,1,305,305,61,44,1,5,1967
11,67,41,7,1044,2754,D,03E,3e,4S,Bl,0,1,,1,64,,232,67,,1,288,288,58,42,1,5,1967
11,67,46,6,1342,2755,D,03E,3e,4S,Bl,0,2,,,62,,232,67,,1,322,322,65,46,2,5,1967
11,67,42,3,1137,2756,D,03E,3e,4S,Bl,0,2,,,54,,232,67,,1,291,291,59,42,2,5,1967
11,67,46,7,803,2757,S,09H,2a,3U,So,6,1,,1,79,,280,61,,1,2513,323,65,47,1,4,1967
11,67,46,6,624,2758,V,28L,9d,1L,Lp,0,2,,,,,122,67,,1,322,322,65,46,2,2,1967
11,67,47,2,804,2759,V,28L,9d,1L,Lp,0,2,,,,,122,67,,1,325,325,65,47,2,2,1967
11,67,47,2,625,2760,V,28L,9d,1L,Lp,0,2,,,,,122,67,,1,325,325,65,47,2,2,1967
11,67,46,5,3022,2761,V,29J,7h,1L,Lp,0,2,1,,54,,238,67,,1,321,321,65,46,2,2,1967
11,67,46,4,3023,2762,V,29J,7h,1L,Lp,1,1,,1,,40,238,66,,1,685,320,64,46,1,2,1967
11,67,46,4,3024,2763,V,29J,7h,1L,Lp,1,2,1,,,41,238,66,,1,685,320,64,46,2,2,1967
11,67,46,5,3025,2764,V,29J,7h,1L,Lp,0,1,,,,48,238,67,,1,321,321,65,46,1,2,1967
11,67,46,4,2229,2765,S,29J,7h,1L,Lp,0,1,,1,50,,238,67,,1,320,320,64,46,1,2,1967
11,67,46,4,3026,2766,V,29J,7h,1L,Lp,0,1,,1,,44,238,67,,1,320,320,64,46,1,2,1967
11,67,47,6,805,2767,D,11H,8j,3U,Up,0,2,1,,62,,203,67,,1,329,329,66,47,2,4,1967
11,67,47,6,3027,2768,T,11J,0b,3U,Up,5,2,1,,55,,329,62,,1,2154,329,66,47,2,4,1967
11,67,46,7,806,2769,D,10H,4i,3U,So,1,1,,1,94,,245,66,,1,688,323,65,47,1,4,1967
11,67,47,6,1435,2770,F,10E,1d,3U,Na,5,2,1,,51,,406,62,,1,2154,329,66,47,2,4,1967
11,67,47,6,1525,2771,D,03E,3e,4S,Bl,2,1,,3,78,,232,65,,1,1059,329,66,47,1,5,1967
11,67,47,6,1227,2772,D,09G,7d,3U,So,4,1,,3,94,,210,63,,1,1789,329,66,47,1,4,1967
11,67,47,4,3028,2773,F,09G,7d,3U,So,0,1,,1,51,,210,67,,1,327,327,66,47,1,4,1967
11,67,47,7,1343,2774,F,11E,8e,2H,Vs,1,2,1,,43,,188,66,,1,695,330,66,48,2,4,1967
11,67,47,6,3029,2775,U,11F,3c,2H,Vs,1,1,,2,83,,372,66,,1,694,329,66,47,1,4,1967
11,67,46,4,2018,2776,S,19E,6a,1L,Ja,1,2,,,59,,45,66,,1,685,320,64,46,2,2,1967
11,67,44,1,1436,2777,D,19E,6a,1L,Ja,1,2,,,63,,45,66,,1,668,303,61,44,2,2,1967
11,67,45,5,941,2778,S,19E,6a,1L,Ja,1,1,,1,71,,45,66,,1,679,314,63,45,1,2,1967
11,67,47,7,1437,2779,D,11I,5i,3U,Up,0,1,,1,70,,407,67,,1,330,330,66,48,1,4,1967
11,67,46,1,626,2780,F,12C,0i,2H,Vr,1,2,,,50,,421,66,,1,682,317,64,46,2,3,1967
11,67,48,1,735,2781,F,17E,9c,1L,Ja,5,2,1,,82,,116,62,,1,2156,331,67,48,2,2,1967
11,67,48,1,520,2782,F,17E,9c,1L,Ja,0,1,,1,103,,116,67,,1,331,331,67,48,1,2,1967
11,67,47,4,521,2783,F,17E,9c,1L,Ja,6,1,,1,85,,116,61,,1,2517,327,66,47,1,2,1967
11,67,47,6,627,2784,F,17E,9c,1L,Ja,0,1,,1,98,,116,67,,1,329,329,66,47,1,2,1967
11,67,47,7,1045,2785,K,11H,2j,3U,Up,1,2,1,,60,,341,66,,1,695,330,66,48,2,4,1967
11,67,48,3,1526,2786,S,19E,6a,1L,Ja,1,2,1,,69,,45,66,,1,698,333,67,48,2,2,1967
11,67,48,4,628,2787,T,17E,9c,1L,Ja,7,1,,1,81,,116,60,,1,2889,334,67,48,1,2,1967
11,67,46,5,3030,2788,V,18C,0f,1L,Hr,0,,,,,,299,67,,1,321,321,65,46,,2,1967
11,67,47,5,3031,2789,V,18C,0f,1L,Hr,4,,,,,,299,63,,1,1788,328,66,47,,2,1967
11,67,47,5,3032,2790,V,18C,0f,1L,Hr,0,,,,,,299,67,,1,328,328,66,47,,2,1967
11,67,48,3,411,2791,V,18C,0f,1L,Hr,2,1,,1,76,,299,65,,1,1063,333,67,48,1,2,1967
11,67,48,7,3033,2792,D,11I,9h,3U,Up,0,2,1,,53,,273,67,,1,337,337,68,49,2,4,1967
11,67,48,4,1138,2793,S,03F,6b,4S,Bl,0,2,1,1,56,,416,67,,1,334,334,67,48,2,5,1967
11,67,48,3,3034,2794,D,09G,7d,3U,So,1,1,,1,,,210,66,,1,698,333,67,48,1,4,1967
11,67,49,1,1228,2795,D,12I,8h,3U,Up,0,2,1,,66,,26,67,,1,338,338,68,49,2,4,1967
11,67,48,5,1726,2796,F,11E,8f,2H,Vs,0,2,,,54,,384,67,,1,335,335,67,48,2,4,1967
11,67,48,7,1438,2797,F,11C,6j,2H,Vr,0,1,,2,75,,288,67,,1,337,337,68,49,1,3,1967
11,67,48,7,1527,2798,F,11C,6j,2H,Vr,0,2,1,,63,,288,67,,1,337,337,68,49,2,3,1967
11,67,47,1,12,2799,V,29J,7h,1L,Lp,0,1,,1,64,,379,67,,1,324,324,65,47,1,2,1967
11,67,48,5,2120,2800,V,29J,7h,1L,Lp,0,2,1,,43,,379,67,,1,335,335,67,48,2,2,1967
11,67,46,1,2230,2801,V,29J,7h,1L,Lp,0,1,,1,44,,379,67,,1,317,317,64,46,1,2,1967
11,67,48,7,807,2802,D,10E,1d,3U,Na,0,2,,,,,406,67,,1,337,337,68,49,2,4,1967
11,67,48,6,522,2803,F,17E,9c,1L,Ja,0,2,1,,67,,116,67,,1,336,336,68,48,2,2,1967
11,67,48,6,523,2804,V,28L,9d,1L,Lp,0,1,,,,,122,67,,1,336,336,68,48,1,2,1967
11,67,48,5,306,2805,V,28L,9d,1L,Lp,0,1,,1,,,122,67,,1,335,335,67,48,1,2,1967
11,67,49,3,808,2806,F,10H,1g,3U,So,0,1,,2,67,,138,67,,1,340,340,68,49,1,4,1967
11,67,49,3,942,2807,X,20F,7h,1L,Ja,0,1,,1,73,,147,67,,1,340,340,68,49,1,2,1967
11,67,49,1,1344,2808,S,11H,2j,3U,Up,3,2,1,,58,,341,64,,1,1433,338,68,49,2,4,1967
11,67,49,3,809,2809,F,11H,3j,3U,Up,0,2,1,,46,,341,67,,1,340,340,68,49,2,4,1967
11,67,49,3,1345,2810,D,10H,3g,3U,So,1,1,,2,76,,168,66,,1,705,340,68,49,1,4,1967
11,67,49,5,943,2811,X,20F,7h,1L,Ja,1,2,1,,73,,147,66,,1,707,342,69,49,2,2,1967
11,67,49,5,810,2812,X,20F,7h,1L,Ja,0,1,,1,57,,147,67,,1,342,342,69,49,1,2,1967
11,67,49,7,1229,2813,D,12I,8h,3U,Up,1,2,1,,71,,26,66,,1,709,344,69,50,2,4,1967
11,67,49,6,1346,2814,G,10H,1g,3U,So,1,2,1,1,51,,138,66,,1,708,343,69,49,2,4,1967
11,67,49,6,1528,2815,G,10H,1g,3U,So,0,1,,3,57,,138,67,,1,343,343,69,49,1,4,1967
11,67,47,3,736,2816,F,12D,4f,2H,Vr,0,2,,,35,,425,67,,1,326,326,66,47,2,3,1967
11,67,48,3,1627,2817,F,12D,4f,2H,Vr,0,2,1,,57,,425,67,,1,333,333,67,48,2,3,1967
11,67,38,5,1529,2818,U,02C,7i,4S,Sk,0,1,,1,53,,263,67,,1,265,265,53,38,1,5,1967
11,67,49,3,811,2819,F,02C,7i,4S,Sk,0,1,,3,62,,263,67,,1,340,340,68,49,1,5,1967
11,67,49,7,1139,2820,F,11E,6f,2H,Vs,1,2,1,,49,,137,66,,1,709,344,69,50,2,4,1967
11,67,49,7,812,2821,X,20F,8e,1L,Ja,1,2,1,,50,,250,66,,1,709,344,69,50,2,2,1967
11,67,49,5,944,2822,F,09I,9b,3U,So,4,1,,3,75,,343,63,,1,1802,342,69,49,1,4,1967
11,67,49,5,1046,2823,S,09I,9b,3U,So,0,1,,3,59,,343,67,,1,342,342,69,49,1,4,1967
11,67,49,7,3035,2824,D,11H,8j,3U,Up,2,1,,3,72,,203,65,,1,1074,344,69,50,1,4,1967
11,67,49,0,1140,2825,D,20E,4c,1L,Hr,1,1,,1,,,458,66,,1,706,341,69,49,1,2,1967
11,67,50,3,737,2826,X,18F,0c,1L,Ja,1,1,,1,,,308,66,,1,712,347,70,50,1,2,1967
11,67,49,3,1047,2827,K,03C,6c,4S,Sk,1,1,,3,81,,2,66,,1,705,340,68,49,1,5,1967
11,67,48,6,1141,2828,S,18C,4j,1L,Hr,1,1,,1,70,,363,66,,1,701,336,68,48,1,2,1967
11,67,50,2,2231,2829,V,10E,1d,3U,Na,2,1,,3,65,,406,65,,1,1076,346,70,50,1,4,1967
11,67,49,3,2121,2830,V,19G,1e,1L,Ja,1,2,1,,80,,271,66,,1,705,340,68,49,2,2,1967
11,67,50,2,2232,2831,V,19G,1e,1L,Ja,4,2,1,,62,,271,63,,1,1806,346,70,50,2,2,1967
11,67,50,2,813,2832,X,17E,9c,1L,Ja,1,1,,1,83,,116,66,,1,711,346,70,50,1,2,1967
11,67,49,4,1530,2833,S,03C,6c,4S,Sk,0,1,,3,82,,2,67,,1,341,341,69,49,1,5,1967
11,67,50,2,2319,2834,V,10G,1g,3U,So,0,1,,3,60,,124,67,,1,346,346,70,50,1,4,1967
11,67,50,3,2233,2835,V,10G,1g,3U,So,1,2,,,63,,124,66,,1,712,347,70,50,2,4,1967
11,67,50,2,1531,2836,G,03E,7a,4S,Sk,0,2,1,1,57,,416,67,,1,346,346,70,50,2,5,1967
11,67,50,2,1532,2837,G,03E,7a,4S,Sk,0,1,,3,80,,416,67,,1,346,346,70,50,1,5,1967
11,67,50,3,1727,2838,F,11C,6j,2H,Vr,0,1,,3,80,,288,67,,1,347,347,70,50,1,3,1967
11,67,50,4,3036,2839,D,18F,0c,1L,Ja,0,2,,,32,,308,67,,1,348,348,70,50,2,2,1967
11,67,50,4,3037,2840,D,18F,0c,1L,Ja,8,2,,,51,,308,59,,1,3268,348,70,50,2,2,1967
11,67,49,6,1347,2841,G,01D,9j,4S,Sk,0,1,,3,88,,402,67,,1,343,343,69,49,1,5,1967
11,67,49,6,1142,2842,G,01D,9j,4S,Sk,2,2,1,1,75,,402,65,,1,1073,343,69,49,2,5,1967
11,67,51,1,814,2843,F,10H,4c,3U,So,0,1,,1,76,,246,67,,1,352,352,71,51,1,4,1967
11,67,51,3,1533,2844,G,12I,8h,3U,Up,1,1,,1,50,,26,66,,1,719,354,71,51,1,4,1967
11,67,51,3,13,2845,V,20F,8e,1L,Ja,1,2,1,,51,,250,66,,1,719,354,71,51,2,2,1967
11,67,51,2,945,2846,D,17E,7d,1L,Ja,1,1,,1,52,,321,66,,1,718,353,71,51,1,2,1967
11,67,51,3,1048,2847,D,17E,7d,1L,Ja,1,1,,1,70,,321,66,,1,719,354,71,51,1,2,1967
11,67,50,2,815,2848,X,20F,7h,1L,Ja,0,1,,1,57,,147,67,,1,346,346,70,50,1,2,1967
11,67,51,2,816,2849,X,20F,7h,1L,Ja,0,1,,2,64,,147,67,,1,353,353,71,51,1,2,1967
11,67,51,4,1143,2850,D,11E,3f,2H,Vs,0,1,,3,,,460,67,,1,355,355,71,51,1,4,1967
11,67,52,3,1144,2851,G,11J,5f,3U,Up,1,2,1,,,,70,66,,1,726,361,73,52,2,4,1967
11,67,51,5,1230,2852,G,12I,8h,3U,Up,0,2,1,,55,,26,67,,1,356,356,72,51,2,4,1967
11,67,50,7,3038,2853,X,20E,4j,1L,Ja,0,1,,1,82,,352,67,,1,351,351,71,51,1,2,1967
11,67,51,3,3039,2854,X,18F,6a,1L,Ja,0,2,1,,48,,52,67,,1,354,354,71,51,2,2,1967
11,67,48,6,3040,2855,F,19E,2g,1L,Ja,0,2,1,,64,,171,67,,1,336,336,68,48,2,2,1967
11,67,51,2,3041,2856,S,18E,8j,1L,Ja,5,1,,1,64,,52,62,,1,2178,353,71,51,1,2,1967
11,67,51,2,3042,2857,S,18E,8j,1L,Ja,3,1,,1,91,,52,64,,1,1448,353,71,51,1,2,1967
11,67,49,7,3043,2858,X,20E,4j,1L,Ja,1,2,,,,53,352,66,,1,709,344,69,50,2,2,1967
11,67,49,7,3044,2859,X,20E,4j,1L,Ja,0,2,1,,,48,352,67,,1,344,344,69,50,2,2,1967
11,67,49,7,3045,2860,X,20E,4j,1L,Ja,1,2,1,,,57,352,66,,1,709,344,69,50,2,2,1967
11,67,49,7,3046,2861,X,20E,4j,1L,Ja,0,2,1,,,45,352,67,,1,344,344,69,50,2,2,1967
11,67,51,6,946,2862,X,20F,7h,1L,Ja,1,1,,1,70,,147,66,,1,722,357,72,51,1,2,1967
11,67,51,5,947,2863,X,20F,7h,1L,Ja,2,1,,1,85,,147,65,,1,1086,356,72,51,1,2,1967
11,67,51,6,817,2864,X,20F,7h,1L,Ja,0,1,,3,55,,147,67,,1,357,357,72,51,1,2,1967
11,67,51,6,2234,2865,V,19G,1e,1L,Ja,1,2,1,,80,,271,66,,1,722,357,72,51,2,2,1967
11,67,51,3,818,2866,X,18F,0c,1L,Ja,1,2,,,50,,308,66,,1,719,354,71,51,2,2,1967
11,67,52,3,1534,2867,S,17E,7d,1L,Ja,4,2,1,,58,,321,63,,1,1821,361,73,52,2,2,1967
11,67,51,1,2235,2868,V,11D,0d,2H,Vr,0,2,,,67,,265,67,,1,352,352,71,51,2,3,1967
11,67,50,2,412,2869,V,29J,7h,1L,Lp,0,1,,,36,,255,67,,1,346,346,70,50,1,2,1967
11,67,50,5,117,2870,V,29J,7h,1L,Lp,0,2,1,,43,,255,67,,1,349,349,70,50,2,2,1967
11,67,52,5,948,2871,X,20F,7h,1L,Ja,0,2,1,,46,,147,67,,1,363,363,73,52,2,2,1967
11,67,52,7,949,2872,X,20F,7h,1L,Ja,0,2,1,,39,,147,67,,1,365,365,73,53,2,2,1967
11,67,51,4,1049,2873,F,11H,2j,3U,Up,1,2,2,1,62,,341,66,,1,720,355,71,51,2,4,1967
11,67,49,7,3047,2874,G,01D,9j,4S,Sk,0,2,1,1,52,,402,67,,1,344,344,69,50,2,5,1967
11,68,1,1,1348,2875,F,11E,6f,2H,Vs,3,2,1,,49,,137,64,,1,1461,1,1,1,2,4,1968
11,67,52,5,3048,2876,X,18E,3f,1L,Ja,0,2,,,,,297,67,,1,363,363,73,52,2,2,1967
11,67,52,5,3049,2877,X,18E,3f,1L,Ja,0,2,,,,,297,67,,1,363,363,73,52,2,2,1967
11,68,1,3,950,2878,X,17E,7d,1L,Ja,1,2,1,,58,,321,66,,1,733,3,1,1,2,2,1968
11,67,52,6,1145,2879,D,03F,6b,4S,Bl,0,2,1,1,56,,416,67,,1,364,364,73,52,2,5,1967
11,67,51,3,1146,2880,G,01D,9j,4S,Sk,2,2,1,1,72,,402,65,,1,1084,354,71,51,2,5,1967
11,67,52,7,1050,2881,S,01D,9j,4S,Sk,0,1,,3,90,,402,67,,1,365,365,73,53,1,5,1967
11,68,1,4,524,2882,X,18F,3f,1L,Ja,0,1,,3,100,,467,67,,1,369,4,1,1,1,2,1968
11,68,1,4,819,2883,X,20F,8e,1L,Ja,1,2,1,,53,,250,66,,1,734,4,1,1,2,2,1968
11,67,52,4,820,2884,F,19E,7j,1L,Ja,2,2,,,47,,454,65,,1,1092,362,73,52,2,2,1967
11,67,51,4,307,2885,V,19E,7j,1L,Ja,3,1,,,54,,454,64,,1,1450,355,71,51,1,2,1967
11,68,1,4,821,2886,X,20F,7h,1L,Ja,3,1,,1,60,,147,64,,1,1464,4,1,1,1,2,1968
11,68,1,3,951,2887,X,20F,7h,1L,Ja,0,2,1,,46,,147,67,,1,368,3,1,1,2,2,1968
11,68,1,3,1051,2888,U,19G,0c,1L,Ja,0,2,1,,59,,6,67,,1,368,3,1,1,2,2,1968
11,68,1,5,2320,2889,X,18F,0c,1L,Ja,1,2,,,60,,308,66,,1,735,5,1,1,2,2,1968
11,67,52,6,1052,2890,U,01D,9j,4S,Sk,6,1,,3,88,,402,61,,1,2554,364,73,52,1,5,1967
11,67,51,4,822,2891,F,10E,7c,2H,Vr,0,2,,,55,,46,67,,1,355,355,71,51,2,3,1967
11,68,1,5,823,2892,S,09G,7a,3U,Og,1,1,,3,52,,43,66,,1,735,5,1,1,1,5,1968
11,68,1,4,1628,2893,V,03F,7d,4S,Bl,0,1,,,116,,449,67,,1,369,4,1,1,1,5,1968
11,68,1,6,824,2894,X,17E,7d,1L,Ja,0,1,,3,51,,321,67,,1,371,6,2,1,1,2,1968
11,68,2,1,825,2895,X,17E,9c,1L,Ja,0,1,,3,61,,116,67,,1,373,8,2,2,1,2,1968
11,68,1,5,3050,2896,X,16E,6g,1L,Hr,8,2,1,,65,,103,59,,1,3290,5,1,1,2,2,1968
11,68,1,2,3051,2897,X,16E,6g,1L,Hr,0,1,,1,52,,103,67,,1,367,2,1,1,1,2,1968
11,67,52,6,1349,2898,S,03C,6c,4S,Sk,2,1,,3,102,,2,65,,1,1094,364,73,52,1,5,1967
11,67,52,5,1439,2899,K,03C,6c,4S,Sk,2,2,1,1,62,,2,65,,1,1093,363,73,52,2,5,1967
11,68,1,3,1440,2900,S,03C,6c,4S,Sk,0,2,,,61,,2,67,,1,368,3,1,1,2,5,1968
11,67,51,4,1147,2901,S,03C,6c,4S,Sk,0,1,,3,83,,2,67,,1,355,355,71,51,1,5,1967
11,67,50,6,3052,2902,V,29J,7h,1L,Lp,0,2,1,,,44,238,67,,1,350,350,70,50,2,2,1967
11,67,50,6,3053,2903,V,29J,7h,1L,Lp,0,2,1,,,41,238,67,,1,350,350,70,50,2,2,1967
11,68,1,6,1053,2904,G,13F,3c,2H,Dr,0,1,,1,47,,80,67,,1,371,6,2,1,1,3,1968
11,68,1,4,952,2905,X,19F,7e,1L,Ja,0,1,,3,57,,217,67,,1,369,4,1,1,1,2,1968
11,68,1,6,118,2906,V,10E,8f,2H,Vr,0,1,,3,55,,249,67,,1,371,6,2,1,1,3,1968
11,68,2,1,3054,2907,F,11E,7c,2H,Vr,0,1,,3,,,38,67,,1,373,8,2,2,1,3,1968
11,68,2,2,826,2908,X,19E,1c,1L,Ja,1,1,,1,69,,310,66,,1,739,9,2,2,1,2,1968
11,68,2,2,827,2909,D,19E,5g,1L,Ja,4,1,,2,75,,179,63,,1,1834,9,2,2,1,2,1968
11,68,1,1,828,2910,X,19E,5g,1L,Ja,1,1,,1,71,,179,66,,1,731,1,1,1,1,2,1968
11,68,1,1,2236,2911,V,19G,1e,1L,Ja,1,1,,3,85,,271,66,,1,731,1,1,1,1,2,1968
11,67,52,5,1231,2912,S,02D,8g,4S,Sk,2,1,,3,74,,9,65,,1,1093,363,73,52,1,5,1967
11,67,51,4,1054,2913,D,02D,8g,4S,Sk,1,2,1,,58,,9,66,,1,720,355,71,51,2,5,1967
11,67,50,5,3055,2914,D,12I,1b,3U,Up,1,1,,,91,,415,66,,1,714,349,70,50,1,4,1967
11,67,51,7,3056,2915,G,11I,8a,3U,Up,0,1,,3,72,,415,67,,1,358,358,72,52,1,4,1967
11,68,2,2,1350,2916,G,12I,8h,3U,Up,0,2,1,,43,,26,67,,1,374,9,2,2,2,4,1968
11,68,2,2,629,2917,X,18F,3f,1L,Ja,2,2,,,79,,467,65,,1,1104,9,2,2,2,2,1968
11,68,2,7,1055,2918,K,11H,4h,3U,Up,1,1,,3,75,,174,66,,1,744,14,3,2,1,4,1968
11,67,51,5,3057,2919,F,18F,6a,1L,Ja,0,1,,2,73,,52,67,,1,356,356,72,51,1,2,1967
11,67,51,5,3058,2920,F,18F,6a,1L,Ja,1,1,,3,80,,52,66,,1,721,356,72,51,1,2,1967
11,67,52,4,3059,2921,S,18F,6a,1L,Ja,0,1,,,90,,52,67,,1,362,362,73,52,1,2,1967
11,68,1,3,3000,2922,S,18F,6a,1L,Ja,0,1,,1,70,,52,67,,1,368,3,1,1,1,2,1968
11,67,52,3,3001,2923,S,18F,6a,1L,Ja,0,1,,3,55,,52,67,,1,361,361,73,52,1,2,1967
11,67,51,4,3002,2924,S,18F,6a,1L,Ja,3,1,,1,73,,52,64,,1,1450,355,71,51,1,2,1967
11,68,1,6,3003,2925,X,19E,3i,1L,Ja,0,2,,,40,,52,67,,1,371,6,2,1,2,2,1968
11,68,1,3,3004,2926,S,18F,6a,1L,Ja,0,1,,1,60,,52,67,,1,368,3,1,1,1,2,1968
11,68,1,7,3005,2927,V,19E,3i,1L,Ja,1,2,,,53,,52,66,,1,737,7,2,1,2,2,1968
11,67,52,4,3006,2928,F,18F,6a,1L,Ja,0,1,,3,42,,52,67,,1,362,362,73,52,1,2,1967
11,68,1,7,3007,2929,X,19E,3i,1L,Ja,3,1,,1,93,,52,64,,1,1467,7,2,1,1,2,1968
11,68,1,2,3008,2930,X,19F,4a,1L,Ja,0,2,,,65,,52,67,,1,367,2,1,1,2,2,1968
11,68,1,3,3009,2931,X,19F,4a,1L,Ja,0,1,,1,40,,52,67,,1,368,3,1,1,1,2,1968
11,68,1,6,3010,2932,X,19E,3i,1L,Ja,0,1,,1,72,,52,67,,1,371,6,2,1,1,2,1968
11,68,1,5,3011,2933,U,19E,3i,1L,Ja,0,2,,,54,,52,67,,1,370,5,1,1,2,2,1968
11,68,1,3,3012,2934,S,18F,6a,1L,Ja,0,1,,,74,,52,67,,1,368,3,1,1,1,2,1968
11,67,52,3,738,2935,F,18F,6a,1L,Ja,0,2,,,57,,52,67,,1,361,361,73,52,2,2,1967
11,68,1,4,3013,2936,X,19E,3i,1L,Ja,0,1,,1,34,,52,67,,1,369,4,1,1,1,2,1968
11,68,2,3,953,2937,S,18E,3f,1L,Ja,0,1,,2,55,,297,67,,1,375,10,2,2,1,2,1968
11,68,2,3,739,2938,X,18E,3f,1L,Ja,1,1,,1,69,,297,66,,1,740,10,2,2,1,2,1968
11,68,2,2,1056,2939,S,18E,3f,1L,Ja,0,2,1,1,44,,297,67,,1,374,9,2,2,2,2,1968
11,68,2,3,1232,2940,F,11H,2j,3U,Up,0,1,,3,56,,341,67,,1,375,10,2,2,1,4,1968
11,68,2,3,740,2941,D,12I,8h,3U,Up,2,2,1,1,61,,26,65,,1,1105,10,2,2,2,4,1968
11,68,1,3,413,2942,V,28L,9d,1L,Lp,1,2,,,,,122,66,,1,733,3,1,1,2,2,1968
11,68,2,1,630,2943,S,28L,9d,1L,Lp,6,2,1,,,,122,61,,1,2563,8,2,2,2,2,1968
11,68,1,5,741,2944,V,28L,9d,1L,Lp,0,1,,,,,122,67,,1,370,5,1,1,1,2,1968
11,68,2,2,1233,2945,F,11E,6f,2H,Vs,1,2,1,,48,,137,66,,1,739,9,2,2,2,4,1968
11,68,2,3,3014,2946,D,19E,6a,1L,Ja,1,1,,1,65,,45,66,,1,740,10,2,2,1,2,1968
11,68,2,6,119,2947,V,10H,2i,3U,So,0,2,1,1,52,,47,67,,1,378,13,3,2,2,4,1968
11,68,2,4,954,2948,X,20F,8e,1L,Ja,1,1,,1,59,,250,66,,1,741,11,3,2,1,2,1968
11,68,2,5,14,2949,V,11E,4f,2H,Vs,1,1,,3,,,275,66,,1,742,12,3,2,1,4,1968
11,68,2,5,955,2950,X,20F,7h,1L,Ja,0,2,1,,41,,147,67,,1,377,12,3,2,2,2,1968
11,68,2,5,956,2951,S,19E,6a,1L,Ja,2,1,,1,66,,45,65,,1,1107,12,3,2,1,2,1968
11,68,2,5,829,2952,X,19G,0c,1L,Ja,0,1,,3,66,,6,67,,1,377,12,3,2,1,2,1968
11,68,2,3,957,2953,X,20F,7h,1L,Ja,0,1,,3,54,,147,67,,1,375,10,2,2,1,2,1968
11,68,2,4,958,2954,X,20F,7h,1L,Ja,0,2,1,,52,,147,67,,1,376,11,3,2,2,2,1968
11,68,1,2,742,2955,X,18F,2g,1L,Ja,2,1,,1,,,115,65,,1,1097,2,1,1,1,2,1968
11,68,2,1,830,2956,X,18F,2g,1L,Ja,1,1,,1,,,115,66,,1,738,8,2,2,1,2,1968
11,68,2,3,631,2957,X,18F,2g,1L,Ja,1,1,,2,,,115,66,,1,740,10,2,2,1,2,1968
11,68,2,2,831,2958,X,18F,2g,1L,Ja,1,1,,1,,,115,66,,1,739,9,2,2,1,2,1968
11,68,2,2,959,2959,X,19D,5e,1L,Ja,0,2,1,1,,,257,67,,1,374,9,2,2,2,2,1968
11,68,2,3,632,2960,X,17E,9c,1L,Ja,4,1,,3,104,,116,63,,1,1835,10,2,2,1,2,1968
11,68,2,1,900,2961,X,18F,0c,1L,Ja,4,1,,1,49,,308,63,,1,1833,8,2,2,1,2,1968
11,68,1,3,743,2962,X,19G,1e,1L,Ja,1,2,1,,62,,399,66,,1,733,3,1,1,2,2,1968
11,67,52,4,1148,2963,V,19G,1e,1L,Ja,0,2,,,54,,399,67,,1,362,362,73,52,2,2,1967
11,68,1,7,2321,2964,V,19G,1e,1L,Ja,0,1,,3,84,,399,67,,1,372,7,2,1,1,2,1968
11,68,1,7,832,2965,X,19G,1e,1L,Ja,4,1,,,75,,399,63,,1,1832,7,2,1,1,2,1968
11,68,1,7,833,2966,X,17E,7d,1L,Ja,0,2,1,,46,,321,67,,1,372,7,2,1,2,2,1968
11,68,2,6,901,2967,X,17E,7d,1L,Ja,0,2,1,,51,,321,67,,1,378,13,3,2,2,2,1968
11,68,2,5,3015,2968,X,20E,4j,1L,Ja,0,1,,3,,,352,67,,1,377,12,3,2,1,2,1968
11,68,2,6,215,2969,V,10D,8h,2H,Vr,0,2,,,61,,205,67,,1,378,13,3,2,2,3,1968
11,68,2,7,744,2971,X,18F,3f,1L,Ja,0,2,,,75,,467,67,,1,379,14,3,2,2,2,1968
11,68,2,6,633,2972,X,18F,3f,1L,Ja,0,2,,,72,,467,67,,1,378,13,3,2,2,2,1968
11,68,2,6,834,2973,X,17E,7d,1L,Ja,2,2,1,,58,,321,65,,1,1108,13,3,2,2,2,1968
11,68,2,7,902,2974,X,17E,7d,1L,Ja,4,2,1,,65,,321,63,,1,1839,14,3,2,2,2,1968
11,68,2,7,745,2975,X,19E,5g,1L,Ja,0,1,,3,43,,179,67,,1,379,14,3,2,1,2,1968
11,68,2,4,835,2976,X,19E,5g,1L,Ja,1,1,,3,95,,179,66,,1,741,11,3,2,1,2,1968
11,68,2,5,1629,2977,S,19E,1c,1L,Ja,1,2,,,63,,310,66,,1,742,12,3,2,2,2,1968
11,68,2,5,836,2978,F,19E,1c,1L,Ja,1,1,,2,73,,310,66,,1,742,12,3,2,1,2,1968
11,68,2,5,903,2979,X,19E,1c,1L,Ja,0,1,,3,62,,310,67,,1,377,12,3,2,1,2,1968
11,68,2,6,837,2980,X,19E,1c,1L,Ja,0,2,1,,61,,310,67,,1,378,13,3,2,2,2,1968
11,68,2,7,1057,2981,X,18F,0c,1L,Ja,1,2,,,45,,308,66,,1,744,14,3,2,2,2,1968
11,68,2,7,1441,2982,X,18F,0c,1L,Ja,4,2,,,49,,308,63,,1,1839,14,3,2,2,2,1968
11,68,2,7,1351,2983,D,13F,3c,2H,Dr,1,1,,3,56,,80,66,,1,744,14,3,2,1,3,1968
11,68,2,4,3016,2984,F,18E,6h,1L,Ja,0,2,,,51,,52,67,,1,376,11,3,2,2,2,1968
11,68,2,5,3017,2985,S,18E,6h,1L,Ja,1,1,,1,65,,52,66,,1,742,12,3,2,1,2,1968
11,68,2,3,838,2986,S,18E,6h,1L,Ja,0,1,,1,69,,52,67,,1,375,10,2,2,1,2,1968
11,68,2,6,1234,2987,F,11E,6f,2H,Vs,1,1,,1,57,,137,66,,1,743,13,3,2,1,4,1968
11,67,52,7,3018,2988,X,19E,2i,1L,Ja,0,1,,1,55,,211,67,,1,365,365,73,53,1,2,1967
11,68,1,0,3019,2989,X,18F,9a,1L,Ja,2,1,,3,,65,211,65,,1,1099,4,1,1,1,2,1968
11,68,1,0,3020,2990,X,19E,2h,1L,Ja,3,1,,,,78,211,64,,1,1464,4,1,1,1,2,1968
11,68,1,0,3021,2991,X,19E,2i,1L,Ja,0,1,,1,,65,211,67,,1,369,4,1,1,1,2,1968
11,68,1,0,3022,2992,X,19E,2i,1L,Ja,0,2,1,,,45,211,67,,1,369,4,1,1,2,2,1968
11,68,1,0,3023,2993,X,19E,2i,1L,Ja,1,2,1,,,47,211,66,,1,734,4,1,1,2,2,1968
11,68,1,0,3024,2994,X,19E,2i,1L,Ja,0,1,,3,,46,211,67,,1,369,4,1,1,1,2,1968
11,68,1,0,3025,2995,X,19E,2h,1L,Ja,1,1,,1,,60,211,66,,1,734,4,1,1,1,2,1968
11,68,1,0,3026,2996,X,18F,9a,1L,Ja,0,1,,3,,46,211,67,,1,369,4,1,1,1,2,1968
11,68,1,0,3027,2997,X,19E,2h,1L,Ja,0,2,1,,,50,211,67,,1,369,4,1,1,2,2,1968
11,68,1,0,3028,2998,X,19E,2i,1L,Ja,0,2,1,,,57,211,67,,1,369,4,1,1,2,2,1968
11,68,2,7,1058,2999,X,20E,1j,1L,Ja,0,2,,,42,,108,67,,1,379,14,3,2,2,2,1968
11,67,46,3,3029,3000,F,11D,3h,2H,Vr,1,2,,,,,262,66,,1,684,319,64,46,2,3,1967
11,67,50,7,1149,3001,G,11D,4b,2H,Vr,5,1,,1,89,,336,62,,1,2176,351,71,51,1,3,1967
11,67,51,6,1535,3002,G,11D,4b,2H,Vr,1,1,,1,85,,336,66,,1,722,357,72,51,1,3,1967
11,67,50,3,2237,3003,V,11D,4b,2H,Vr,0,2,,,60,,336,67,,1,347,347,70,50,2,3,1967
11,68,1,2,839,3004,F,11D,4b,2H,Vr,0,1,,3,67,,336,67,,1,367,2,1,1,1,3,1968
11,68,2,6,15,3005,V,11D,4b,2H,Vr,2,1,,3,80,,336,65,,1,1108,13,3,2,1,3,1968
11,67,49,7,1235,3006,U,29J,7h,1L,Lp,0,2,1,,,,238,67,,1,344,344,69,50,2,2,1967
11,68,3,3,904,3007,G,10H,1g,3U,So,0,2,1,,48,,138,67,,1,382,17,4,3,2,4,1968
11,68,2,7,3030,3008,F,19E,6a,1L,Ja,0,1,,1,61,,52,67,,1,379,14,3,2,1,2,1968
11,68,3,1,3031,3009,S,19E,6a,1L,Ja,0,1,,3,79,,52,67,,1,380,15,3,3,1,2,1968
11,68,2,6,1442,3010,S,18E,6h,1L,Ja,2,1,,1,74,,52,65,,1,1108,13,3,2,1,2,1968
11,68,2,5,746,3011,F,18F,6a,1L,Ja,1,1,,3,80,,52,66,,1,742,12,3,2,1,2,1968
11,68,2,7,905,3012,F,19E,6a,1L,Ja,0,2,,,51,,52,67,,1,379,14,3,2,2,2,1968
11,68,2,7,2238,3013,V,18E,6h,1L,Ja,0,2,1,,48,,52,67,,1,379,14,3,2,2,2,1968
11,68,2,5,16,3014,V,10D,5e,2H,Vr,1,1,,3,,,96,66,,1,742,12,3,2,1,3,1968
11,68,3,2,840,3015,X,19E,1c,1L,Ja,1,1,,1,71,,310,66,,1,746,16,4,3,1,2,1968
11,68,2,6,906,3016,X,20F,7h,1L,Ja,0,2,1,,47,,147,67,,1,378,13,3,2,2,2,1968
11,68,3,2,907,3017,X,20F,8e,1L,Ja,1,1,,1,63,,250,66,,1,746,16,4,3,1,2,1968
11,68,2,7,1236,3018,D,12I,8h,3U,Up,1,2,1,,42,,26,66,,1,744,14,3,2,2,4,1968
11,68,2,6,747,3019,F,19G,1e,1L,Ja,0,1,,3,55,,271,67,,1,378,13,3,2,1,2,1968
11,68,3,1,2239,3020,V,19G,1e,1L,Ja,1,1,,3,56,,271,66,,1,745,15,3,3,1,2,1968
11,67,52,4,1150,3021,G,12D,4f,2H,Vr,2,1,,1,70,,425,65,,1,1092,362,73,52,1,3,1967
11,67,52,2,1443,3022,G,12D,4f,2H,Vr,2,1,,2,61,,425,65,,1,1090,360,72,52,1,3,1967
11,67,51,7,908,3023,G,12D,4f,2H,Vr,1,2,1,,61,,425,66,,1,723,358,72,52,2,3,1967
11,67,51,6,1237,3024,G,12D,4f,2H,Vr,2,1,,3,96,,425,65,,1,1087,357,72,51,1,3,1967
11,67,50,5,841,3025,F,12D,4f,2H,Vr,0,1,,3,65,,425,67,,1,349,349,70,50,1,3,1967
11,67,51,7,1238,3026,G,12D,4f,2H,Vr,1,2,1,1,51,,425,66,,1,723,358,72,52,2,3,1967
11,68,3,3,1917,3027,X,18F,3f,1L,Ja,1,1,,1,91,,467,66,,1,747,17,4,3,1,2,1968
11,68,2,2,3032,3028,D,10I,1i,3U,So,2,2,1,1,,59,32,65,,1,1104,9,2,2,2,4,1968
11,68,2,2,3033,3029,G,10I,1i,3U,So,3,2,1,,71,,32,64,,1,1469,9,2,2,2,4,1968
11,68,2,2,3034,3030,G,10I,1i,3U,So,1,2,1,,56,,32,66,,1,739,9,2,2,2,4,1968
11,68,3,1,3035,3031,D,10I,1i,3U,So,2,2,1,1,,42,32,65,,1,1110,15,3,3,2,4,1968
11,68,3,4,842,3032,X,19G,0c,1L,Ja,0,1,,3,44,,6,67,,1,383,18,4,3,1,2,1968
11,68,2,5,909,3033,D,03E,7g,4S,Bl,2,1,,,75,,416,65,,1,1107,12,3,2,1,5,1968
11,67,52,7,910,3034,F,18C,4j,1L,Ja,1,2,,,37,,363,66,,1,730,365,73,53,2,2,1967
11,68,3,3,1239,3035,F,09H,7f,3U,So,0,2,,,43,,117,67,,1,382,17,4,3,2,4,1968
11,68,3,5,911,3036,X,19E,1c,1L,Ja,2,2,1,,68,,310,65,,1,1114,19,4,3,2,2,1968
11,68,2,5,2240,3037,V,10C,2i,2H,Vr,2,1,,3,,,202,65,,1,1107,12,3,2,1,3,1968
11,68,2,5,17,3038,V,10C,2i,2H,Vr,0,1,,3,,,202,67,,1,377,12,3,2,1,3,1968
11,68,3,7,1352,3039,D,11I,3f,3U,Up,1,1,,,,69,439,66,,1,751,21,5,3,1,4,1968
11,68,3,5,912,3040,X,18F,0c,1L,Ja,1,2,1,,47,,308,66,,1,749,19,4,3,2,2,1968
11,68,3,4,1240,3041,G,11F,2d,2H,Vs,3,2,1,,72,,410,64,,1,1478,18,4,3,2,4,1968
11,68,2,3,1059,3042,D,03F,6b,4S,Bl,0,1,,3,58,,416,67,,1,375,10,2,2,1,5,1968
11,68,3,7,1241,3043,G,12I,8h,3U,Up,0,2,1,,53,,26,67,,1,386,21,5,3,2,4,1968
11,68,3,7,843,3044,X,20E,1j,1L,Ja,0,2,1,,36,,108,67,,1,386,21,5,3,2,2,1968
11,68,3,2,748,3045,X,18E,3f,1L,Ja,0,1,,1,61,,297,67,,1,381,16,4,3,1,2,1968
11,68,2,7,844,3046,S,18E,3f,1L,Ja,1,2,,,42,,297,66,,1,744,14,3,2,2,2,1968
11,68,3,7,217,3047,V,11C,8a,2H,Vr,0,1,,3,60,,397,67,,1,386,21,5,3,1,3,1968
11,68,3,7,120,3048,V,11C,8a,2H,Vr,2,2,1,,66,,397,65,,1,1116,21,5,3,2,3,1968
11,68,3,2,845,3049,X,19G,1e,1L,Ja,4,1,,1,56,,399,63,,1,1841,16,4,3,1,2,1968
11,68,3,6,1000,3050,D,10E,4a,2H,Vr,2,1,,3,63,,21,65,,1,1115,20,4,3,1,3,1968
11,68,2,7,913,3051,X,19G,1e,1L,Ja,1,2,1,,62,,399,66,,1,744,14,3,2,2,2,1968
11,68,3,3,1001,3053,G,03F,8d,4S,Bl,1,2,1,,70,,416,66,,1,747,17,4,3,2,5,1968
11,68,4,1,1002,3054,F,18E,6h,1L,Ja,0,1,,3,70,,52,67,,1,387,22,5,4,1,2,1968
11,68,4,1,846,3055,F,18E,6h,1L,Ja,8,2,,,55,,52,57,,1,4037,22,5,4,2,2,1968
11,68,2,7,749,3056,D,18F,6a,1L,Ja,4,1,,3,90,,52,63,,1,1839,14,3,2,1,2,1968
11,68,2,7,847,3057,F,18F,6a,1L,Ja,3,1,,3,75,,52,64,,1,1474,14,3,2,1,2,1968
11,68,2,7,750,3058,V,28L,9d,1L,Lp,0,2,,,,,122,67,,1,379,14,3,2,2,2,1968
11,67,52,5,121,3059,V,29J,7h,1L,Lp,0,2,1,,32,,255,67,,1,363,363,73,52,2,2,1967
11,68,3,1,848,3060,X,19E,0i,1L,Ja,0,2,,,72,,429,67,,1,380,15,3,3,2,2,1968
11,67,51,3,3036,3061,X,19E,0i,1L,Ja,0,1,,1,63,,429,67,,1,354,354,71,51,1,2,1967
11,68,3,6,1353,3062,D,11E,7f,2H,Vs,0,1,,3,70,,176,67,,1,385,20,4,3,1,4,1968
11,68,3,3,3037,3063,S,11E,9d,2H,Vs,1,1,,,46,,50,66,,1,747,17,4,3,1,4,1968
11,68,4,2,849,3064,F,11E,8e,2H,Vs,1,2,1,,,43,188,66,,1,753,23,5,4,2,4,1968
11,68,3,7,850,3065,G,18E,3f,1L,Ja,2,2,1,,55,,297,65,,1,1116,21,5,3,2,2,1968
11,68,4,3,414,3066,V,29J,7h,1L,Lp,0,1,,3,51,,255,67,,1,389,24,5,4,1,2,1968
11,68,4,3,1003,3067,F,18F,6a,1L,Ja,0,2,1,,40,,52,67,,1,389,24,5,4,2,2,1968
11,68,4,2,851,3068,D,18F,6a,1L,Ja,2,2,,,56,,52,65,,1,1118,23,5,4,2,2,1968
11,68,4,1,1444,3069,D,03C,6c,4S,Sk,0,1,,3,93,,2,67,,1,387,22,5,4,1,5,1968
11,68,2,7,1151,3070,G,03C,6c,4S,Sk,0,2,,,64,,2,67,,1,379,14,3,2,2,5,1968
11,68,3,1,3038,3071,$,11E,9f,2H,Vs,1,2,,,38,,351,66,,1,745,15,3,3,2,4,1968
11,67,46,8,3039,3072,U,11F,2d,2H,Vs,2,2,,,,,410,65,,1,1050,320,-9,-9,2,4,1967
11,67,41,8,3040,3073,U,11F,2d,2H,Vs,1,2,,,,,410,66,,1,650,285,-9,-9,2,4,1967
11,67,45,8,3041,3074,U,11F,2d,2H,Vs,0,1,,,,,410,67,,1,313,313,-9,-9,1,4,1967
11,67,45,8,3042,3075,U,11F,2c,2H,Vs,0,2,,,,,410,67,,1,313,313,-9,-9,2,4,1967
11,67,44,5,3043,3076,U,11F,8b,2H,Vs,0,1,,,,,272,67,,1,307,307,62,44,1,4,1967
11,67,48,4,3044,3077,U,11F,8b,2H,Vs,0,2,,,,,272,67,,1,334,334,67,48,2,4,1967
11,68,1,2,3045,3078,F,11F,8b,2H,Vs,0,2,1,1,,,272,67,,1,367,2,1,1,2,4,1968
11,68,4,1,3046,3079,U,11F,8b,2H,Vs,0,1,,3,,,272,67,,1,387,22,5,4,1,4,1968
11,68,4,4,3047,3080,G,11F,2d,2H,Vs,1,2,1,,,,410,66,,1,755,25,5,4,2,4,1968
11,67,52,3,3048,3081,U,11F,8b,2H,Vs,1,2,1,,,,272,66,,1,726,361,73,52,2,4,1967
11,68,3,8,3049,3082,F,09C,8j,2H,Vr,1,1,,,,,28,66,,1,748,18,-9,-9,1,3,1968
11,68,1,7,751,3083,F,09C,8j,2H,Vr,1,2,,,,,28,66,,1,737,7,2,1,2,3,1968
11,68,3,1,2322,3084,V,09C,8j,2H,Vr,3,1,,3,100,,28,64,,1,1475,15,3,3,1,3,1968
11,68,2,7,2323,3085,V,09C,8j,2H,Vr,1,2,,,75,,28,66,,1,744,14,3,2,6,3,1968
11,68,2,7,2324,3086,V,09C,8j,2H,Vr,0,1,,,70,,28,67,,1,379,14,3,2,5,3,1968
11,68,4,6,914,3087,X,19E,1c,1L,Ja,0,1,,3,61,,310,67,,1,392,27,6,4,1,2,1968
11,68,3,7,1354,3088,G,11C,4d,2H,Vr,1,2,,,50,,95,66,,1,751,21,5,3,2,3,1968
11,68,3,3,3050,3089,F,19E,3i,1L,Ja,4,2,,,58,,52,63,,1,1842,17,4,3,2,2,1968
11,68,3,2,3051,3090,F,19E,3i,1L,Ja,0,2,,,51,,52,67,,1,381,16,4,3,2,2,1968
11,68,3,1,852,3091,F,19E,3i,1L,Ja,1,1,,3,87,,52,66,,1,745,15,3,3,1,2,1968
11,68,4,4,915,3092,F,18F,6a,1L,Ja,2,1,,3,69,,52,65,,1,1120,25,5,4,1,2,1968
11,68,1,1,1536,3093,U,02C,7i,4S,Sk,0,2,,,78,,263,67,,1,366,1,1,1,2,5,1968
11,68,1,1,1445,3094,U,02C,7i,4S,Sk,0,1,,3,83,,263,67,,1,366,1,1,1,1,5,1968
11,67,51,6,1152,3095,U,02C,7i,4S,Sk,1,1,,3,98,,263,66,,1,722,357,72,51,1,5,1967
11,68,4,6,1537,3096,F,09I,9b,3U,So,0,1,,3,68,,343,67,,1,392,27,6,4,1,4,1968
11,68,4,2,1153,3097,K,03C,4f,4S,Sk,1,2,1,,71,,11,66,,1,753,23,5,4,2,5,1968
11,68,4,1,122,3098,V,12C,5e,2H,Vr,0,2,1,,49,,295,67,,1,387,22,5,4,2,3,1968
11,68,4,2,1538,3099,K,03C,4f,4S,Sk,1,2,2,1,69,,11,66,,1,753,23,5,4,2,5,1968
11,68,4,6,1355,3100,K,03C,4f,4S,Sk,1,2,1,1,67,,11,66,,1,757,27,6,4,2,5,1968
11,68,4,2,218,3101,V,12C,5e,2H,Vr,2,1,,,52,,295,65,,1,1118,23,5,4,1,3,1968
11,68,1,4,415,3102,V,12C,5e,2H,Vr,0,1,,3,64,,295,67,,1,369,4,1,1,1,3,1968
11,68,4,3,123,3103,V,12C,5e,2H,Vr,1,1,,3,51,,295,66,,1,754,24,5,4,1,3,1968
11,68,2,3,416,3104,V,12C,5e,2H,Vr,0,1,,1,,,295,67,,1,375,10,2,2,1,3,1968
11,68,3,1,1004,3105,L,11H,3j,3U,Up,0,2,1,1,55,,341,67,,1,380,15,3,3,2,4,1968
11,68,4,7,853,3106,X,19G,0c,1L,Ja,2,2,1,,49,,6,65,,1,1123,28,6,4,2,2,1968
11,68,2,5,916,3107,F,18E,9j,1L,Ja,1,1,,,61,,224,66,,1,742,12,3,2,1,2,1968
11,68,1,4,917,3108,F,18E,9j,1L,Ja,0,1,,3,50,,224,67,,1,369,4,1,1,1,2,1968
11,68,2,2,1005,3109,F,18E,9j,1L,Ja,0,1,,3,63,,224,67,,1,374,9,2,2,1,2,1968
11,68,2,7,1006,3110,F,18E,9j,1L,Ja,1,1,,1,57,,224,66,,1,744,14,3,2,1,2,1968
11,68,2,4,854,3111,F,18E,9j,1L,Ja,0,1,,3,52,,224,67,,1,376,11,3,2,1,2,1968
11,68,3,2,855,3112,F,18E,9j,1L,Ja,0,2,1,,38,,224,67,,1,381,16,4,3,2,2,1968
11,68,1,1,918,3113,F,18E,9j,1L,Ja,0,1,,1,48,,224,67,,1,366,1,1,1,1,2,1968
11,68,1,1,856,3114,F,18E,9j,1L,Ja,0,2,1,,37,,224,67,,1,366,1,1,1,2,2,1968
11,68,1,7,919,3115,F,18E,9j,1L,Ja,1,2,,,46,,224,66,,1,737,7,2,1,2,2,1968
11,68,2,1,920,3116,F,18E,9j,1L,Ja,0,2,1,,60,,224,67,,1,373,8,2,2,2,2,1968
11,68,3,5,1007,3117,S,09G,7f,3U,So,4,1,,3,77,,280,63,,1,1844,19,4,3,1,4,1968
11,68,4,6,921,3118,S,03F,6b,4S,Bl,0,2,1,1,52,,416,67,,1,392,27,6,4,2,5,1968
11,68,1,5,1008,3119,G,16E,1c,1L,Hr,0,2,1,,58,,319,67,,1,370,5,1,1,2,2,1968
11,68,1,7,1154,3120,D,16E,1c,1L,Hr,0,1,,3,65,,319,67,,1,372,7,2,1,1,2,1968
11,68,2,5,1009,3121,D,16E,1c,1L,Hr,1,1,,1,56,,319,66,,1,742,12,3,2,1,2,1968
11,68,4,7,3052,3122,G,11J,1d,3U,Up,3,2,2,,65,,59,64,,1,1488,28,6,4,2,4,1968
11,68,4,7,3053,3123,G,11J,0b,3U,Up,3,1,,3,80,,59,64,,1,1488,28,6,4,1,4,1968
11,68,4,7,1630,3124,G,13E,2j,2H,Dr,6,1,,3,85,,80,61,,1,2583,28,6,4,1,3,1968
11,68,5,2,922,3125,X,19E,1c,1L,Ja,3,2,1,,62,,310,64,,1,1490,30,6,5,2,2,1968
11,68,5,1,634,3126,X,18F,3f,1L,Ja,0,2,,,64,,467,67,,1,394,29,6,5,2,2,1968
11,68,3,5,923,3127,D,03F,8d,4S,Bl,0,1,,3,66,,416,67,,1,384,19,4,3,1,5,1968
11,68,4,6,752,3128,F,18F,3f,1L,Ja,0,2,,,61,,467,67,,1,392,27,6,4,2,2,1968
11,68,5,1,924,3129,X,20F,7h,1L,Ja,0,2,1,1,43,,147,67,,1,394,29,6,5,2,2,1968
11,68,5,1,925,3130,X,20F,7h,1L,Ja,0,1,,3,52,,147,67,,1,394,29,6,5,1,2,1968
11,68,4,1,926,3131,X,20F,7h,1L,Ja,0,1,,1,52,,147,67,,1,387,22,5,4,1,2,1968
11,68,5,1,927,3132,X,20F,7h,1L,Ja,3,2,1,,56,,147,64,,1,1489,29,6,5,2,2,1968
11,68,3,5,928,3133,X,20F,7h,1L,Ja,1,1,,3,60,,147,66,,1,749,19,4,3,1,2,1968
11,68,5,1,857,3134,X,20E,1j,1L,Ja,3,1,,3,64,,108,64,,1,1489,29,6,5,1,2,1968
11,68,1,5,1155,3135,D,14C,1e,2H,Vr,0,1,,1,59,,446,67,,1,370,5,1,1,1,3,1968
11,68,5,2,1010,3136,D,10G,4d,3U,So,0,1,,3,,,27,67,,1,395,30,6,5,1,4,1968
11,68,4,7,635,3137,F,11F,8b,2H,Vs,0,1,,,68,,272,67,,1,393,28,6,4,1,4,1968
11,68,5,3,636,3138,X,18F,3f,1L,Ja,0,1,,3,75,,467,67,,1,396,31,7,5,1,2,1968
11,67,51,5,929,3139,D,14C,1e,2H,Vr,1,1,,1,97,,446,66,,1,721,356,72,51,1,3,1967
11,68,2,7,1243,3140,G,12D,4f,2H,Vr,8,1,,1,55,,425,59,,1,3299,14,3,2,1,3,1968
11,68,3,6,1539,3141,G,12D,4f,2H,Vr,0,1,,3,51,,425,67,,1,385,20,4,3,1,3,1968
11,68,3,7,930,3142,G,12D,4f,2H,Vr,0,1,,3,62,,425,67,,1,386,21,5,3,1,3,1968
11,68,3,6,1825,3143,F,12D,4f,2H,Vr,2,1,,3,72,,425,65,,1,1115,20,4,3,1,3,1968
11,68,5,2,1011,3144,F,18F,6a,1L,Ja,0,1,,3,49,,52,67,,1,395,30,6,5,1,2,1968
11,68,5,1,18,3145,V,29J,7h,1L,Lp,0,1,,3,50,,255,67,,1,394,29,6,5,1,2,1968
11,68,5,1,753,3146,F,18F,6a,1L,Ja,0,1,,3,70,,52,67,,1,394,29,6,5,1,2,1968
11,68,5,3,754,3147,S,18F,6a,1L,Ja,0,2,,,49,,52,67,,1,396,31,7,5,2,2,1968
11,68,5,3,1631,3148,X,19E,1c,1L,Ja,0,1,,3,56,,310,67,,1,396,31,7,5,1,2,1968
11,68,5,3,219,3149,V,03E,9e,4S,Bl,0,2,1,1,55,,416,67,,1,396,31,7,5,2,5,1968
11,68,5,2,124,3150,V,18C,0f,1L,Hr,1,1,,1,75,,299,66,,1,760,30,6,5,1,2,1968
11,68,5,5,1446,3151,S,10H,4c,3U,So,2,1,,3,74,,246,65,,1,1128,33,7,5,1,4,1968
11,68,5,5,1447,3152,S,10H,4c,3U,So,0,1,,3,76,,246,67,,1,398,33,7,5,1,4,1968
11,68,5,1,1012,3153,S,16D,8d,1L,Hr,1,1,,,64,,218,66,,1,759,29,6,5,1,2,1968
11,68,1,2,858,3154,F,16D,8d,1L,Hr,1,2,1,,44,,218,66,,1,732,2,1,1,2,2,1968
11,68,4,1,1356,3155,S,16D,8d,1L,Hr,2,2,1,,72,,218,65,,1,1117,22,5,4,2,2,1968
11,68,2,5,859,3156,F,16D,8d,1L,Hr,1,2,1,,48,,218,66,,1,742,12,3,2,2,2,1968
11,68,5,3,800,3157,X,19G,1e,1L,Ja,1,1,,3,55,,399,66,,1,761,31,7,5,1,2,1968
11,67,50,6,931,3158,D,14C,1e,2H,Vr,4,1,,1,66,,446,63,,1,1810,350,70,50,1,3,1967
11,68,5,7,3054,3159,S,11I,9d,3U,Up,0,1,,3,69,,286,67,,1,400,35,7,5,1,4,1968
11,68,5,7,3055,3160,S,11I,9d,3U,Up,0,1,,3,73,,286,67,,1,400,35,7,5,1,4,1968
11,68,5,3,932,3161,S,19E,6a,1L,Ja,0,1,,3,72,,45,67,,1,396,31,7,5,1,2,1968
11,68,5,7,2241,3162,V,12I,6h,3U,Up,0,1,,3,45,,70,67,,1,400,35,7,5,1,4,1968
11,68,5,1,3056,3163,U,03D,4g,4S,Sk,1,2,,,,,443,66,,1,759,29,6,5,2,5,1968
11,67,52,6,1357,3164,D,03E,2d,4S,Sk,3,2,,,,,443,64,,1,1459,364,73,52,2,5,1967
11,68,5,6,1632,3165,G,11F,3c,2H,Vs,3,2,1,1,64,,410,64,,1,1494,34,7,5,2,4,1968
11,68,5,7,801,3166,X,17E,7d,1L,Ja,1,2,1,,,,321,66,,1,765,35,7,5,2,2,1968
11,68,3,5,802,3167,F,19E,2h,1L,Ja,0,2,1,,55,,211,67,,1,384,19,4,3,2,2,1968
11,68,3,7,755,3168,X,19E,2h,1L,Ja,2,2,1,,66,,211,65,,1,1116,21,5,3,2,2,1968
11,68,4,7,803,3169,X,19E,2h,1L,Ja,1,2,1,,52,,211,66,,1,758,28,6,4,2,2,1968
11,68,5,6,804,3170,X,19E,2h,1L,Ja,1,1,,3,86,,211,66,,1,764,34,7,5,1,2,1968
11,68,5,7,805,3171,X,19E,2h,1L,Ja,1,2,1,,74,,211,66,,1,765,35,7,5,2,2,1968
11,68,5,7,756,3172,X,19E,2h,1L,Ja,3,2,1,,61,,211,64,,1,1495,35,7,5,2,2,1968
11,68,5,7,3057,3173,X,19E,2h,1L,Ja,2,2,1,,58,,211,65,,1,1130,35,7,5,2,2,1968
11,68,4,7,806,3174,X,19E,2i,1L,Ja,0,2,1,,53,,211,67,,1,393,28,6,4,2,2,1968
11,68,4,7,933,3175,X,19E,2i,1L,Ja,0,2,1,,47,,211,67,,1,393,28,6,4,2,2,1968
11,68,3,3,3058,3176,X,20F,6h,1L,Ja,0,1,,3,,50,211,67,,1,382,17,4,3,1,2,1968
11,68,3,1,3059,3177,X,20F,6h,1L,Ja,0,2,1,,,46,211,67,,1,380,15,3,3,2,2,1968
11,68,5,7,1448,3178,D,10G,4d,3U,So,3,2,2,,,,27,64,,1,1495,35,7,5,2,4,1968
11,68,5,7,757,3179,X,19E,5g,1L,Ja,0,1,,3,55,,179,67,,1,400,35,7,5,1,2,1968
11,68,5,6,807,3180,X,19E,5g,1L,Ja,0,1,,3,65,,179,67,,1,399,34,7,5,1,2,1968
11,68,5,7,1013,3181,D,12I,1f,3U,Up,0,1,,3,,,434,67,,1,400,35,7,5,1,4,1968
11,68,5,6,125,3182,V,10E,7f,2H,Vr,3,2,1,,64,,249,64,,1,1494,34,7,5,2,3,1968
11,68,4,1,1449,3183,S,10E,7f,2H,Vr,1,1,,3,60,,249,66,,1,752,22,5,4,1,3,1968
11,68,6,1,1450,3184,D,10G,4d,3U,So,0,2,3,1,,,27,67,,1,401,36,8,6,2,4,1968
11,68,3,1,3000,3185,D,14C,1e,2H,Vr,4,1,,1,82,,446,63,,1,1840,15,3,3,1,3,1968
11,67,51,1,1244,3186,D,14C,1e,2H,Vr,1,1,,1,67,,446,66,,1,717,352,71,51,1,3,1967
11,68,5,6,808,3187,X,18F,0c,1L,Ja,0,1,,3,59,,308,67,,1,399,34,7,5,1,2,1968
11,68,5,7,809,3188,F,20E,1j,1L,Ja,7,1,,1,55,,108,60,,1,2955,35,7,5,1,2,1968
11,68,5,3,220,3189,V,12D,4f,2H,Vr,1,1,,3,63,,425,66,,1,761,31,7,5,1,3,1968
11,68,5,6,934,3190,S,12D,4f,2H,Vr,0,1,,3,64,,425,67,,1,399,34,7,5,1,3,1968
11,68,5,5,2325,3191,V,11E,4b,2H,Vr,1,2,1,,48,,95,66,,1,763,33,7,5,2,3,1968
11,68,2,7,19,3192,V,11E,4b,2H,Vr,7,2,1,,47,,95,60,,1,2934,14,3,2,2,3,1968
11,68,6,1,221,3193,V,09H,2a,3U,So,1,2,,,57,,280,66,,1,766,36,8,6,2,4,1968
11,68,6,3,758,3194,X,19E,1c,1L,Ja,1,1,,3,81,,310,66,,1,768,38,8,6,1,2,1968
11,68,6,3,810,3195,X,19E,1c,1L,Ja,0,2,2,1,57,,310,67,,1,403,38,8,6,2,2,1968
11,68,6,1,935,3196,S,19G,0c,1L,Ja,1,1,,3,71,,6,66,,1,766,36,8,6,1,2,1968
11,68,6,1,811,3197,X,19G,0c,1L,Ja,1,1,,3,64,,6,66,,1,766,36,8,6,1,2,1968
11,68,5,6,1014,3198,S,11H,9j,3U,Up,1,1,,3,78,,408,66,,1,764,34,7,5,1,4,1968
11,68,5,5,2326,3199,V,11F,3c,2H,Vs,1,1,,3,82,,410,66,,1,763,33,7,5,1,4,1968
11,68,6,2,1015,3200,F,09I,9b,3U,So,2,1,,3,74,,343,65,,1,1132,37,8,6,1,4,1968
11,68,5,4,20,3201,V,11D,4b,2H,Vr,1,2,1,1,57,,336,66,,1,762,32,7,5,2,3,1968
11,68,6,3,222,3202,V,11D,4b,2H,Vr,1,2,2,1,61,,336,66,,1,768,38,8,6,2,3,1968
11,68,5,7,637,3203,V,28L,9d,1L,Lp,1,2,,,,,122,66,,1,765,35,7,5,2,2,1968
11,68,6,2,1016,3204,S,02D,1f,4S,Sk,1,1,,3,91,,328,66,,1,767,37,8,6,1,5,1968
11,68,6,2,1017,3205,S,02D,1f,4S,Sk,0,1,,3,102,,328,67,,1,402,37,8,6,1,5,1968
11,68,6,2,1245,3206,S,02D,2f,4S,Sk,0,1,,3,89,,328,67,,1,402,37,8,6,1,5,1968
11,68,6,2,1156,3207,F,11E,6f,2H,Vs,1,1,,3,55,,137,66,,1,767,37,8,6,1,4,1968
11,68,6,3,3001,3208,D,10G,4d,3U,So,0,1,,3,,,27,67,,1,403,38,8,6,1,4,1968
11,68,6,7,126,3209,V,09G,2i,3U,So,1,1,,3,92,,396,66,,1,772,42,9,6,1,4,1968
11,68,6,6,2122,3210,V,09G,2i,3U,So,1,2,,,48,,396,66,,1,771,41,9,6,2,4,1968
11,68,6,3,812,3211,G,02D,0e,4S,Sk,4,1,,3,113,,305,63,,1,1863,38,8,6,1,5,1968
11,68,6,3,1018,3212,F,09I,9b,3U,So,0,1,,3,68,,343,67,,1,403,38,8,6,1,4,1968
11,68,6,4,759,3213,X,19E,5g,1L,Ja,1,2,1,,51,,179,66,,1,769,39,8,6,2,2,1968
11,68,6,4,813,3214,X,19E,5g,1L,Ja,4,1,,3,70,,179,63,,1,1864,39,8,6,1,2,1968
11,68,4,3,814,3215,F,18C,4j,1L,Ja,1,2,,,47,,363,66,,1,754,24,5,4,2,2,1968
11,68,6,5,815,3216,X,17E,7d,1L,Ja,0,2,1,,40,,321,67,,1,405,40,8,6,2,2,1968
11,68,6,5,936,3217,X,17E,7d,1L,Ja,1,1,,3,52,,321,66,,1,770,40,8,6,1,2,1968
11,68,5,6,700,3218,X,18F,2g,1L,Ja,3,2,1,,,,115,64,,1,1494,34,7,5,2,2,1968
11,68,6,3,701,3219,X,18F,2g,1L,Ja,0,1,,3,,,115,67,,1,403,38,8,6,1,2,1968
11,68,6,4,702,3220,X,18F,2g,1L,Ja,1,2,,,,,115,66,,1,769,39,8,6,2,2,1968
11,68,6,3,703,3221,X,18F,2g,1L,Ja,1,2,,,,,115,66,,1,768,38,8,6,2,2,1968
11,67,51,1,1451,3222,D,14C,1e,2H,Vr,4,1,,1,85,,446,63,,1,1812,352,71,51,1,3,1967
11,67,49,7,1019,3223,D,14C,1e,2H,Vr,1,2,,,58,,446,66,,1,709,344,69,50,2,3,1967
11,67,48,7,937,3224,D,14C,1e,2H,Vr,5,2,1,,81,,446,62,,1,2162,337,68,49,2,3,1967
11,68,6,6,3002,3225,V,12I,2b,3U,Up,0,1,,3,,37,252,67,,1,406,41,9,6,1,4,1968
11,68,6,7,3003,3226,U,11I,8a,3U,Up,1,1,,,,63,267,66,,1,772,42,9,6,1,4,1968
11,68,6,7,1020,3227,U,11I,8b,3U,Up,0,2,3,1,60,,455,67,,1,407,42,9,6,2,4,1968
11,68,6,7,1358,3228,D,10G,1g,3U,So,0,1,,3,66,,124,67,,1,407,42,9,6,1,4,1968
11,68,6,6,1157,3229,K,10G,1g,3U,So,0,1,,3,75,,124,67,,1,406,41,9,6,1,4,1968
11,68,6,4,2327,3230,V,10G,1g,3U,So,0,2,,,45,,124,67,,1,404,39,8,6,2,4,1968
11,68,6,6,1158,3231,K,10G,1g,3U,So,1,2,2,,60,,124,66,,1,771,41,9,6,2,4,1968
11,68,6,6,1021,3232,K,10G,1g,3U,So,0,2,,,55,,124,67,,1,406,41,9,6,2,4,1968
11,68,6,5,1022,3233,G,18E,3f,1L,Ja,6,2,1,,58,,297,61,,1,2595,40,8,6,2,2,1968
11,68,6,7,1359,3234,G,11C,6j,2H,Vr,0,1,,3,76,,288,67,,1,407,42,9,6,1,3,1968
11,68,6,6,3004,3235,G,11I,8a,3U,Up,0,1,,3,59,,441,67,,1,406,41,9,6,1,4,1968
11,68,6,2,638,3236,F,18F,6a,1L,Ja,0,2,1,,50,,52,67,,1,402,37,8,6,2,2,1968
11,68,5,7,704,3237,F,18F,6a,1L,Ja,2,2,,,63,,52,65,,1,1130,35,7,5,2,2,1968
11,68,6,4,639,3238,S,18F,6a,1L,Ja,0,1,,3,60,,52,67,,1,404,39,8,6,1,2,1968
11,68,6,2,816,3239,F,18F,6a,1L,Ja,0,1,,3,70,,52,67,,1,402,37,8,6,1,2,1968
11,68,6,6,817,3240,S,18E,6h,1L,Ja,2,1,,3,65,,52,65,,1,1136,41,9,6,1,2,1968
11,68,5,7,640,3241,S,18F,6a,1L,Ja,0,1,,3,60,,52,67,,1,400,35,7,5,1,2,1968
11,68,6,5,818,3242,S,18E,6h,1L,Ja,0,2,1,,50,,52,67,,1,405,40,8,6,2,2,1968
11,68,6,7,819,3243,F,18E,8j,1L,Ja,0,1,,3,50,,52,67,,1,407,42,9,6,1,2,1968
11,68,6,7,1023,3244,F,18E,8j,1L,Ja,1,2,,,75,,52,66,,1,772,42,9,6,2,2,1968
11,68,5,6,705,3245,F,18F,6a,1L,Ja,0,1,,3,68,,52,67,,1,399,34,7,5,1,2,1968
11,68,6,3,641,3246,F,18F,6a,1L,Ja,1,1,,3,71,,52,66,,1,768,38,8,6,1,2,1968
11,68,5,5,706,3247,S,18F,6a,1L,Ja,1,1,,3,70,,52,66,,1,763,33,7,5,1,2,1968
11,68,6,2,707,3248,F,18F,6a,1L,Ja,1,1,,3,80,,52,66,,1,767,37,8,6,1,2,1968
11,68,6,6,708,3249,S,18E,6h,1L,Ja,1,2,1,,55,,52,66,,1,771,41,9,6,2,2,1968
11,68,3,3,308,3250,V,11I,8e,3U,Up,0,1,,3,,,370,67,,1,382,17,4,3,1,4,1968
11,68,6,6,1024,3251,D,03E,9h,4S,Bl,0,2,3,1,67,,416,67,,1,406,41,9,6,2,5,1968
11,68,6,6,2123,3252,V,11F,2d,2H,Vs,1,1,,3,86,,410,66,,1,771,41,9,6,1,4,1968
11,68,6,7,2328,3253,V,09G,2g,3U,Og,1,1,,3,65,,280,66,,1,772,42,9,6,1,5,1968
11,68,6,6,2329,3254,V,10C,2i,2H,Vr,1,2,2,1,60,,202,66,,1,771,41,9,6,2,3,1968
11,68,6,6,1633,3255,X,18F,2g,1L,Ja,4,1,,3,,48,115,63,,1,1866,41,9,6,1,2,1968
11,68,7,1,820,3256,X,18F,2g,1L,Ja,4,1,,3,,44,115,63,,1,1868,43,9,7,1,2,1968
11,68,6,7,821,3257,X,18F,2g,1L,Ja,1,1,,3,,51,115,66,,1,772,42,9,6,1,2,1968
11,68,7,1,822,3258,X,19E,3g,1L,Ja,0,2,1,,,,337,67,,1,408,43,9,7,2,2,1968
11,68,7,1,938,3259,X,20E,1j,1L,Ja,3,1,,3,77,,108,64,,1,1503,43,9,7,1,2,1968
11,68,7,2,823,3260,X,19E,1c,1L,Ja,1,2,1,,63,,310,66,,1,774,44,9,7,2,2,1968
11,68,6,6,709,3261,F,10H,4c,3U,So,1,2,1,,53,,246,66,,1,771,41,9,6,2,4,1968
11,68,6,6,824,3262,V,28L,9d,1L,Lp,5,2,,,,,122,62,,1,2231,41,9,6,2,2,1968
11,68,6,6,825,3263,F,11E,7g,2H,Vs,1,2,1,,45,,161,66,,1,771,41,9,6,2,4,1968
11,68,6,6,1025,3264,F,11E,6f,2H,Vs,0,1,,3,47,,20,67,,1,406,41,9,6,1,4,1968
11,68,6,7,1300,3265,G,02C,7i,4S,Sk,0,1,,3,77,,263,67,1,1,407,42,9,6,1,5,1968
11,68,6,7,1540,3266,D,02C,7i,4S,Sk,0,2,3,1,78,,263,67,,1,407,42,9,6,2,5,1968
11,68,6,7,1246,3267,D,02C,7i,4S,Sk,0,1,,3,80,,263,67,,1,407,42,9,6,1,5,1968
11,68,7,2,939,3268,X,20F,7h,1L,Ja,1,2,1,,38,,147,66,,1,774,44,9,7,2,2,1968
11,68,6,7,940,3269,X,20F,7h,1L,Ja,4,2,1,,42,,147,63,,1,1867,42,9,6,2,2,1968
11,68,7,1,941,3270,X,20F,7h,1L,Ja,6,2,1,,38,,147,61,,1,2598,43,9,7,2,2,1968
11,68,7,1,942,3271,X,20F,7h,1L,Ja,1,1,,2,62,,147,66,,1,773,43,9,7,1,2,1968
11,68,5,7,1026,3272,G,10G,4d,3U,So,3,1,,3,,,27,64,,1,1495,35,7,5,1,4,1968
11,68,5,6,1634,3273,D,02C,7i,4S,Sk,3,2,4,1,68,,263,64,,1,1494,34,7,5,2,5,1968
11,68,7,1,1027,3274,S,10H,4c,3U,So,2,2,2,,57,,246,65,,1,1138,43,9,7,2,4,1968
11,68,6,5,525,3275,X,18F,0c,1L,Ja,1,1,,3,50,,308,66,,1,770,40,8,6,1,2,1968
11,68,7,3,710,3276,F,11H,2j,3U,Up,0,2,1,,45,,341,67,,1,410,45,9,7,2,4,1968
11,68,7,4,223,3277,V,10H,2i,3U,So,2,2,1,,55,,47,65,,1,1141,46,10,7,2,4,1968
11,68,7,3,2330,3278,V,10H,2i,3U,So,2,1,,3,72,,47,65,,1,1140,45,9,7,1,4,1968
11,68,7,3,826,3279,X,19E,1c,1L,Ja,0,1,,3,76,,310,67,,1,410,45,9,7,1,2,1968
11,68,7,3,1028,3280,G,18E,3f,1L,Ja,3,1,,3,51,,297,64,,1,1505,45,9,7,1,2,1968
11,68,6,5,827,3281,X,19F,7e,1L,Ja,3,2,,,61,,217,64,,1,1500,40,8,6,2,2,1968
11,68,5,4,711,3282,X,19F,7e,1L,Ja,4,2,,,52,,217,63,,1,1857,32,7,5,2,2,1968
11,68,4,7,3005,3283,V,10I,0g,3U,So,0,2,1,,61,,245,67,,1,393,28,6,4,2,4,1968
11,68,7,3,1452,3284,G,10I,1b,3U,So,1,1,,3,68,,466,66,,1,775,45,9,7,1,4,1968
11,68,5,2,3006,3285,D,10I,1i,3U,So,0,1,,3,75,,32,67,,1,395,30,6,5,1,4,1968
11,68,5,1,3007,3286,G,10I,1i,3U,So,3,2,1,,60,,32,64,,1,1489,29,6,5,2,4,1968
11,68,7,3,21,3287,V,10I,1i,3U,So,1,2,3,1,64,,32,66,,1,775,45,9,7,2,4,1968
11,68,7,3,1301,3288,X,20F,8e,1L,Ja,1,2,1,,43,,250,66,,1,775,45,9,7,2,2,1968
11,68,7,4,828,3289,X,20F,8e,1L,Ja,1,1,,1,53,,250,66,,1,776,46,10,7,1,2,1968
11,68,7,5,712,3290,X,19E,1c,1L,Ja,1,1,,3,61,,310,66,,1,777,47,10,7,1,2,1968
11,68,6,4,713,3291,F,11E,4e,2H,Vs,1,1,,3,54,,473,66,,1,769,39,8,6,1,4,1968
11,68,4,7,642,3292,F,11E,4e,2H,Vs,0,2,,,49,,473,67,,1,393,28,6,4,2,4,1968
11,67,46,7,829,3293,G,14C,1e,2H,Vr,4,2,,,80,,446,63,,1,1783,323,65,47,2,3,1967
11,67,47,7,943,3294,D,14C,1e,2H,Vr,0,2,,,65,,446,67,,1,330,330,66,48,2,3,1967
11,68,6,7,3008,3295,U,10I,1c,3U,So,2,1,,3,75,,206,65,,1,1137,42,9,6,1,4,1968
11,68,4,3,3009,3296,U,10I,1c,3U,So,0,2,1,,57,,206,67,,1,389,24,5,4,2,4,1968
11,68,3,2,3010,3297,U,10I,1c,3U,So,1,1,,3,72,,206,66,,1,746,16,4,3,1,4,1968
11,68,2,5,3011,3298,U,10I,1c,3U,So,4,2,1,,,,206,63,,1,1837,12,3,2,2,4,1968
11,68,2,5,3012,3299,U,10I,1c,3U,So,0,1,,3,,,206,67,,1,377,12,3,2,1,4,1968
11,68,7,4,1247,3300,U,11H,9j,3U,Up,1,2,4,3,,47,128,66,,1,776,46,10,7,2,4,1968
11,68,7,2,2019,3301,V,11H,8g,3U,Up,0,2,2,1,53,,121,67,,1,409,44,9,7,2,4,1968
11,68,7,4,714,3302,V,09H,2a,3U,So,0,1,,3,75,,280,67,,1,411,46,10,7,1,4,1968
11,68,7,2,2242,3303,V,10C,2i,2H,Vr,0,1,,3,72,,202,67,,1,409,44,9,7,1,3,1968
11,68,4,5,1248,3304,S,02D,8g,4S,Sk,0,2,2,1,63,,9,67,,1,391,26,6,4,2,5,1968
11,68,5,6,1453,3305,S,02D,8g,4S,Sk,4,1,,3,90,,9,63,,1,1859,34,7,5,1,5,1968
11,68,7,3,2331,3306,V,12E,0b,2H,Vr,0,1,,3,61,,241,67,,1,410,45,9,7,1,3,1968
11,68,6,3,1541,3307,S,03F,7d,4S,Bl,1,2,,,,,449,66,,1,768,38,8,6,2,5,1968
11,68,6,7,1302,3308,S,03F,7d,4S,Bl,3,1,,,,,449,64,,1,1502,42,9,6,1,5,1968
11,68,6,6,2332,3309,V,12I,6f,3U,Up,3,1,,3,67,,24,64,,1,1501,41,9,6,1,4,1968
11,68,6,5,2333,3310,V,12I,6f,3U,Up,0,1,,3,65,,24,67,,1,405,40,8,6,1,4,1968
11,68,8,1,715,3311,X,19E,1c,1L,Ja,0,1,,3,78,,310,67,,1,415,50,10,8,1,2,1968
11,68,8,1,716,3312,X,19E,1c,1L,Ja,1,1,,3,60,,310,66,,1,780,50,10,8,1,2,1968
11,68,7,1,1826,3313,X,18F,3f,1L,Ja,1,2,,,98,,467,66,,1,773,43,9,7,2,2,1968
11,68,7,6,2334,3314,V,11F,3c,2H,Vs,0,2,1,,62,,410,67,,1,413,48,10,7,2,4,1968
11,68,7,5,944,3315,F,09I,9b,3U,So,1,1,,3,72,,343,66,,1,777,47,10,7,1,4,1968
11,68,7,5,1454,3316,S,09I,9b,3U,So,1,2,3,1,57,,343,66,,1,777,47,10,7,2,4,1968
11,68,6,7,1455,3317,D,09I,9b,3U,So,1,1,,3,80,,343,66,,1,772,42,9,6,1,4,1968
11,68,7,5,1635,3318,S,09I,9b,3U,So,0,1,,3,68,,343,67,,1,412,47,10,7,1,4,1968
11,68,6,5,717,3319,F,09I,9b,3U,So,0,1,,3,65,,343,67,,1,405,40,8,6,1,4,1968
11,68,7,1,718,3320,F,18E,6h,1L,Ja,0,1,,3,60,,52,67,,1,408,43,9,7,1,2,1968
11,68,7,3,1159,3321,F,18E,8j,1L,Ja,0,1,,3,62,,52,67,,1,410,45,9,7,1,2,1968
11,68,6,4,1029,3322,F,18F,6a,1L,Ja,6,2,,,61,,52,61,,1,2594,39,8,6,2,2,1968
11,68,7,3,830,3323,F,18F,6a,1L,Ja,0,2,,,60,,52,67,,1,410,45,9,7,2,2,1968
11,68,7,4,719,3324,F,18F,6a,1L,Ja,3,1,,3,90,,52,64,,1,1506,46,10,7,1,2,1968
11,68,8,1,945,3325,F,18F,6a,1L,Ja,1,1,,3,70,,52,66,,1,780,50,10,8,1,2,1968
11,68,7,4,1030,3326,F,18E,8j,1L,Ja,1,2,,,48,,52,66,,1,776,46,10,7,2,2,1968
11,68,7,5,1303,3327,S,18F,6a,1L,Ja,0,2,,,40,,52,67,,1,412,47,10,7,2,2,1968
11,68,6,3,643,3328,F,18F,6a,1L,Ja,2,2,,,57,,52,65,,1,1133,38,8,6,2,2,1968
11,68,7,2,1249,3329,F,18F,6a,1L,Ja,0,2,,,43,,52,67,,1,409,44,9,7,2,2,1968
11,68,6,3,720,3330,F,18F,6a,1L,Ja,1,1,,3,72,,52,66,,1,768,38,8,6,1,2,1968
11,68,7,3,644,3331,F,18F,6a,1L,Ja,3,2,,,55,,52,64,,1,1505,45,9,7,2,2,1968
11,68,6,4,946,3332,F,18F,6a,1L,Ja,1,1,,3,75,,52,66,,1,769,39,8,6,1,2,1968
11,68,7,3,947,3333,F,18E,7h,1L,Ja,1,1,,1,63,,52,66,,1,775,45,9,7,1,2,1968
11,68,7,4,831,3334,F,18F,6a,1L,Ja,0,2,1,,55,,52,67,,1,411,46,10,7,2,2,1968
11,68,7,6,832,3335,S,18F,6a,1L,Ja,0,2,1,,40,,52,67,,1,413,48,10,7,2,2,1968
11,68,7,5,948,3336,F,18F,6a,1L,Ja,0,2,,,50,,52,67,,1,412,47,10,7,2,2,1968
11,68,7,1,645,3337,F,18F,6a,1L,Ja,0,2,,,51,,52,67,,1,408,43,9,7,2,2,1968
11,68,7,3,1031,3338,F,18F,6a,1L,Ja,4,1,,3,70,,52,63,,1,1870,45,9,7,1,2,1968
11,68,6,7,949,3339,S,18E,8j,1L,Ja,0,1,,3,55,,52,67,,1,407,42,9,6,1,2,1968
11,68,6,3,1100,3340,F,18F,6a,1L,Ja,0,1,,3,65,,52,67,,1,403,38,8,6,1,2,1968
11,68,7,2,833,3341,F,18F,6a,1L,Ja,1,2,1,,59,,52,66,,1,774,44,9,7,2,2,1968
11,68,7,3,1101,3342,F,18F,6a,1L,Ja,0,2,,,53,,52,67,,1,410,45,9,7,2,2,1968
11,68,6,2,646,3343,F,18F,6a,1L,Ja,2,1,,3,65,,52,65,,1,1132,37,8,6,1,2,1968
11,68,7,5,1304,3344,F,18F,6a,1L,Ja,0,1,,3,65,,52,67,,1,412,47,10,7,1,2,1968
11,68,7,1,721,3345,U,18E,6h,1L,Ja,0,2,,,60,,52,67,,1,408,43,9,7,2,2,1968
11,68,7,4,1032,3346,F,18E,8j,1L,Ja,1,2,1,,48,,52,66,,1,776,46,10,7,2,2,1968
11,68,7,2,834,3347,F,18E,8j,1L,Ja,0,1,,3,50,,52,67,,1,409,44,9,7,1,2,1968
11,67,52,5,1033,3348,V,29J,4f,1L,Lp,2,1,,1,,,119,65,,1,1093,363,73,52,1,2,1967
11,67,52,5,1034,3349,V,29J,4f,1L,Lp,7,1,,,,,119,60,,1,2918,363,73,52,1,2,1967
11,68,2,1,950,3350,V,29J,4f,1L,Lp,1,1,,2,,,119,66,,1,738,8,2,2,1,2,1968
11,68,2,1,951,3351,V,29J,4f,1L,Lp,0,1,,1,,,119,67,,1,373,8,2,2,1,2,1968
11,68,1,3,1102,3352,V,29J,4f,1L,Lp,4,1,,1,,,119,63,,1,1828,3,1,1,1,2,1968
11,67,51,4,1103,3353,V,29J,4f,1L,Lp,1,1,,1,,,119,66,,1,720,355,71,51,1,2,1967
11,68,7,6,835,3354,X,17E,7d,1L,Ja,4,2,1,,44,,321,63,,1,1873,48,10,7,2,2,1968
11,68,3,8,3013,3355,U,13H,4j,3U,Up,1,1,,3,,,4,66,,1,748,18,-9,-9,1,4,1968
11,68,3,8,3014,3356,U,13H,4j,3U,Up,0,2,1,,,,4,67,,1,383,18,-9,-9,2,4,1968
11,68,1,4,722,3357,F,12H,3f,3U,Up,1,2,1,,,,4,66,,1,734,4,1,1,2,4,1968
11,68,7,7,836,3359,X,18F,2g,1L,Ja,1,2,1,,42,,115,66,,1,779,49,10,7,2,2,1968
11,68,7,6,1250,3360,D,03F,6b,4S,Bl,0,1,,3,70,,416,67,,1,413,48,10,7,1,5,1968
11,68,7,6,952,3361,D,03F,6b,4S,Bl,0,1,,3,72,,416,67,,1,413,48,10,7,1,5,1968
11,68,8,2,309,3362,V,11H,5j,3U,Up,0,1,,3,66,,128,67,,1,416,51,11,8,1,4,1968
11,68,7,5,2335,3363,V,10H,6f,3U,So,0,2,3,1,,47,58,67,,1,412,47,10,7,2,4,1968
11,68,7,2,1104,3364,D,09G,7h,3U,So,0,1,,3,64,,400,67,,1,409,44,9,7,1,4,1968
11,68,7,2,2124,3365,S,10H,1b,3U,So,0,1,,3,74,,400,67,,1,409,44,9,7,1,4,1968
11,68,7,2,1636,3366,G,09G,7h,3U,So,1,2,4,2,60,,400,66,,1,774,44,9,7,2,4,1968
11,68,3,5,1105,3367,G,09G,7h,3U,So,0,2,1,,,33,400,67,,1,384,19,4,3,2,4,1968
11,68,3,5,1106,3368,G,09G,7h,3U,So,1,1,,1,,54,400,66,,1,749,19,4,3,1,4,1968
11,68,8,2,953,3369,F,11F,8b,2H,Vs,1,1,,3,57,,272,66,,1,781,51,11,8,1,4,1968
11,68,4,4,837,3370,X,20F,6h,1L,Ja,0,1,,3,61,,313,67,,1,390,25,5,4,1,2,1968
11,68,7,4,838,3371,X,20F,6h,1L,Ja,4,1,,3,65,,313,63,,1,1871,46,10,7,1,2,1968
11,68,6,7,1035,3372,K,03C,3e,4S,Sk,0,2,4,2,76,,322,67,,1,407,42,9,6,2,5,1968
11,68,7,1,954,3373,D,03C,3e,4S,Sk,1,2,5,,74,,322,66,,1,773,43,9,7,2,5,1968
11,68,7,5,1306,3374,G,03C,3e,4S,Sk,1,1,,3,93,,322,66,,1,777,47,10,7,1,5,1968
11,68,7,6,1307,3375,D,03C,3e,4S,Sk,1,2,5,1,70,,322,66,,1,778,48,10,7,2,5,1968
11,68,7,6,1637,3376,K,03C,3e,4S,Sk,1,2,4,3,66,,322,66,,1,778,48,10,7,2,5,1968
11,68,8,1,1036,3377,D,03C,3e,4S,Sk,1,1,,3,85,,322,66,,1,780,50,10,8,1,5,1968
11,68,8,3,723,3378,X,19E,1c,1L,Ja,0,2,1,,57,,310,67,,1,417,52,11,8,2,2,1968
11,68,8,3,839,3379,X,19E,1c,1L,Ja,5,2,1,,67,,310,62,,1,2242,52,11,8,2,2,1968
11,68,8,3,724,3380,X,19E,1c,1L,Ja,1,1,,3,81,,310,66,,1,782,52,11,8,1,2,1968
11,68,8,2,1037,3381,L,09H,2a,3U,So,0,2,2,1,66,,280,67,,1,416,51,11,8,2,4,1968
11,68,8,2,1638,3382,L,09G,2g,3U,Og,3,1,,3,76,,280,64,,1,1511,51,11,8,1,5,1968
11,67,50,9,3015,3383,U,10H,3g,3U,So,0,,,,,,168,67,,1,348,348,-9,-9,,4,1967
11,67,50,9,3016,3384,U,10H,3g,3U,So,1,,,,,,168,66,,1,713,348,-9,-9,,4,1967
11,67,50,9,3017,3385,U,10H,3g,3U,So,1,,,,,,168,66,,1,713,348,-9,-9,,4,1967
11,67,50,9,3018,3386,U,10H,3g,3U,So,0,,,,,,168,67,,1,348,348,-9,-9,,4,1967
11,67,50,9,3019,3387,U,10H,3g,3U,So,3,,,,,,168,64,,1,1443,348,-9,-9,,4,1967
11,67,50,9,3020,3388,U,10H,3g,3U,So,0,,,,,,168,67,,1,348,348,-9,-9,,4,1967
11,67,50,9,3021,3389,U,10H,3g,3U,So,0,,,,,,168,67,,1,348,348,-9,-9,,4,1967
11,68,8,3,647,3390,X,18F,3f,1L,Ja,2,2,,,70,,467,65,,1,1147,52,11,8,2,2,1968
11,68,8,2,725,3391,X,18F,3f,1L,Ja,1,1,,3,96,,467,66,,1,781,51,11,8,1,2,1968
11,68,8,2,840,3392,X,19E,5g,1L,Ja,0,2,1,,44,,179,67,,1,416,51,11,8,2,2,1968
11,68,7,4,726,3393,X,19E,5g,1L,Ja,5,1,,3,64,,179,62,,1,2236,46,10,7,1,2,1968
11,68,8,4,727,3394,X,19E,1c,1L,Ja,1,1,,2,69,,310,66,,1,783,53,11,8,1,2,1968
11,68,8,4,955,3395,X,19E,1c,1L,Ja,0,1,,3,57,,310,67,,1,418,53,11,8,1,2,1968
11,68,5,6,1038,3396,D,10G,9g,3U,Vs,0,1,,3,,,63,67,,1,399,34,7,5,1,4,1968
11,68,6,7,1107,3397,D,10G,9g,3U,Vs,5,2,1,,,,63,62,,1,2232,42,9,6,2,4,1968
11,68,5,6,1039,3398,D,10G,9g,3U,Vs,0,,,,,,63,67,,1,399,34,7,5,,4,1968
11,68,1,3,3022,3399,D,10G,9g,3U,Vs,1,,,,,,63,66,,1,733,3,1,1,,4,1968
11,68,6,7,22,3400,V,16E,1c,1L,Hr,0,2,1,,52,,319,67,,1,407,42,9,6,2,2,1968
11,68,7,1,1040,3401,S,16E,1c,1L,Hr,0,1,,3,48,,319,67,,1,408,43,9,7,1,2,1968
11,68,7,7,1251,3402,S,16E,1c,1L,Hr,1,2,1,,49,,319,66,,1,779,49,10,7,2,2,1968
11,68,7,1,728,3403,U,11I,8a,3U,Up,5,1,,3,82,,121,62,,1,2233,43,9,7,1,4,1968
11,68,6,7,729,3404,U,11I,8a,3U,Up,2,1,,3,65,,121,65,,1,1137,42,9,6,1,4,1968
11,68,6,7,3023,3405,V,08B,8i,3U,Vg,1,2,1,,60,,13,66,,1,772,42,9,6,2,5,1968
11,68,8,2,3024,3406,+,09G,7e,3U,So,1,1,,,63,,59,66,,1,781,51,11,8,1,4,1968
11,68,8,2,3025,3407,S,10I,1c,3U,So,1,1,,3,,60,206,66,,1,781,51,11,8,1,4,1968
11,68,8,2,3026,3408,S,10I,1c,3U,So,0,2,1,,,50,206,67,,1,416,51,11,8,2,4,1968
11,68,8,2,3027,3409,S,10I,1c,3U,So,3,2,4,1,,49,206,64,,1,1511,51,11,8,2,4,1968
11,68,8,5,1041,3410,L,09G,7f,3U,So,0,2,4,2,71,,280,67,,1,419,54,11,8,2,4,1968
11,68,8,6,648,3411,V,11D,7a,2H,Vr,0,1,,,53,,141,67,,1,420,55,11,8,1,3,1968
11,68,7,7,841,3412,X,19G,1e,1L,Ja,1,1,,3,52,,399,66,,1,779,49,10,7,1,2,1968
11,68,8,1,127,3413,V,19G,1e,1L,Ja,1,1,,3,79,,271,66,,1,780,50,10,8,1,2,1968
11,68,8,2,730,3414,X,19G,1e,1L,Ja,1,1,,3,56,,399,66,,1,781,51,11,8,1,2,1968
11,68,7,4,731,3415,X,19G,1e,1L,Ja,2,2,,,45,,399,65,,1,1141,46,10,7,2,2,1968
11,68,7,4,842,3416,X,18F,0c,1L,Ja,4,1,,3,59,,308,63,,1,1871,46,10,7,1,2,1968
11,68,8,4,956,3417,X,18F,3f,1L,Ja,1,2,1,,79,,467,66,,1,783,53,11,8,2,2,1968
11,68,1,3,3028,3418,D,10G,9g,3U,Vs,0,,,,,,63,67,,1,368,3,1,1,,4,1968
11,68,1,3,3029,3419,D,10G,9g,3U,Vs,0,,,,,,63,67,,1,368,3,1,1,,4,1968
11,68,8,4,3030,3420,U,03E,2d,4S,Sk,0,1,,3,,,443,67,,1,418,53,11,8,1,5,1968
11,68,8,0,3031,3421,U,19E,0i,1L,Ja,1,2,1,,58,,429,66,,1,783,53,11,8,2,2,1968
11,68,8,6,732,3422,X,19E,1c,1L,Ja,1,2,1,,61,,310,66,,1,785,55,11,8,2,2,1968
11,68,8,6,843,3423,X,19E,1c,1L,Ja,1,2,1,1,69,,310,66,,1,785,55,11,8,2,2,1968
11,68,8,7,733,3424,X,19E,1c,1L,Ja,3,1,,3,65,,310,64,,1,1516,56,12,8,1,2,1968
11,68,7,7,957,3425,X,20F,7h,1L,Ja,1,2,1,,40,,147,66,,1,779,49,10,7,2,2,1968
11,68,8,1,958,3426,X,20F,7h,1L,Ja,1,1,,3,66,,147,66,,1,780,50,10,8,1,2,1968
11,68,8,3,844,3427,F,18F,6a,1L,Ja,1,2,3,1,60,,52,66,,1,782,52,11,8,2,2,1968
11,68,7,7,734,3428,F,18F,6a,1L,Ja,0,1,,3,50,,52,67,,1,414,49,10,7,1,2,1968
11,68,8,6,649,3429,F,18F,6a,1L,Ja,0,1,,3,60,,52,67,,1,420,55,11,8,1,2,1968
11,68,8,7,959,3430,X,20F,7h,1L,Ja,2,1,,3,57,,147,65,,1,1151,56,12,8,1,2,1968
11,68,8,7,900,3431,X,20F,7h,1L,Ja,4,1,,3,52,,147,63,,1,1881,56,12,8,1,2,1968
11,68,8,2,901,3432,X,20F,7h,1L,Ja,0,2,1,,51,,147,67,,1,416,51,11,8,2,2,1968
11,68,7,1,3032,3433,G,19E,3i,1L,Ja,0,2,1,,36,,52,67,,1,408,43,9,7,2,2,1968
11,68,8,5,1456,3434,S,12E,0d,2H,Vr,1,1,,3,49,,162,66,,1,784,54,11,8,1,3,1968
11,68,8,6,128,3435,V,12E,0d,2H,Vr,1,2,1,,,36,162,66,,1,785,55,11,8,2,3,1968
11,68,8,7,845,3436,V,28L,9d,1L,Lp,3,1,,,,,122,64,,1,1516,56,12,8,1,2,1968
11,68,8,7,1639,3437,G,12I,8h,3U,Up,0,1,,3,61,,26,67,,1,421,56,12,8,1,4,1968
11,68,9,1,1108,3438,F,09H,2a,3U,So,0,1,,3,68,,280,67,,1,422,57,12,9,1,4,1968
11,68,8,4,1542,3439,K,09H,4c,3U,So,0,1,,,59,,125,67,,1,418,53,11,8,1,4,1968
11,68,8,4,1457,3440,S,09G,7h,3U,So,0,1,,3,58,,400,67,,1,418,53,11,8,1,4,1968
11,68,8,2,1728,3441,S,09G,7h,3U,So,1,1,,3,67,,400,66,,1,781,51,11,8,1,4,1968
11,68,8,7,1458,3442,K,09G,7h,3U,So,1,1,,3,73,,400,66,,1,786,56,12,8,1,4,1968
11,68,8,6,735,3443,X,18F,0c,1L,Ja,0,2,1,,45,,308,67,,1,420,55,11,8,2,2,1968
11,68,8,3,2125,3444,F,18F,0c,1L,Ja,1,1,,3,55,,308,66,,1,782,52,11,8,1,2,1968
11,68,7,5,846,3445,G,02C,7i,4S,Sk,1,1,,3,88,,263,66,,1,777,47,10,7,1,5,1968
11,68,7,4,1308,3446,G,02C,7i,4S,Sk,0,2,4,1,68,,263,67,,1,411,46,10,7,2,5,1968
11,68,7,6,1543,3447,D,02C,7i,4S,Sk,0,1,,3,79,,263,67,,1,413,48,10,7,1,5,1968
11,68,7,1,736,3448,F,12D,4f,2H,Vr,0,2,1,,52,,425,67,,1,408,43,9,7,2,3,1968
11,68,8,7,1640,3449,K,12D,4f,2H,Vr,1,1,,3,60,,425,66,,1,786,56,12,8,1,3,1968
11,68,6,6,23,3450,T,12D,4f,2H,Vr,1,1,,3,70,,425,66,,1,771,41,9,6,1,3,1968
11,68,8,2,650,3451,F,12D,4f,2H,Vr,1,1,,3,61,,425,66,,1,781,51,11,8,1,3,1968
11,68,7,2,129,3452,V,12D,4f,2H,Vr,0,2,1,,53,,425,67,,1,409,44,9,7,2,3,1968
11,68,8,6,1309,3453,S,02D,3e,4S,Sk,4,1,,3,91,,328,63,,1,1880,55,11,8,1,5,1968
11,68,8,7,1042,3454,S,02D,1d,4S,Sk,0,1,,3,95,,328,67,,1,421,56,12,8,1,5,1968
11,68,8,5,1252,3455,S,02D,1d,4S,Sk,1,1,,3,92,,328,66,,1,784,54,11,8,1,5,1968
11,68,8,2,2336,3456,V,16E,1c,1L,Hr,5,1,,3,51,,319,62,,1,2241,51,11,8,1,2,1968
11,68,8,5,737,3457,F,16E,1c,1L,Hr,2,1,,3,59,,319,65,,1,1149,54,11,8,1,2,1968
11,68,8,7,1253,3458,S,16E,1c,1L,Hr,0,2,1,,56,,319,67,,1,421,56,12,8,2,2,1968
11,68,9,1,1310,3459,D,10G,4d,3U,So,2,2,4,1,,,27,65,,1,1152,57,12,9,2,4,1968
11,68,8,5,847,3460,F,16E,2b,1L,Hr,1,2,1,,,44,463,66,,1,784,54,11,8,2,2,1968
11,67,45,6,3033,3461,F,10D,7g,2H,Vr,0,2,,,,,234,67,,1,315,315,63,45,2,3,1967
11,67,50,6,3034,3462,F,10D,7g,2H,Vr,0,2,,,,,234,67,,1,350,350,70,50,2,3,1967
11,68,8,6,224,3463,V,10D,9f,2H,Vr,1,2,2,,,,428,66,,1,785,55,11,8,2,3,1968
11,68,8,7,1043,3464,K,10D,8g,2H,Vr,1,2,4,3,,,181,66,,1,786,56,12,8,2,3,1968
11,68,8,6,1544,3465,K,02C,7i,4S,Sk,1,2,5,,64,,263,66,,1,785,55,11,8,2,5,1968
11,68,8,5,1641,3466,K,02C,7i,4S,Sk,1,2,5,,69,,263,66,,1,784,54,11,8,2,5,1968
11,68,8,6,651,3467,D,11H,4h,3U,Up,0,1,,3,71,,174,67,,1,420,55,11,8,1,4,1968
11,68,8,6,1254,3468,K,02C,7i,4S,Sk,0,1,,3,72,,263,67,,1,420,55,11,8,1,5,1968
11,68,5,7,3035,3470,V,12J,0d,3U,Up,0,2,3,1,,44,4,67,,1,400,35,7,5,2,4,1968
11,68,5,7,3036,3471,V,12J,0d,3U,Up,4,2,3,1,,,4,63,,1,1860,35,7,5,2,4,1968
11,68,5,7,3037,3472,V,12J,0d,3U,Up,1,1,,3,,,4,66,,1,765,35,7,5,1,4,1968
11,68,8,4,3038,3473,V,11J,6c,3U,Up,0,2,1,,,,4,67,,1,418,53,11,8,2,4,1968
11,68,8,4,3039,3474,V,11J,6c,3U,Up,1,2,4,1,,,4,66,,1,783,53,11,8,2,4,1968
11,68,8,6,1110,3475,K,03C,4f,4S,Sk,1,2,5,,75,,11,66,,1,785,55,11,8,2,5,1968
11,68,8,6,3040,3476,K,03C,4f,4S,Sk,0,2,2,1,62,,11,67,,1,420,55,11,8,2,5,1968
11,68,2,3,1255,3477,K,03C,4f,4S,Sk,4,2,4,2,74,,11,63,,1,1835,10,2,2,2,5,1968
11,68,6,6,1256,3478,K,03C,4f,4S,Sk,2,2,5,3,69,,11,65,,1,1136,41,9,6,2,5,1968
11,68,6,6,1545,3479,K,03C,4f,4S,Sk,2,1,,3,95,,11,65,,1,1136,41,9,6,1,5,1968
11,68,6,5,225,3480,V,29J,7h,1L,Lp,1,1,,3,50,,255,66,,1,770,40,8,6,1,2,1968
11,68,8,7,3041,3481,X,19E,5g,1L,Ja,1,1,,3,70,,179,66,,1,786,56,12,8,1,2,1968
11,68,9,3,1546,3482,D,11H,8h,3U,Up,2,2,4,3,57,,452,65,,1,1154,59,12,9,2,4,1968
11,68,8,4,3042,3483,U,12I,2f,3U,Up,0,2,4,1,,,121,67,,1,418,53,11,8,2,4,1968
11,68,8,4,3043,3484,U,12I,2f,3U,Up,0,2,1,,,,121,67,,1,418,53,11,8,2,4,1968
11,67,50,2,2243,3485,V,11E,3f,2H,Vs,0,2,,,51,,156,67,,1,346,346,70,50,2,4,1967
11,68,2,6,2126,3486,V,11E,3f,2H,Vs,0,1,,1,44,,156,67,,1,378,13,3,2,1,4,1968
11,68,3,2,24,3487,V,11E,3f,2H,Vs,1,2,1,,45,,156,66,,1,746,16,4,3,2,4,1968
11,68,8,5,2,3488,V,11E,3f,2H,Vs,1,1,,3,69,,156,66,,1,784,54,11,8,1,4,1968
11,68,8,7,226,3489,V,11E,3f,2H,Vs,2,2,1,,51,,156,65,,1,1151,56,12,8,2,4,1968
11,68,9,2,417,3490,V,11E,2f,2H,Vs,0,2,1,1,,,275,67,,1,423,58,12,9,2,4,1968
11,68,9,7,1111,3491,K,11H,3i,3U,Up,0,2,5,,55,,97,67,,1,428,63,13,9,2,4,1968
11,68,9,3,738,3492,F,11E,6g,2H,Vs,0,1,,3,52,,166,67,,1,424,59,12,9,1,4,1968
11,68,9,5,3044,3493,K,03E,2d,4S,Sk,1,2,,,,,443,66,,1,791,61,13,9,2,5,1968
11,68,9,5,3045,3494,K,03E,2d,4S,Sk,2,1,,3,,,443,65,,1,1156,61,13,9,1,5,1968
11,68,9,5,3046,3495,K,03E,2d,4S,Sk,6,2,,,,,443,61,,1,2616,61,13,9,2,5,1968
11,68,9,5,3047,3496,K,03E,2d,4S,Sk,0,1,,3,,,443,67,,1,426,61,13,9,1,5,1968
11,68,8,7,902,3497,U,03E,2d,4S,Sk,3,1,,,,,443,64,,1,1516,56,12,8,1,5,1968
11,68,6,1,739,3498,X,18F,2g,1L,Ja,1,1,,3,46,,115,66,,1,766,36,8,6,1,2,1968
11,68,9,4,1112,3499,D,11H,4h,3U,Up,0,1,,3,65,,174,67,,1,425,60,12,9,1,4,1968
11,68,7,1,2244,3500,V,10G,1g,3U,So,1,1,,3,80,,124,66,,1,773,43,9,7,1,4,1968
11,68,8,3,3048,3501,F,11D,2h,2H,Vr,0,2,3,1,,,349,67,,1,417,52,11,8,2,3,1968
11,68,7,1,3049,3502,X,20E,4c,1L,Ja,1,1,,3,,,458,66,,1,773,43,9,7,1,2,1968
11,68,3,8,3050,3503,+,20E,4c,1L,Ja,3,1,,1,,56,458,64,,1,1478,18,-9,-9,1,2,1968
11,68,7,7,1044,3504,D,03E,5i,4S,Bl,0,2,1,1,54,,416,67,,1,414,49,10,7,2,5,1968
11,68,8,3,1642,3505,S,03C,6c,4S,Sk,1,1,,3,83,,2,66,,1,782,52,11,8,1,5,1968
11,68,9,6,1547,3506,F,02D,0e,4S,Sk,0,2,5,,70,,305,67,,1,427,62,13,9,2,5,1968
11,68,8,7,1729,3507,V,28L,9d,1L,Lp,4,1,,,,,122,63,,1,1881,56,12,8,1,2,1968
11,68,9,5,1643,3508,D,02D,3g,4S,Sk,0,1,,3,81,,274,67,,1,426,61,13,9,1,5,1968
11,68,9,5,1311,3509,G,02D,3h,4S,Sk,0,2,3,1,65,,274,67,,1,426,61,13,9,2,5,1968
11,68,9,7,1113,3510,K,02D,3g,4S,Sk,0,2,4,1,70,,274,67,,1,428,63,13,9,2,5,1968
11,68,9,7,1045,3511,K,02D,3g,4S,Sk,0,1,,3,75,,274,67,,1,428,63,13,9,1,5,1968
11,68,9,7,1114,3512,K,02D,3g,4S,Sk,3,2,5,,71,,274,64,,1,1523,63,13,9,2,5,1968
11,68,9,7,1257,3513,K,02D,3g,4S,Sk,4,1,,3,88,,274,63,,1,1888,63,13,9,1,5,1968
11,68,9,7,1115,3514,K,02D,3g,4S,Sk,0,2,5,2,71,,274,67,,1,428,63,13,9,2,5,1968
11,68,9,5,1258,3515,D,02D,3g,4S,Sk,8,2,,,75,,274,58,,1,3711,61,13,9,2,5,1968
11,68,9,6,1116,3516,K,10G,1g,3U,So,3,2,4,3,49,,124,64,,1,1522,62,13,9,2,4,1968
11,68,9,7,3051,3517,F,10D,8c,2H,Vr,2,1,,,,,228,65,,1,1158,63,13,9,1,3,1968
11,68,9,6,2337,3518,V,11E,3f,2H,Vs,1,1,,3,,,172,66,,1,792,62,13,9,1,4,1968
11,68,9,7,1259,3519,K,11H,2i,3U,Up,4,1,,3,80,,341,63,,1,1888,63,13,9,1,4,1968
11,68,9,6,25,3520,V,11E,5f,2H,Vs,2,2,,,50,,457,65,,1,1157,62,13,9,2,4,1968
11,68,7,6,130,3521,V,10D,7h,2H,Vr,5,1,,3,86,,21,62,,1,2238,48,10,7,1,3,1968
11,68,9,6,1200,3522,K,10H,4c,3U,So,1,1,,3,72,,246,66,,1,792,62,13,9,1,4,1968
11,68,9,6,1201,3523,K,10H,4c,3U,So,1,2,5,,60,,246,66,,1,792,62,13,9,2,4,1968
11,68,9,5,1644,3524,S,10H,4c,3U,So,4,2,5,,66,,246,63,,1,1886,61,13,9,2,4,1968
11,68,9,1,903,3525,F,19E,3i,1L,Ja,0,2,1,,55,,52,67,,1,422,57,12,9,2,2,1968
11,68,7,5,526,3526,F,19E,3i,1L,Ja,0,2,1,,48,,52,67,,1,412,47,10,7,2,2,1968
11,68,7,6,904,3527,F,19E,3i,1L,Ja,0,2,1,,55,,52,67,,1,413,48,10,7,2,2,1968
11,68,8,7,1117,3528,F,18F,6a,1L,Ja,4,2,,,61,,52,63,,1,1881,56,12,8,2,2,1968
11,68,7,1,848,3529,F,19E,3i,1L,Ja,4,1,,3,75,,52,63,,1,1868,43,9,7,1,2,1968
11,68,8,2,1118,3530,F,19E,3i,1L,Ja,0,1,,3,80,,52,67,,1,416,51,11,8,1,2,1968
11,68,8,1,1119,3531,F,19E,3i,1L,Ja,0,1,,3,49,,52,67,,1,415,50,10,8,1,2,1968
11,68,8,2,740,3532,F,19E,3i,1L,Ja,0,1,,3,70,,52,67,,1,416,51,11,8,1,2,1968
11,68,8,1,652,3533,F,19E,3i,1L,Ja,1,1,,3,62,,52,66,,1,780,50,10,8,1,2,1968
11,68,8,2,849,3534,F,19E,3i,1L,Ja,0,1,,3,65,,52,67,,1,416,51,11,8,1,2,1968
11,68,8,2,741,3535,F,19E,3i,1L,Ja,0,1,,1,65,,52,67,,1,416,51,11,8,1,2,1968
11,68,7,6,850,3536,F,19E,3i,1L,Ja,1,2,,,69,,52,66,,1,778,48,10,7,2,2,1968
11,68,7,6,851,3537,F,19E,3i,1L,Ja,1,1,,3,75,,52,66,,1,778,48,10,7,1,2,1968
11,68,7,4,742,3538,F,19E,3i,1L,Ja,0,1,,3,70,,52,67,,1,411,46,10,7,1,2,1968
11,68,6,6,852,3539,F,19E,3i,1L,Ja,0,1,,3,55,,52,67,,1,406,41,9,6,1,2,1968
11,68,7,3,653,3540,F,19E,3i,1L,Ja,0,2,,,51,,52,67,,1,410,45,9,7,2,2,1968
11,68,7,1,654,3541,F,19E,3i,1L,Ja,0,1,,3,65,,52,67,,1,408,43,9,7,1,2,1968
11,68,7,2,853,3542,F,19E,3i,1L,Ja,3,1,,3,62,,52,64,,1,1504,44,9,7,1,2,1968
11,68,7,6,743,3543,F,19E,3i,1L,Ja,8,1,,1,65,,52,59,,1,3333,48,10,7,1,2,1968
11,68,8,7,655,3544,U,19E,3i,1L,Ja,2,1,,3,75,,52,65,,1,1151,56,12,8,1,2,1968
11,68,7,5,656,3545,F,19E,3i,1L,Ja,1,2,,,65,,52,66,,1,777,47,10,7,2,2,1968
11,68,9,7,3052,3546,$,12I,4c,3U,Up,3,2,4,1,55,,266,64,,1,1523,63,13,9,2,4,1968
11,68,8,3,3053,3547,U,10I,2h,3U,So,4,1,,3,70,,59,63,,1,1877,52,11,8,1,4,1968
11,68,10,1,1046,3548,T,16E,2b,1L,Hr,4,2,1,,36,,463,63,,1,1889,64,13,10,2,2,1968
11,68,9,6,744,3549,K,11I,8e,3U,Up,5,2,5,,78,,370,62,,1,2252,62,13,9,2,4,1968
11,68,9,6,3054,3550,K,11I,8e,3U,Up,1,2,3,1,55,,370,66,,1,792,62,13,9,2,4,1968
11,68,5,9,3055,3551,V,11I,8e,3U,Up,1,2,3,1,,,370,66,,1,762,32,-9,-9,2,4,1968
11,68,5,9,3056,3552,V,11I,8e,3U,Up,2,1,,,,,370,65,,1,1127,32,-9,-9,5,4,1968
11,68,5,9,3057,3553,V,11I,8e,3U,Up,1,1,,,,,370,66,,1,762,32,-9,-9,5,4,1968
11,68,9,3,905,3554,X,19G,1e,1L,Ja,0,1,,3,73,,399,67,,1,424,59,12,9,1,2,1968
11,68,10,2,1120,3555,S,09G,7f,3U,So,0,1,,3,64,,280,67,,1,430,65,13,10,1,4,1968
11,68,10,2,745,3556,L,09H,2a,3U,So,4,2,4,1,61,,280,63,,1,1890,65,13,10,2,4,1968
11,68,10,3,657,3557,L,09H,2a,3U,So,1,1,,3,76,,280,66,,1,796,66,14,10,1,4,1968
11,68,9,5,906,3558,F,10I,1c,3U,So,6,2,5,,56,,206,61,,1,2616,61,13,9,2,4,1968
11,68,9,5,1730,3559,S,10I,1c,3U,So,2,1,,3,69,,206,65,,1,1156,61,13,9,1,4,1968
11,68,10,2,907,3560,F,10I,1c,3U,So,1,2,4,2,45,,206,66,,1,795,65,13,10,2,4,1968
11,68,9,6,908,3561,F,10I,1c,3U,So,1,2,4,1,59,,206,66,,1,792,62,13,9,2,4,1968
11,68,7,5,909,3562,K,03C,0i,4S,Sk,0,1,,3,72,,40,67,,1,412,47,10,7,1,5,1968
11,68,6,7,910,3563,K,03C,0i,4S,Sk,2,2,4,1,76,,40,65,,1,1137,42,9,6,2,5,1968
11,68,6,7,1047,3564,K,03C,0i,4S,Sk,0,1,,3,86,,40,67,,1,407,42,9,6,1,5,1968
11,68,6,7,1202,3565,K,03C,0i,4S,Sk,0,2,4,2,76,,40,67,,1,407,42,9,6,2,5,1968
11,68,6,7,1459,3566,K,03C,0i,4S,Sk,0,1,,3,87,,40,67,,1,407,42,9,6,1,5,1968
11,68,6,7,1548,3567,K,03C,0i,4S,Sk,2,1,,3,63,,40,65,,1,1137,42,9,6,1,5,1968
11,68,7,6,854,3568,K,03C,0i,4S,Sk,3,1,,3,82,,40,64,,1,1508,48,10,7,1,5,1968
11,68,7,6,1048,3569,K,03C,0i,4S,Sk,0,1,,3,81,,40,67,,1,413,48,10,7,1,5,1968
11,68,7,6,1312,3570,K,03C,0i,4S,Sk,4,2,4,3,86,,40,63,,1,1873,48,10,7,2,5,1968
11,68,7,6,1400,3571,K,03C,0i,4S,Sk,1,1,,3,96,,40,66,,1,778,48,10,7,1,5,1968
11,68,9,3,131,3572,V,11I,5f,3U,Up,1,1,,3,,65,68,66,,1,789,59,12,9,1,4,1968
11,68,9,3,132,3573,V,11I,5f,3U,Up,3,2,5,1,,57,68,64,,1,1519,59,12,9,2,4,1968
11,68,9,7,227,3574,V,11H,5i,3U,Up,0,2,4,3,,51,3,67,,1,428,63,13,9,2,4,1968
11,68,9,3,133,3575,V,11H,5i,3U,Up,1,1,,3,,66,3,66,,1,789,59,12,9,1,4,1968
11,68,9,7,2338,3576,V,11H,5i,3U,Up,0,2,1,,,45,3,67,,1,428,63,13,9,2,4,1968
11,68,9,4,228,3577,V,11H,5i,3U,Up,0,2,1,,,54,3,67,,1,425,60,12,9,2,4,1968
11,68,9,7,911,3578,D,11H,8j,3U,Up,0,2,5,,56,,121,67,,1,428,63,13,9,2,4,1968
11,68,9,5,2339,3579,V,10E,7f,2H,Vr,1,1,,3,64,,249,66,,1,791,61,13,9,1,3,1968
11,68,8,5,2245,3580,V,10E,7f,2H,Vr,0,2,1,,53,,249,67,,1,419,54,11,8,2,3,1968
11,68,10,2,746,3581,F,12C,1j,2H,Vr,2,1,,3,48,,367,65,,1,1160,65,13,10,1,3,1968
11,68,10,4,527,3582,F,11F,8b,2H,Vs,0,1,,3,60,,272,67,,1,432,67,14,10,1,4,1968
11,68,9,5,855,3583,K,03E,3e,4S,Bl,0,1,,3,68,,232,67,,1,426,61,13,9,1,5,1968
11,68,9,5,1049,3584,K,03E,3e,4S,Bl,5,1,,3,61,,232,62,,1,2251,61,13,9,1,5,1968
11,68,10,3,1203,3585,G,10G,4d,3U,So,1,1,,3,,,27,66,,1,796,66,14,10,1,4,1968
11,68,10,3,1050,3586,G,10G,4d,3U,So,1,1,,3,,,27,66,,1,796,66,14,10,1,4,1968
11,68,9,7,747,3587,F,11E,4e,2H,Vs,0,1,,3,55,,473,67,,1,428,63,13,9,1,4,1968
11,68,3,8,3058,3588,S,29J,7h,1L,Lp,7,2,,,,44,238,60,,1,2938,18,-9,-9,2,2,1968
11,67,50,8,3059,3589,S,29J,7h,1L,Lp,3,2,1,,,53,238,64,,1,1443,348,-9,-9,2,2,1967
11,68,4,5,1827,3590,T,28K,7h,1L,Lp,1,2,1,,38,,238,66,,1,756,26,6,4,2,2,1968
11,68,9,4,1204,3591,D,10I,1i,3U,So,2,1,,3,60,,32,65,,1,1155,60,12,9,1,4,1968
11,68,10,4,3000,3592,G,10I,1i,3U,So,3,1,,3,69,,32,64,,1,1527,67,14,10,1,4,1968
11,68,9,4,1205,3593,D,10I,1i,3U,So,0,1,,3,62,,32,67,,1,425,60,12,9,1,4,1968
11,68,9,0,3001,3594,V,10I,1i,3U,So,0,2,4,2,45,,32,67,,1,425,60,12,9,2,4,1968
11,68,9,6,1828,3595,L,07G,4i,SM,Sm,0,2,1,,42,,127,67,,1,427,62,13,9,2,5,1968
11,68,9,6,1731,3596,L,07G,4i,SM,Sm,0,1,,3,61,,127,67,,1,427,62,13,9,1,5,1968
11,68,10,1,748,3597,F,11H,9f,3U,Up,0,2,1,,,27,53,67,,1,429,64,13,10,2,4,1968
11,68,9,5,749,3598,F,11H,9f,3U,Up,1,2,4,2,,47,53,66,,1,791,61,13,9,2,4,1968
11,68,10,1,856,3599,F,11H,9f,3U,Up,1,2,1,,,46,53,66,,1,794,64,13,10,2,4,1968
11,68,10,2,1206,3600,G,01D,9j,4S,Sk,1,1,,3,79,,402,66,,1,795,65,13,10,1,5,1968
11,68,10,1,1051,3601,G,01D,9j,4S,Sk,0,2,4,3,70,,402,67,,1,429,64,13,10,2,5,1968
11,68,10,1,1052,3602,G,01D,9j,4S,Sk,2,1,,3,84,,402,65,,1,1159,64,13,10,1,5,1968
11,68,10,3,1645,3603,S,10H,4c,3U,So,0,1,,3,75,,246,67,,1,431,66,14,10,1,4,1968
11,68,10,6,2340,3604,V,11I,8d,3U,Up,0,1,,3,,63,89,67,,1,434,69,14,10,1,4,1968
11,68,10,7,26,3605,V,11I,8d,3U,Up,5,2,5,,,63,89,62,,1,2260,70,14,10,2,4,1968
11,68,10,6,134,3606,V,10H,2i,3U,So,0,2,5,1,53,,163,67,,1,434,69,14,10,2,4,1968
11,68,10,6,135,3607,V,10H,2i,3U,So,1,2,4,1,45,,163,66,,1,799,69,14,10,2,4,1968
11,68,10,5,2341,3608,V,10H,2i,3U,So,2,1,,3,72,,163,65,,1,1163,68,14,10,1,4,1968
11,68,8,4,1401,3609,S,18C,4j,1L,Hr,0,2,,,37,,363,67,,1,418,53,11,8,2,2,1968
11,68,9,7,3002,3610,U,03C,0i,4S,Sk,1,1,,,,,40,66,,1,793,63,13,9,1,5,1968
11,68,9,7,3003,3611,U,03C,0i,4S,Sk,0,1,,,,,40,67,,1,428,63,13,9,1,5,1968
11,68,8,7,3004,3612,U,03C,0i,4S,Sk,0,2,4,1,,,40,67,,1,421,56,12,8,2,5,1968
11,68,8,7,3005,3613,U,03C,0i,4S,Sk,0,2,4,1,,,40,67,,1,421,56,12,8,2,5,1968
11,68,8,7,3006,3614,U,03C,0i,4S,Sk,0,2,4,1,,,40,67,,1,421,56,12,8,2,5,1968
11,68,8,7,3007,3615,U,03C,0i,4S,Sk,2,1,,3,,,40,65,,1,1151,56,12,8,1,5,1968
11,68,8,7,3008,3616,U,03C,0i,4S,Sk,0,2,2,1,,,40,67,,1,421,56,12,8,2,5,1968
11,68,8,7,3009,3617,U,03C,0i,4S,Sk,0,2,4,1,,,40,67,,1,421,56,12,8,2,5,1968
11,68,8,7,3010,3618,U,03C,0i,4S,Sk,0,2,4,1,,,40,67,,1,421,56,12,8,2,5,1968
11,68,9,7,3011,3619,U,03C,0i,4S,Sk,0,2,5,1,,,40,67,,1,428,63,13,9,2,5,1968
11,68,9,7,3012,3620,U,03C,0i,4S,Sk,2,1,,,,,40,65,,1,1158,63,13,9,1,5,1968
11,68,9,7,3013,3621,U,03C,0i,4S,Sk,2,1,,,,,40,65,,1,1158,63,13,9,1,5,1968
11,68,9,7,3014,3622,U,03C,0i,4S,Sk,0,1,,,,,40,67,,1,428,63,13,9,1,5,1968
11,68,9,7,3015,3623,U,03C,0i,4S,Sk,0,1,,3,,,40,67,,1,428,63,13,9,1,5,1968
11,68,7,8,3016,3624,U,01D,9j,4S,Sk,0,1,,1,61,,402,67,,1,411,46,-9,-9,1,5,1968
11,68,10,7,2127,3625,L,11H,2j,3U,Up,0,2,5,1,57,,341,67,,1,435,70,14,10,2,4,1968
11,68,9,3,1054,3627,D,09F,9g,3U,Na,4,1,,3,81,,369,63,,1,1884,59,12,9,1,4,1968
11,68,8,3,1055,3628,G,09F,9g,3U,Na,3,2,4,2,56,,369,64,,1,1512,52,11,8,2,4,1968
11,68,5,6,229,3629,V,09F,9g,3U,Na,0,1,,3,55,,369,67,,1,399,34,7,5,1,4,1968
11,68,9,1,310,3630,V,09F,9g,3U,Na,1,2,5,,62,,369,66,,1,787,57,12,9,2,4,1968
11,68,5,7,27,3631,V,09F,9g,3U,Na,0,2,2,,50,,369,67,,1,400,35,7,5,2,4,1968
11,68,9,5,912,3632,G,09F,9g,3U,Na,0,2,,,60,,369,67,,1,426,61,13,9,2,4,1968
11,68,8,5,1313,3633,D,09F,9g,3U,Na,2,2,4,3,61,,369,65,,1,1149,54,11,8,2,4,1968
11,68,9,2,1121,3634,G,09F,9g,3U,Na,0,2,3,1,51,,369,67,,1,423,58,12,9,2,4,1968
11,68,8,6,1056,3635,G,09F,9g,3U,Na,3,1,,,72,,369,64,,1,1515,55,11,8,1,4,1968
11,68,8,2,913,3636,D,09F,8f,3U,Na,0,1,,3,63,,369,67,,1,416,51,11,8,1,4,1968
11,68,10,5,2246,3637,V,11F,6g,2H,Vs,0,2,3,1,50,,410,67,,1,433,68,14,10,2,4,1968
11,68,10,4,857,3638,F,11F,1g,2H,Vs,1,1,,3,55,,410,66,,1,797,67,14,10,1,4,1968
11,68,10,6,858,3639,F,11F,3c,2H,Vs,0,2,2,1,49,,410,67,,1,434,69,14,10,2,4,1968
11,68,10,5,2342,3640,V,11F,2c,2H,Vs,2,2,4,1,59,,410,65,,1,1163,68,14,10,2,4,1968
11,68,10,4,1918,3641,V,11F,6g,2H,Vs,2,1,,3,61,,410,65,,1,1162,67,14,10,1,4,1968
11,68,10,5,2247,3642,V,11F,2c,2H,Vs,1,2,4,1,52,,410,66,,1,798,68,14,10,2,4,1968
11,68,10,6,2128,3643,V,11F,4e,2H,Vs,2,1,,3,60,,410,65,,1,1164,69,14,10,1,4,1968
11,68,11,1,1207,3644,D,10I,8h,3U,Up,0,1,,3,63,,153,67,,1,436,71,15,11,1,4,1968
11,68,11,1,1208,3645,D,10I,8h,3U,Up,4,2,5,,81,,153,63,,1,1896,71,15,11,2,4,1968
11,68,11,1,1122,3646,D,10I,8h,3U,Up,1,1,,3,71,,153,66,,1,801,71,15,11,1,4,1968
11,68,10,6,1123,3647,K,10I,3d,3U,So,1,2,5,,58,,153,66,,1,799,69,14,10,2,4,1968
11,68,11,1,1209,3648,D,10I,8h,3U,Up,0,1,,3,72,,153,67,,1,436,71,15,11,1,4,1968
11,68,11,1,914,3649,D,10I,8h,3U,Up,5,2,4,1,66,,153,62,,1,2261,71,15,11,2,4,1968
11,68,10,3,1402,3650,K,10I,2e,3U,So,0,2,5,,54,,153,67,,1,431,66,14,10,2,4,1968
11,68,11,2,136,3651,V,11H,8j,3U,Up,4,1,,3,69,,121,63,,1,1897,72,15,11,1,4,1968
11,68,10,7,1124,3652,K,11H,9j,3U,Up,1,2,5,,58,,121,66,,1,800,70,14,10,2,4,1968
11,68,10,7,915,3653,K,11H,8j,3U,Up,0,1,,3,78,,121,67,,1,435,70,14,10,1,4,1968
11,68,11,2,230,3654,V,11I,4b,3U,Up,0,2,5,,56,,408,67,,1,437,72,15,11,2,4,1968
11,68,9,5,750,3655,F,18F,6a,1L,Ja,3,2,,,51,,52,64,,1,1521,61,13,9,2,2,1968
11,68,9,4,1210,3656,D,11I,4e,3U,Up,0,2,1,,59,,23,67,,1,425,60,12,9,2,4,1968
11,68,10,1,1549,3657,S,11I,4f,3U,Up,3,2,5,,61,,23,64,,1,1524,64,13,10,2,4,1968
11,68,10,6,418,3658,V,18F,0c,1L,Ja,0,1,,3,60,,308,67,,1,434,69,14,10,1,2,1968
11,68,11,1,137,3659,V,11I,6a,3U,Up,1,1,,3,85,,174,66,,1,801,71,15,11,1,4,1968
11,68,10,6,1125,3660,K,03E,3e,4S,Bl,1,1,,3,139,,232,66,,1,799,69,14,10,1,5,1968
11,68,11,1,311,3661,V,12I,8h,3U,Up,1,2,4,1,55,,26,66,,1,801,71,15,11,2,4,1968
11,68,11,1,138,3662,V,12I,8h,3U,Up,2,2,4,1,57,,26,65,,1,1166,71,15,11,2,4,1968
11,68,9,6,751,3663,U,12D,4f,2H,Vr,5,1,,3,,,425,62,,1,2252,62,13,9,1,3,1968
11,68,9,6,1314,3664,K,12D,4f,2H,Vr,0,2,2,,52,,425,67,,1,427,62,13,9,2,3,1968
11,68,9,5,1403,3665,S,09G,7h,3U,So,7,2,5,,48,,400,60,,1,2981,61,13,9,2,4,1968
11,68,10,4,1732,3666,S,09G,7h,3U,So,0,2,5,,55,,400,67,,1,432,67,14,10,2,4,1968
11,68,10,7,1829,3667,V,09H,4c,3U,So,2,2,5,,67,,125,65,,1,1165,70,14,10,2,4,1968
11,68,10,7,1211,3668,K,02D,3h,4S,Sk,3,2,5,,71,,274,64,,1,1530,70,14,10,2,5,1968
11,68,10,7,1126,3669,K,02D,3h,4S,Sk,0,1,,3,93,,274,67,,1,435,70,14,10,1,5,1968
11,68,10,7,1127,3670,K,02D,3g,4S,Sk,0,2,5,,69,,274,67,,1,435,70,14,10,2,5,1968
11,68,10,5,419,3671,V,11D,5b,2H,Vr,4,1,,3,67,,312,63,,1,1893,68,14,10,1,3,1968
11,68,9,7,1057,3672,K,09G,6g,3U,So,0,1,,3,55,,105,67,,1,428,63,13,9,1,4,1968
11,68,9,7,1315,3673,K,09G,6g,3U,So,1,2,3,1,59,,105,66,,1,793,63,13,9,2,4,1968
11,68,10,3,2020,3674,V,09G,6g,3U,So,8,2,2,,58,,105,58,,1,3716,66,14,10,2,4,1968
11,68,10,4,1128,3675,S,09G,6g,3U,So,2,1,,3,63,,105,65,,1,1162,67,14,10,1,4,1968
11,68,10,7,139,3676,V,09G,6g,3U,So,2,2,5,,65,,105,65,,1,1165,70,14,10,2,4,1968
11,68,10,6,2343,3677,V,09G,6g,3U,So,0,2,3,1,49,,105,67,,1,434,69,14,10,2,4,1968
11,68,10,5,2248,3678,V,09G,6g,3U,So,0,2,5,2,62,,105,67,,1,433,68,14,10,2,4,1968
11,68,11,1,1733,3679,S,11G,0j,3U,Vs,2,1,,3,67,,360,65,,1,1166,71,15,11,1,4,1968
11,68,11,1,420,3680,V,08G,0c,3U,Og,0,1,,3,63,,92,67,,1,436,71,15,11,1,5,1968
11,68,11,1,140,3681,V,08G,0c,3U,Og,1,2,5,,50,,92,66,,1,801,71,15,11,2,5,1968
11,68,11,1,312,3682,V,08G,0c,3U,Og,1,2,,,55,,92,66,,1,801,71,15,11,2,5,1968
11,68,11,1,1129,3683,S,08G,0c,3U,Og,0,1,,3,60,,159,67,,1,436,71,15,11,1,5,1968
11,68,10,7,1058,3684,S,11H,2i,3U,Up,0,1,,3,68,,462,67,,1,435,70,14,10,1,4,1968
11,68,11,2,2249,3685,L,11H,2i,3U,Up,0,2,5,,50,,462,67,,1,437,72,15,11,2,4,1968
11,68,8,6,1646,3686,S,10I,2a,3U,So,1,2,3,1,58,,466,66,,1,785,55,11,8,2,4,1968
11,68,11,2,2250,3687,V,10E,7e,2H,Vr,1,1,,3,65,,239,66,,1,802,72,15,11,1,3,1968
11,68,10,7,2129,3688,V,10E,7e,2H,Vr,0,2,5,,58,,239,67,,1,435,70,14,10,2,3,1968
11,68,11,1,2021,3689,V,10E,7e,2H,Vr,0,2,5,,51,,239,67,,1,436,71,15,11,2,3,1968
11,68,10,7,3017,3690,V,11E,8e,2H,Vs,1,1,,3,59,,188,66,,1,800,70,14,10,1,4,1968
11,68,10,4,3018,3691,F,13D,2b,2H,Vr,0,2,,,41,,48,67,,1,432,67,14,10,2,3,1968
11,68,11,2,28,3692,V,11D,4b,2H,Vr,4,2,5,,65,,336,63,,1,1897,72,15,11,2,3,1968
11,68,6,6,2344,3693,V,11D,4b,2H,Vr,0,1,,3,58,,336,67,,1,406,41,9,6,1,3,1968
11,68,10,6,2345,3694,V,11F,4f,2H,Vs,0,2,3,1,48,,410,67,,1,434,69,14,10,2,4,1968
11,68,10,7,2251,3695,V,11F,4f,2H,Vs,1,2,1,,47,,410,66,,1,800,70,14,10,2,4,1968
11,68,10,6,859,3696,D,11F,5f,2H,Vs,0,2,2,,45,,410,67,,1,434,69,14,10,2,4,1968
11,68,11,3,231,3697,V,11F,2c,2H,Vs,1,2,5,,62,,410,66,,1,803,73,15,11,2,4,1968
11,68,11,1,3019,3698,V,11F,3c,2H,Vs,1,1,,3,70,,410,66,,1,801,71,15,11,1,4,1968
11,68,11,1,3020,3699,V,11F,3c,2H,Vs,0,2,5,1,63,,410,67,,1,436,71,15,11,2,4,1968
11,68,10,5,800,3700,F,11F,6g,2H,Vs,2,1,,3,65,,410,65,,1,1163,68,14,10,1,4,1968
11,68,11,1,29,3701,V,11F,6g,2H,Vs,1,2,4,3,52,,410,66,,1,801,71,15,11,2,4,1968
11,68,9,5,1647,3702,S,10I,9i,3U,Up,1,1,,3,73,,7,66,,1,791,61,13,9,1,4,1968
11,68,11,6,658,3703,L,10I,9i,3U,Up,3,1,,3,70,,7,64,,1,1536,76,16,11,1,4,1968
11,68,11,4,1734,3704,L,10I,9i,3U,Up,0,1,,3,70,,7,67,,1,439,74,15,11,1,4,1968
11,68,10,5,1735,3705,L,10I,9i,3U,Up,2,1,,3,83,,7,65,,1,1163,68,14,10,1,4,1968
11,68,7,6,1404,3706,L,10I,9i,3U,Up,0,1,,3,68,,7,67,,1,413,48,10,7,1,4,1968
11,68,9,7,1736,3707,S,10I,9i,3U,Up,0,1,,3,65,,7,67,,1,428,63,13,9,1,4,1968
11,68,11,6,313,3708,V,10I,1i,3U,So,0,2,5,,64,,32,67,,1,441,76,16,11,2,4,1968
11,68,11,6,314,3709,V,10I,1i,3U,So,3,2,5,,72,,32,64,,1,1536,76,16,11,2,4,1968
11,68,11,5,2252,3710,V,10I,1i,3U,So,0,1,,3,74,,32,67,,1,440,75,15,11,1,4,1968
11,68,9,7,1737,3711,S,10I,9i,3U,Up,1,2,4,2,50,,7,66,,1,793,63,13,9,2,4,1968
11,68,11,2,801,3712,F,20E,1j,1L,Ja,2,1,,3,72,,108,65,,1,1167,72,15,11,1,2,1968
11,68,11,7,3021,3713,+,11J,0b,3U,Up,3,2,5,,,36,148,64,,1,1537,77,16,11,2,4,1968
11,68,10,3,752,3714,F,16E,1c,1L,Hr,0,1,,3,45,,319,67,,1,431,66,14,10,1,2,1968
11,68,10,3,30,3715,V,11F,0c,2H,Vs,0,1,,3,,,270,67,,1,431,66,14,10,1,4,1968
11,68,11,3,1130,3716,D,02D,8j,4S,Sk,0,2,5,,,,129,67,,1,438,73,15,11,2,5,1968
11,68,11,6,1059,3717,K,10G,7a,3U,Vs,1,1,,3,71,,282,66,,1,806,76,16,11,1,4,1968
11,68,11,3,659,3718,V,18F,0c,1L,Ja,0,1,,3,55,,308,67,,1,438,73,15,11,1,2,1968
11,68,11,3,141,3719,V,12I,6f,3U,Up,0,2,5,,55,,24,67,,1,438,73,15,11,2,4,1968
11,68,11,3,31,3720,V,12I,6f,3U,Up,0,2,5,,53,,24,67,,1,438,73,15,11,2,4,1968
11,68,11,1,802,3721,F,12I,6f,3U,Up,2,1,,3,52,,24,65,,1,1166,71,15,11,1,4,1968
11,68,11,3,916,3722,S,09F,6j,3U,Og,1,1,,3,65,,43,66,,1,803,73,15,11,1,5,1968
11,68,11,2,2253,3723,V,12D,2h,2H,Vr,0,2,,,,,391,67,,1,437,72,15,11,2,3,1968
11,68,10,1,917,3724,F,09I,9b,3U,So,0,1,,3,65,,343,67,,1,429,64,13,10,1,4,1968
11,68,11,4,1131,3725,S,09I,9b,3U,So,2,2,4,1,55,,343,65,,1,1169,74,15,11,2,4,1968
11,68,11,4,32,3726,V,09I,9b,3U,So,3,2,4,1,50,,343,64,,1,1534,74,15,11,2,4,1968
11,68,10,3,918,3727,F,09I,9b,3U,So,0,2,4,1,51,,343,67,,1,431,66,14,10,2,4,1968
11,68,11,4,2346,3728,V,09I,9b,3U,So,4,1,,3,76,,343,63,,1,1899,74,15,11,1,4,1968
11,68,9,7,919,3729,F,09I,9b,3U,So,0,1,,3,64,,343,67,,1,428,63,13,9,1,4,1968
11,68,9,5,1000,3730,S,09I,9b,3U,So,0,2,4,1,58,,343,67,,1,426,61,13,9,2,4,1968
11,68,11,5,232,3731,L,09I,9b,3U,So,1,1,,3,73,,343,66,,1,805,75,15,11,1,4,1968
11,68,11,5,1830,3732,S,10I,7h,3U,Up,8,2,4,1,64,,417,59,,1,3360,75,15,11,2,4,1968
11,68,11,6,1405,3733,K,10I,7a,3U,Up,0,2,6,,54,,93,67,,1,441,76,16,11,2,4,1968
11,68,10,6,233,3734,V,11H,5j,3U,Up,1,2,5,,61,,128,66,,1,799,69,14,10,2,4,1968
11,68,10,7,315,3735,V,11H,5j,3U,Up,4,2,5,,68,,128,63,,1,1895,70,14,10,2,4,1968
11,68,11,7,1001,3736,K,10I,7a,3U,Up,0,2,5,,,37,33,67,,1,442,77,16,11,2,4,1968
11,68,11,3,1550,3737,G,10I,7b,3U,Up,2,1,,3,77,,33,65,,1,1168,73,15,11,1,4,1968
11,68,10,5,3022,3738,K,10I,7a,3U,Up,5,1,,3,63,,33,62,,1,2258,68,14,10,1,4,1968
11,68,11,3,1551,3739,G,10I,7b,3U,Up,3,2,5,,66,,33,64,,1,1533,73,15,11,2,4,1968
11,68,11,4,2254,3740,V,10I,7b,3U,Up,0,2,5,,64,,33,67,,1,439,74,15,11,2,4,1968
11,68,11,3,2347,3741,V,12C,5e,2H,Vr,3,1,,3,67,,295,64,,1,1533,73,15,11,1,3,1968
11,68,11,6,142,3742,V,12C,5e,2H,Vr,0,2,4,3,48,,295,67,,1,441,76,16,11,2,3,1968
11,68,10,2,143,3743,V,12C,5e,2H,Vr,3,2,,,48,,295,64,,1,1525,65,13,10,2,3,1968
11,68,10,4,144,3744,V,12C,5e,2H,Vr,0,1,,3,,,295,67,,1,432,67,14,10,1,3,1968
11,68,11,2,3023,3745,V,12C,5e,2H,Vr,1,2,1,,51,,295,66,,1,802,72,15,11,2,3,1968
11,68,10,1,2348,3746,V,12C,5e,2H,Vr,0,1,,3,68,,295,67,,1,429,64,13,10,1,3,1968
11,68,9,5,316,3747,V,12C,5e,2H,Vr,1,1,,3,62,,295,66,,1,791,61,13,9,1,3,1968
11,68,11,6,803,3748,F,11E,5f,2H,Vs,0,2,4,3,43,,457,67,,1,441,76,16,11,2,4,1968
11,68,11,2,1552,3749,S,10G,9g,3U,Vs,0,2,5,,,,63,67,,1,437,72,15,11,2,4,1968
11,68,11,2,1553,3750,S,10G,9g,3U,Vs,2,1,,3,,,63,65,,1,1167,72,15,11,1,4,1968
11,68,11,7,145,3751,V,11E,3f,2H,Vs,1,2,4,1,68,,156,66,,1,807,77,16,11,2,4,1968
11,68,11,6,1132,3752,G,02D,8c,4S,Sk,1,2,5,,86,,278,66,,1,806,76,16,11,2,5,1968
11,68,11,6,1212,3753,G,02D,8c,4S,Sk,0,1,,3,89,,278,67,,1,441,76,16,11,1,5,1968
11,68,11,3,2130,3754,V,09H,4c,3U,So,0,1,,3,69,,125,67,,1,438,73,15,11,1,4,1968
11,68,11,6,3024,3755,U,14C,6i,2H,Dr,0,2,2,1,44,,59,67,,1,441,76,16,11,2,3,1968
11,68,10,6,146,3756,V,10E,7e,2H,Vr,0,2,4,3,44,,239,67,,1,434,69,14,10,2,3,1968
11,68,10,7,2022,3757,V,10E,7e,2H,Vr,0,2,4,3,53,,239,67,,1,435,70,14,10,2,3,1968
11,68,11,1,2349,3758,V,10E,7e,2H,Vr,3,1,,3,58,,239,64,,1,1531,71,15,11,1,3,1968
11,68,11,1,1738,3759,S,10E,7f,2H,Vr,1,2,4,1,53,,249,66,,1,801,71,15,11,2,3,1968
11,68,11,5,2255,3760,V,10E,7f,2H,Vr,1,2,5,,72,,249,66,,1,805,75,15,11,2,3,1968
11,68,11,1,1739,3761,F,10D,8g,2H,Vr,3,1,,3,64,,144,64,,1,1531,71,15,11,1,3,1968
11,67,36,2,804,3762,S,10D,8g,2H,Vr,0,2,,,,,144,67,,1,248,248,50,36,2,3,1967
11,68,3,7,920,3763,F,10D,8g,2H,Vr,1,2,,,55,,144,66,,1,751,21,5,3,2,3,1968
11,68,11,5,1740,3764,G,11C,8a,2H,Vr,0,2,5,,60,,397,67,,1,440,75,15,11,2,3,1968
11,68,11,2,147,3765,V,12F,6b,2H,Dr,0,2,4,2,56,,184,67,,1,437,72,15,11,2,3,1968
11,68,11,7,1133,3766,K,10G,1g,3U,So,2,1,,3,73,,124,65,,1,1172,77,16,11,1,4,1968
11,68,11,5,234,3767,S,08G,0c,3U,Og,0,2,5,,52,,92,67,,1,440,75,15,11,2,5,1968
11,68,11,4,2350,3768,V,08G,0c,3U,Og,0,2,5,,51,,92,67,,1,439,74,15,11,2,5,1968
11,68,11,3,235,3769,V,18C,0f,1L,Hr,7,2,,,,,299,60,,1,2993,73,15,11,2,2,1968
11,68,11,3,33,3770,V,18C,0f,1L,Hr,1,1,,3,,,299,66,,1,803,73,15,11,1,2,1968
11,68,11,2,2351,3771,V,18C,0f,1L,Hr,1,1,,3,,,299,66,,1,802,72,15,11,1,2,1968
11,68,10,5,1648,3772,S,10I,1c,3U,So,1,2,5,,57,,206,66,,1,798,68,14,10,2,4,1968
11,68,11,2,1741,3773,S,10I,1c,3U,So,5,2,5,,79,,206,62,,1,2262,72,15,11,2,4,1968
11,68,11,1,1919,3774,S,10I,1c,3U,So,2,2,5,,60,,206,65,,1,1166,71,15,11,2,4,1968
11,68,11,1,1831,3775,S,10I,1c,3U,So,0,1,,3,63,,206,67,,1,436,71,15,11,1,4,1968
11,68,9,6,1134,3776,S,10I,1c,3U,So,1,1,,3,66,,206,66,,1,792,62,13,9,1,4,1968
11,68,10,4,1832,3777,S,10I,1c,3U,So,0,1,,3,58,,206,67,,1,432,67,14,10,1,4,1968
11,68,10,7,1833,3778,S,10I,1c,3U,So,1,2,5,,58,,206,66,,1,800,70,14,10,2,4,1968
11,68,11,1,1002,3779,S,10I,1c,3U,So,0,1,,3,69,,206,67,,1,436,71,15,11,1,4,1968
11,68,10,4,1742,3780,S,10I,1c,3U,So,0,1,,3,41,,206,67,,1,432,67,14,10,1,4,1968
11,68,11,7,1003,3781,S,09F,6j,3U,Og,0,1,,3,74,,43,67,,1,442,77,16,11,1,5,1968
11,68,11,6,1004,3782,S,02C,7i,4S,Sk,3,1,,3,103,,263,64,,1,1536,76,16,11,1,5,1968
11,68,11,7,1743,3783,D,02C,7i,4S,Sk,2,1,,3,81,,263,65,,1,1172,77,16,11,1,5,1968
11,68,11,7,1554,3784,G,02C,7i,4S,Sk,2,2,5,,82,,263,65,,1,1172,77,16,11,2,5,1968
11,68,12,2,600,3785,S,09H,4c,3U,So,1,2,5,,64,,125,66,,1,809,79,16,12,2,4,1968
11,68,11,7,921,3786,K,09H,4c,3U,So,1,1,,3,66,,125,66,,1,807,77,16,11,1,4,1968
11,68,11,7,1135,3787,K,09H,4c,3U,So,1,1,,3,68,,125,66,,1,807,77,16,11,1,4,1968
11,68,11,4,2256,3788,V,12D,2h,2H,Vr,0,2,3,1,40,,391,67,,1,439,74,15,11,2,3,1968
11,68,11,7,753,3789,S,10H,4c,3U,So,1,2,5,,49,,246,66,,1,807,77,16,11,2,4,1968
11,68,11,7,1316,3790,S,10H,4c,3U,So,6,2,5,,50,,246,61,,1,2632,77,16,11,2,4,1968
11,68,12,1,236,3791,V,12I,8h,3U,Up,0,2,5,,56,,26,67,,1,443,78,16,12,2,4,1968
11,68,11,2,805,3792,X,20E,4c,1L,Ja,1,2,,,,,458,66,,1,802,72,15,11,2,2,1968
11,68,13,1,601,3793,F,11E,8e,2H,Vs,1,2,4,1,49,,188,66,,1,815,85,17,13,2,4,1968
11,68,12,1,754,3794,F,10G,4d,3U,So,0,1,,3,,,27,67,,1,443,78,16,12,1,4,1968
11,68,11,6,2352,3795,V,12I,6f,3U,Up,0,2,4,2,56,,24,67,,1,441,76,16,11,2,4,1968
11,68,11,6,148,3796,V,11E,4b,2H,Vr,0,2,2,1,41,,95,67,,1,441,76,16,11,2,3,1968
11,68,11,6,1005,3797,G,03C,3f,4S,Sk,2,2,7,,,,11,65,,1,1171,76,16,11,2,5,1968
11,68,11,6,34,3798,V,11E,4b,2H,Vr,2,2,4,1,49,,95,65,,1,1171,76,16,11,2,3,1968
11,68,11,1,755,3799,U,10H,1b,3U,So,0,1,,3,65,,400,67,,1,436,71,15,11,1,4,1968
11,68,12,3,806,3800,F,10H,1b,3U,So,0,2,5,,49,,400,67,,1,445,80,16,12,2,4,1968
11,68,11,3,149,3801,V,12I,5c,3U,Up,2,2,5,,,49,89,65,,1,1168,73,15,11,2,4,1968
11,68,11,6,2131,3802,V,11I,8d,3U,Up,0,2,5,,,46,89,67,,1,441,76,16,11,2,4,1968
11,68,11,7,237,3803,V,11I,8d,3U,Up,0,2,4,1,,47,89,67,,1,442,77,16,11,2,4,1968
11,68,12,2,922,3804,K,09G,6g,3U,So,0,2,5,,40,,105,67,,1,444,79,16,12,2,4,1968
11,68,12,2,1006,3805,F,09G,6g,3U,So,4,2,5,,57,,105,63,,1,1904,79,16,12,2,4,1968
11,68,12,7,1406,3806,K,10I,0g,3U,So,7,2,5,,57,,245,60,,1,3004,84,17,12,2,4,1968
11,68,12,7,1007,3807,K,10I,0g,3U,So,0,1,,3,54,,245,67,,1,449,84,17,12,1,4,1968
11,68,12,6,1317,3808,K,10H,6j,3U,Up,1,2,5,,67,,97,66,,1,813,83,17,12,2,4,1968
11,68,10,3,238,3809,V,11H,5i,3U,Up,0,2,,,,,4,67,,1,431,66,14,10,2,4,1968
11,68,5,6,239,3810,V,11I,6h,3U,Up,1,1,,3,,,231,66,,1,764,34,7,5,1,4,1968
11,68,10,7,150,3811,V,11H,5i,3U,Up,1,1,,3,,,4,66,,1,800,70,14,10,1,4,1968
11,68,10,6,151,3812,V,11J,2d,3U,Up,0,2,4,1,,48,4,67,,1,434,69,14,10,2,4,1968
11,68,11,4,152,3813,V,12H,7h,3U,Up,0,1,,3,,,413,67,,1,439,74,15,11,1,4,1968
11,68,9,6,240,3814,V,11H,5i,3U,Up,1,1,,3,,,4,66,,1,792,62,13,9,1,4,1968
11,68,7,6,923,3815,D,12H,8c,2H,Ga,1,1,,3,,58,8,66,,1,778,48,10,7,1,4,1968
11,68,8,6,1008,3816,D,12H,8c,2H,Ga,1,2,1,,,60,8,66,,1,785,55,11,8,2,4,1968
11,68,11,7,153,3817,V,11H,9j,3U,Up,2,1,,3,,,197,65,,1,1172,77,16,11,1,4,1968
11,68,11,3,2257,3818,V,10E,7f,2H,Vr,2,1,,3,62,,249,65,,1,1168,73,15,11,1,3,1968
11,68,11,5,1834,3819,S,10E,7f,2H,Vr,0,2,4,1,47,,249,67,,1,440,75,15,11,2,3,1968
11,68,11,6,2353,3820,V,10E,7f,2H,Vr,0,1,,3,52,,249,67,,1,441,76,16,11,1,3,1968
11,68,12,3,317,3821,V,12I,6f,3U,Up,0,1,,3,66,,24,67,,1,445,80,16,12,1,4,1968
11,68,11,2,2354,3822,V,11H,4h,3U,Up,1,2,5,,71,,174,66,,1,802,72,15,11,2,4,1968
11,68,12,4,318,3823,V,11E,3f,2H,Vs,0,2,4,1,49,,156,67,,1,446,81,17,12,2,4,1968
11,68,12,4,1555,3824,D,03C,3e,4S,Sk,0,2,5,,60,,322,67,,1,446,81,17,12,2,5,1968
11,68,11,7,1318,3825,K,10E,4b,2H,Vr,1,2,5,,,,361,66,,1,807,77,16,11,2,3,1968
11,68,11,3,154,3826,V,12D,4f,2H,Vr,2,1,,3,62,,425,65,,1,1168,73,15,11,1,3,1968
11,68,11,5,1835,3827,F,12D,4f,2H,Vr,0,2,4,1,48,,425,67,,1,440,75,15,11,2,3,1968
11,68,11,6,35,3828,V,12D,4f,2H,Vr,1,1,,3,61,,425,66,,1,806,76,16,11,1,3,1968
11,68,11,7,807,3829,F,11E,7g,2H,Vs,2,2,3,1,50,,437,65,,1,1172,77,16,11,2,4,1968
11,68,12,1,1319,3830,S,02D,8g,4S,Sk,1,2,5,,80,,9,66,,1,808,78,16,12,2,5,1968
11,68,11,6,1320,3831,S,02D,8g,4S,Sk,0,2,5,,59,,9,67,,1,441,76,16,11,2,5,1968
11,68,11,6,1136,3832,S,02D,7d,4S,Sk,0,2,5,,74,,9,67,,1,441,76,16,11,2,5,1968
11,68,11,6,241,3833,V,11D,5b,2H,Vr,1,1,,,66,,312,66,,1,806,76,16,11,1,3,1968
11,68,12,1,155,3834,V,11D,5b,2H,Vr,0,1,,,54,,312,67,,1,443,78,16,12,1,3,1968
11,68,12,4,1137,3835,F,11E,6g,2H,Vs,4,2,,,57,,166,63,,1,1906,81,17,12,2,4,1968
11,68,11,3,421,3836,V,10D,4d,2H,Vr,1,1,,3,,,14,66,,1,803,73,15,11,1,3,1968
11,68,12,2,422,3837,V,16E,1c,1L,Hr,0,1,,3,48,,319,67,,1,444,79,16,12,1,2,1968
11,68,12,4,242,3838,V,10C,8i,2H,Vr,0,2,5,,47,,151,67,,1,446,81,17,12,2,3,1968
11,68,10,0,3025,3839,V,10C,8i,2H,Vr,0,1,,,,,151,67,,1,432,67,14,10,1,3,1968
11,68,11,3,156,3840,V,10C,8i,2H,Vr,5,2,,,,,151,62,,1,2263,73,15,11,2,3,1968
11,68,11,5,2355,3841,V,10C,8i,2H,Vr,0,1,,3,69,,151,67,,1,440,75,15,11,1,3,1968
11,68,12,1,2356,3842,V,10C,8i,2H,Vr,0,2,5,,67,,151,67,,1,443,78,16,12,2,3,1968
11,68,11,3,2023,3843,V,11F,8j,2H,Vs,1,1,,3,79,,410,66,,1,803,73,15,11,1,4,1968
11,68,12,1,808,3844,F,11F,6g,2H,Vs,0,2,5,,56,,410,67,,1,443,78,16,12,2,4,1968
11,68,11,5,3026,3845,V,11F,4f,2H,Vs,1,1,,3,74,,410,66,,1,805,75,15,11,1,4,1968
11,68,11,5,3027,3846,V,11F,4f,2H,Vs,0,1,,3,51,,410,67,,1,440,75,15,11,1,4,1968
11,68,11,6,3028,3847,V,11F,4f,2H,Vs,0,2,2,1,46,,410,67,,1,441,76,16,11,2,4,1968
11,68,9,6,2132,3848,V,10I,0c,3U,So,0,1,,3,81,,254,67,,1,427,62,13,9,1,4,1968
11,68,9,5,756,3849,S,10I,0c,3U,So,0,1,,3,73,,254,67,,1,426,61,13,9,1,4,1968
11,68,10,4,2133,3850,V,10I,0c,3U,So,0,1,,3,65,,254,67,,1,432,67,14,10,1,4,1968
11,68,11,7,1556,3851,G,10I,0c,3U,So,0,1,,3,62,,254,67,,1,442,77,16,11,1,4,1968
11,68,11,4,809,3852,F,10I,0c,3U,So,0,1,,3,78,,254,67,,1,439,74,15,11,1,4,1968
11,68,10,7,757,3853,F,10I,0c,3U,So,0,2,4,3,49,,254,67,,1,435,70,14,10,2,4,1968
11,68,11,4,319,3854,V,11I,4b,3U,Up,3,2,5,,,43,64,64,,1,1534,74,15,11,2,4,1968
11,68,12,7,243,3855,V,11I,8d,3U,Up,2,2,5,,,50,89,65,,1,1179,84,17,12,2,4,1968
11,68,12,5,758,3856,X,19F,7e,1L,Ja,0,2,4,3,41,,217,67,,1,447,82,17,12,2,2,1968
11,68,12,5,924,3857,X,20F,8e,1L,Ja,4,2,4,2,49,,250,63,,1,1907,82,17,12,2,2,1968
11,68,11,2,2258,3858,V,09H,7f,3U,So,0,1,,,,,117,67,,1,437,72,15,11,1,4,1968
11,68,12,2,1649,3859,X,18F,0c,1L,Ja,1,2,4,2,48,,308,66,,1,809,79,16,12,2,2,1968
11,68,12,4,925,3860,X,18F,0c,1L,Ja,0,1,,3,50,,308,67,,1,446,81,17,12,1,2,1968
11,68,12,5,320,3861,V,13F,3c,2H,Dr,1,2,5,,66,,80,66,,1,812,82,17,12,2,3,1968
11,68,13,1,759,3862,F,13F,3c,2H,Dr,0,2,5,,51,,80,67,,1,450,85,17,13,2,3,1968
11,68,12,5,1836,3863,T,13I,0d,3U,Up,1,2,5,,51,,87,66,,1,812,82,17,12,2,4,1968
11,68,12,6,1213,3864,K,11H,4j,3U,Up,2,2,5,,85,,341,65,,1,1178,83,17,12,2,4,1968
11,68,12,6,1214,3865,K,11H,4j,3U,Up,0,1,,3,77,,341,67,,1,448,83,17,12,1,4,1968
11,68,9,1,2024,3866,V,10E,1c,2H,Vr,4,1,,3,71,,406,63,,1,1882,57,12,9,1,3,1968
11,68,7,6,1321,3867,F,10E,1c,2H,Vr,2,1,,3,76,,406,65,,1,1143,48,10,7,1,3,1968
11,68,9,6,1557,3868,S,10E,1c,2H,Vr,0,1,,3,75,,406,67,,1,427,62,13,9,1,3,1968
11,68,10,7,926,3869,K,10E,1c,2H,Vr,1,1,,3,79,,406,66,,1,800,70,14,10,1,3,1968
11,68,12,3,1009,3870,F,10I,1c,3U,So,0,2,4,,54,,206,67,,1,445,80,16,12,2,4,1968
11,68,12,3,810,3871,F,10I,1c,3U,So,0,2,5,,48,,206,67,,1,445,80,16,12,2,4,1968
11,68,12,6,1010,3872,F,10I,1c,3U,So,4,2,5,,59,,206,63,,1,1908,83,17,12,2,4,1968
11,68,12,7,1011,3873,F,11C,6j,2H,Vr,1,2,5,,65,,288,66,,1,814,84,17,12,2,3,1968
11,68,12,7,1012,3874,K,09H,4c,3U,So,0,2,4,1,51,,125,67,,1,449,84,17,12,2,4,1968
11,68,12,7,1837,3875,S,08G,0c,3U,Og,1,1,,3,63,,92,66,,1,814,84,17,12,1,5,1968
11,68,12,3,602,3876,F,18F,3f,1L,Ja,0,1,,3,81,,467,67,,1,445,80,16,12,1,2,1968
11,68,12,5,2259,3877,T,12I,8h,3U,Up,0,2,4,1,58,,26,67,,1,447,82,17,12,2,4,1968
11,68,5,4,157,3880,V,10D,8c,2H,Vr,1,2,,,,,140,66,,1,762,32,7,5,2,3,1968
11,68,7,5,244,3881,V,10D,8c,2H,Vr,1,1,,3,70,,140,66,,1,777,47,10,7,1,3,1968
11,68,3,7,2200,3882,V,10D,8c,2H,Vr,1,1,,3,,,140,66,,1,751,21,5,3,1,3,1968
11,68,7,5,321,3883,V,10D,8c,2H,Vr,0,1,,,,,140,67,,1,412,47,10,7,1,3,1968
11,67,52,3,245,3884,V,10D,8c,2H,Vr,2,2,,,,,140,65,,1,1091,361,73,52,2,3,1967
11,67,52,2,1407,3885,G,10D,8c,2H,Vr,1,1,,,,,140,66,,1,725,360,72,52,1,3,1967
11,68,11,4,158,3886,V,09F,8f,3U,Na,1,2,4,2,56,,369,66,,1,804,74,15,11,2,4,1968
11,68,10,5,1408,3887,S,09F,8f,3U,Na,5,1,,,73,,369,62,,1,2258,68,14,10,1,4,1968
11,68,11,2,246,3888,V,09F,8f,3U,Na,3,1,,1,60,,369,64,,1,1532,72,15,11,1,4,1968
11,68,12,7,927,3889,K,10F,3c,3U,Na,0,2,,,60,,369,67,,1,449,84,17,12,2,4,1968
11,68,12,7,1322,3890,K,10F,3c,3U,Na,0,1,,3,72,,369,67,,1,449,84,17,12,1,4,1968
11,68,12,7,928,3891,K,10F,3c,3U,Na,0,1,,3,67,,369,67,,1,449,84,17,12,1,4,1968
11,68,11,6,36,3892,V,09F,9g,3U,Na,0,1,,3,70,,369,67,,1,441,76,16,11,1,4,1968
11,68,11,7,247,3893,V,09F,9g,3U,Na,1,2,5,,57,,369,66,,1,807,77,16,11,2,4,1968
11,68,11,5,1323,3894,S,01D,9j,4S,Sk,0,1,,3,60,,402,67,,1,440,75,15,11,1,5,1968
11,68,11,6,3029,3895,F,12C,5e,2H,Vr,0,1,,3,62,,295,67,,1,441,76,16,11,1,3,1968
11,68,12,6,2357,3896,V,12C,5e,2H,Vr,0,2,2,1,44,,295,67,,1,448,83,17,12,2,3,1968
11,68,9,6,159,3897,V,12C,5e,2H,Vr,1,2,2,1,44,,295,66,,1,792,62,13,9,2,3,1968
11,68,12,2,2358,3898,V,12C,5e,2H,Vr,0,1,,3,68,,295,67,,1,444,79,16,12,1,3,1968
11,68,10,6,37,3899,V,11D,2d,2H,Vr,1,1,,3,61,,366,66,,1,799,69,14,10,1,3,1968
11,68,12,5,811,3900,X,20F,7h,1L,Ja,0,2,2,1,45,,147,67,,1,447,82,17,12,2,2,1968
11,68,12,6,700,3901,X,20F,8e,1L,Ja,0,1,,3,50,,250,67,,1,448,83,17,12,1,2,1968
11,68,11,7,701,3902,S,11E,7f,2H,Vs,4,1,,3,65,,176,63,,1,1902,77,16,11,1,4,1968
11,68,12,4,702,3903,F,09G,6g,3U,So,0,1,,3,64,,105,67,,1,446,81,17,12,1,4,1968
11,68,12,7,603,3904,X,20E,4c,1L,Ja,0,2,2,,,,458,67,,1,449,84,17,12,2,2,1968
11,68,12,7,604,3905,S,20E,0e,1L,Ja,6,2,1,,,,403,61,,1,2639,84,17,12,2,2,1968
11,68,12,7,812,3906,K,11H,1a,3U,Vs,1,1,,3,76,,145,66,,1,814,84,17,12,1,4,1968
11,68,12,7,929,3907,K,11H,1a,3U,Vs,1,2,,,,,145,66,,1,814,84,17,12,2,4,1968
11,68,12,7,1015,3908,K,11H,1a,3U,Vs,1,1,,3,75,,145,66,,1,814,84,17,12,1,4,1968
11,68,8,3,1324,3909,S,08F,3j,3U,Og,3,1,,,,56,196,64,,1,1512,52,11,8,1,5,1968
11,68,9,3,930,3910,S,08F,3j,3U,Og,1,1,,3,,55,196,66,,1,789,59,12,9,1,5,1968
11,68,7,5,1409,3911,S,08F,3j,3U,Og,1,1,,,,50,196,66,,1,777,47,10,7,1,5,1968
11,68,8,3,1325,3912,S,08F,3j,3U,Og,0,2,4,1,,48,206,67,,1,417,52,11,8,2,5,1968
11,68,8,2,1744,3913,S,08F,3j,3U,Og,0,1,,,,55,196,67,,1,416,51,11,8,1,5,1968
11,68,7,1,2134,3914,S,08F,3j,3U,Og,0,1,,3,64,,196,67,,1,408,43,9,7,1,5,1968
11,68,6,6,1650,3915,S,08F,3j,3U,Og,0,1,,,,48,196,67,,1,406,41,9,6,1,5,1968
11,68,6,6,1651,3916,S,08F,3j,3U,Og,0,2,1,,,51,196,67,,1,406,41,9,6,2,5,1968
11,68,12,6,1016,3917,G,11E,4b,2H,Vr,3,2,5,,52,,95,64,,1,1543,83,17,12,2,3,1968
11,68,13,3,605,3918,T,09F,9g,3U,Na,1,2,,,57,,369,66,,1,817,87,18,13,2,4,1968
11,68,12,6,38,3919,V,10E,7f,2H,Vr,1,2,4,1,56,,249,66,,1,813,83,17,12,2,3,1968
11,68,11,4,248,3920,V,12I,1f,3U,Up,0,1,,3,60,,434,67,,1,439,74,15,11,1,4,1968
11,68,13,6,1215,3921,K,10I,1b,3U,So,0,1,,3,69,,329,67,,1,455,90,18,13,1,4,1968
11,68,13,6,1017,3922,K,10I,1b,3U,So,0,2,5,,53,,329,67,,1,455,90,18,13,2,4,1968
11,68,13,3,100,3923,V,13D,0c,2H,Vr,0,2,4,1,55,,57,67,,1,452,87,18,13,2,3,1968
11,68,13,3,101,3924,V,13D,0c,2H,Vr,5,1,,3,68,,57,62,,1,2277,87,18,13,1,3,1968
11,68,13,7,1018,3925,K,10G,7a,3U,Vs,0,1,,3,56,,282,67,,1,456,91,19,13,1,4,1968
11,68,13,6,1138,3926,K,10G,7a,3U,Vs,0,2,5,,54,,282,67,,1,455,90,18,13,2,4,1968
11,68,13,5,1216,3927,S,09F,6j,3U,Og,0,2,5,,51,,43,67,,1,454,89,18,13,2,5,1968
11,68,13,6,931,3928,S,09F,6j,3U,Og,1,2,,,70,,43,66,,1,820,90,18,13,2,5,1968
11,68,13,6,1019,3929,S,09F,6j,3U,Og,0,1,,3,78,,43,67,,1,455,90,18,13,1,5,1968
11,68,13,6,813,3930,F,18F,3f,1L,Ja,1,2,,,71,,467,66,,1,820,90,18,13,2,2,1968
11,68,13,5,932,3931,F,20E,1j,1L,Ja,0,1,,3,41,,108,67,,1,454,89,18,13,1,2,1968
11,68,13,6,814,3932,F,11F,3c,2H,Vs,4,2,5,,55,,410,63,,1,1915,90,18,13,2,4,1968
11,68,13,7,1410,3933,K,11G,0j,3U,Vs,4,2,5,,67,,360,63,,1,1916,91,19,13,2,4,1968
11,68,13,7,933,3934,K,11G,0j,3U,Vs,1,1,,3,68,,360,66,,1,821,91,19,13,1,4,1968
11,68,13,6,1020,3935,K,11H,4j,3U,Up,0,2,5,,70,,341,67,,1,455,90,18,13,2,4,1968
11,68,13,5,1411,3936,F,09G,7h,3U,So,0,2,7,,,,400,67,,1,454,89,18,13,2,4,1968
11,68,13,5,1745,3937,G,03C,6c,4S,Sk,2,2,7,,58,,2,65,,1,1184,89,18,13,2,5,1968
11,68,13,7,1139,3938,K,10B,8h,2H,Vr,1,1,,3,,,287,66,,1,821,91,19,13,1,3,1968
11,68,13,4,1746,3939,S,09I,9b,3U,So,2,2,5,,71,,343,65,,1,1183,88,18,13,2,4,1968
11,68,13,7,934,3940,F,11E,7g,2H,Vs,1,1,,3,46,,437,66,,1,821,91,19,13,1,4,1968
11,68,13,7,39,3941,V,13F,3c,2H,Dr,1,2,5,,62,,80,66,,1,821,91,19,13,2,3,1968
11,68,14,1,1747,3942,S,09F,6j,3U,Og,0,1,,3,64,,43,67,,1,457,92,19,14,1,5,1968
11,68,14,2,935,3943,G,10G,4d,3U,So,0,2,1,,,,27,67,,1,458,93,19,14,2,4,1968
11,68,13,7,3030,3944,K,12D,1a,2H,Vr,0,2,7,,54,,216,67,,1,456,91,19,13,2,3,1968
11,68,13,7,3031,3945,K,12D,1a,2H,Vr,0,2,4,1,45,,216,67,,1,456,91,19,13,2,3,1968
11,68,12,7,3032,3946,K,12D,1a,2H,Vr,7,1,,3,51,,216,60,,1,3004,84,17,12,1,3,1968
11,68,11,4,1140,3947,V,09C,8j,2H,Vr,1,2,5,,62,,28,66,,1,804,74,15,11,2,3,1968
11,68,10,7,40,3948,V,09C,8j,2H,Vr,1,2,5,,64,,28,66,,1,800,70,14,10,2,3,1968
11,68,14,4,815,3949,F,11H,2j,3U,Up,0,1,,2,47,,341,67,,1,460,95,19,14,1,4,1968
11,68,14,3,528,3950,V,11D,5b,2H,Vr,5,2,5,,,47,312,62,,1,2284,94,19,14,2,3,1968
11,68,14,7,1920,3951,S,11J,0b,3U,Up,4,2,7,,58,,329,63,,1,1923,98,20,14,2,4,1968
11,68,14,6,529,3952,S,10I,9i,3U,Up,0,1,,3,,,7,67,,1,462,97,20,14,1,4,1968
11,68,15,1,530,3953,S,10I,9i,3U,Up,0,1,,1,55,,7,67,,1,464,99,20,15,1,4,1968
11,68,14,4,606,3954,S,13D,0c,2H,Vr,2,1,,3,67,,57,65,,1,1190,95,19,14,1,3,1968
11,68,15,1,1838,3955,S,10I,1b,3U,So,2,1,,3,59,,329,65,,1,1194,99,20,15,1,4,1968
11,68,14,6,102,3956,V,11D,8b,2H,Vr,0,2,5,,,41,214,67,,1,462,97,20,14,2,3,1968
11,68,14,6,2025,3957,T,10E,1d,3U,Na,1,2,,,,,406,66,,1,827,97,20,14,2,4,1968
11,68,14,5,607,3958,G,03D,3i,4S,Sk,0,2,7,,,,289,67,,1,461,96,20,14,2,5,1968
11,68,14,7,703,3959,F,11F,6g,2H,Vs,1,2,5,,52,,410,66,,1,828,98,20,14,2,4,1968
11,68,15,2,531,3960,V,13D,0c,2H,Vr,4,2,5,,52,,57,63,,1,1925,100,20,15,2,3,1968
11,68,15,2,532,3961,V,13D,0c,2H,Vr,1,2,5,,72,,57,66,,1,830,100,20,15,2,3,1968
11,68,15,1,936,3962,F,11E,7g,2H,Vs,0,1,,3,47,,161,67,,1,464,99,20,15,1,4,1968
11,68,15,1,103,3963,V,18F,0c,1L,Ja,0,1,,3,42,,308,67,,1,464,99,20,15,1,2,1968
11,68,14,7,3033,3964,F,11E,8e,2H,Vs,0,2,4,1,,,188,67,,1,463,98,20,14,2,4,1968
11,68,14,7,1326,3965,G,10I,7b,3U,Up,0,2,7,,65,,33,67,,1,463,98,20,14,2,4,1968
11,68,15,4,704,3966,F,20E,4j,1L,Ja,0,2,5,,73,,352,67,,1,467,102,21,15,2,2,1968
11,68,15,4,1021,3967,F,11H,2j,3U,Up,0,1,,1,62,,341,67,,1,467,102,21,15,1,4,1968
11,68,15,4,3034,3968,F,10D,7f,2H,Vr,1,2,5,,,,428,66,,1,832,102,21,15,2,3,1968
11,68,15,3,3035,3969,U,14C,1f,2H,Vr,0,2,5,,61,,411,67,,1,466,101,21,15,2,3,1968
11,68,15,3,3036,3970,U,14C,1f,2H,Vr,3,2,5,1,57,,411,64,,1,1561,101,21,15,2,3,1968
11,68,16,1,705,3971,U,17E,9c,1L,Ja,0,1,,3,64,,116,67,,1,471,106,22,16,1,2,1968
11,68,15,7,533,3972,F,19D,5h,1L,Ja,1,2,4,2,54,,422,66,,1,835,105,21,15,2,2,1968
11,68,7,1,1022,3973,U,18E,9j,1L,Ja,0,1,,3,41,,224,67,,1,408,43,9,7,1,2,1968
11,68,8,3,1023,3974,U,18E,9j,1L,Ja,0,1,,3,42,,224,67,,1,417,52,11,8,1,2,1968
11,68,6,1,3037,3975,U,18E,9j,1L,Ja,0,1,,3,49,,224,67,,1,401,36,8,6,1,2,1968
11,68,16,3,1748,3976,U,03D,3i,4S,Sk,7,1,,2,,,289,60,,1,3028,108,22,16,1,5,1968
11,68,15,7,816,3977,U,10C,5d,2H,Vr,4,1,,3,,,230,63,,1,1930,105,21,15,1,3,1968
11,68,16,1,817,3978,F,20E,4j,1L,Ja,0,1,,3,87,,352,67,,1,471,106,22,16,1,2,1968
11,68,15,6,534,3979,S,09F,6j,3U,Og,0,1,,3,59,,43,67,,1,469,104,21,15,1,5,1968
11,68,15,4,423,3980,V,19E,7j,1L,Ja,1,1,,3,56,,454,66,,1,832,102,21,15,1,2,1968
11,68,15,4,1024,3981,S,01D,9j,4S,Sk,2,1,,3,78,,402,65,,1,1197,102,21,15,1,5,1968
11,68,16,3,706,3982,F,11D,0d,2H,Vr,0,2,7,,43,,15,67,,1,473,108,22,16,2,3,1968
11,68,16,1,1558,3983,F,11F,1g,2H,Vs,2,1,,3,50,,410,65,,1,1201,106,22,16,1,4,1968
11,68,16,4,1839,3984,L,10I,1i,3U,So,2,1,,3,70,,32,65,,1,1204,109,22,16,1,4,1968
11,68,16,6,322,3985,L,10I,1i,3U,So,1,2,6,1,55,,32,66,,1,841,111,23,16,2,4,1968
11,68,15,2,424,3986,V,18C,0f,1L,Hr,0,1,,3,54,,299,67,,1,465,100,20,15,1,2,1968
11,68,16,5,535,3987,V,17E,9c,1L,Ja,0,2,2,1,54,,116,67,,1,475,110,22,16,2,2,1968
11,68,17,1,818,3988,F,10C,5d,2H,Vr,3,1,,3,69,,230,64,,1,1573,113,23,17,1,3,1968
11,68,14,3,1749,3989,V,12C,5e,2H,Vr,0,2,2,1,46,,295,67,,1,459,94,19,14,2,3,1968
11,68,15,4,1840,3990,V,12C,5e,2H,Vr,4,2,5,,46,,295,63,,1,1927,102,21,15,2,3,1968
11,68,15,4,1412,3991,V,12C,5e,2H,Vr,0,2,5,,42,,295,67,,1,467,102,21,15,2,3,1968
11,68,15,3,1921,3992,V,12C,5e,2H,Vr,0,1,,3,59,,295,67,,1,466,101,21,15,1,3,1968
11,68,3,3,3038,3993,V,29J,7h,1L,Lp,1,1,,1,66,,238,66,,1,747,17,4,3,1,2,1968
11,68,17,6,536,3994,F,18F,3f,1L,Ja,0,1,,3,72,,467,67,,1,483,118,24,17,1,2,1968
11,68,18,2,1327,3995,L,11H,2j,3U,Up,2,1,,1,87,,341,65,,1,1216,121,25,18,1,4,1968
11,68,19,2,707,3996,F,11H,2j,3U,Up,0,2,5,,52,,341,67,,1,493,128,26,19,2,4,1968
11,68,19,3,708,3997,F,11H,2j,3U,Up,0,1,,2,63,,341,67,,1,494,129,26,19,1,4,1968
11,68,19,3,709,3998,F,11H,2j,3U,Up,0,2,6,1,51,,341,67,,1,494,129,26,19,2,4,1968
11,68,14,4,2201,3999,V,12D,4f,2H,Vr,5,2,5,,51,,425,62,,1,2285,95,19,14,2,3,1968
11,68,14,2,710,4000,F,12D,4f,2H,Vr,0,1,,3,58,,425,67,,1,458,93,19,14,1,3,1968
11,68,19,3,425,4001,U,03D,3i,4S,Sk,0,1,,1,,,289,67,,1,494,129,26,19,1,5,1968
11,68,19,2,1922,4002,U,03D,3i,4S,Sk,1,2,,,,,289,66,,1,858,128,26,19,2,5,1968
11,68,18,5,1141,4003,F,09I,9b,3U,So,0,2,7,,60,,343,67,,1,489,124,25,18,2,4,1968
11,68,16,1,3039,4004,T,09I,9b,3U,So,6,2,7,,45,,343,61,,1,2661,106,22,16,2,4,1968
11,68,15,2,3040,4005,F,09I,9b,3U,So,1,1,,3,62,,343,66,,1,830,100,20,15,1,4,1968
11,68,18,1,3041,4006,X,20E,4c,1L,Ja,3,1,,3,,,458,64,,1,1580,120,24,18,1,2,1968
11,68,20,4,1923,4010,S,10I,7h,3U,Up,0,2,7,,62,,417,67,,1,502,137,28,20,2,4,1968
11,68,20,7,2029,4013,S,10I,7h,3U,Up,3,2,7,,64,,417,64,,1,1600,140,28,20,2,4,1968
11,68,20,5,1413,4017,G,10G,4d,3U,So,0,2,7,,,,27,67,,1,503,138,28,20,2,4,1968
11,68,21,2,1926,4018,S,02D,8j,4S,Sk,1,1,,1,,,129,66,,1,872,142,29,21,1,5,1968
11,68,21,6,1927,4019,S,10E,7c,2H,Vr,1,1,,1,67,,46,66,,1,876,146,30,21,1,3,1968
11,68,20,6,2033,4020,G,03D,3i,4S,Sk,1,2,7,,,,289,66,,1,869,139,28,20,2,5,1968
11,68,21,1,1928,4021,U,03D,3i,4S,Sk,1,1,,1,,,289,66,,1,871,141,29,21,1,5,1968
11,67,45,6,3042,4022,G,29J,7h,1L,Lp,6,2,1,,,,238,61,,1,2505,315,63,45,2,2,1967
11,68,11,4,3043,4023,V,29J,7h,1L,Lp,0,2,1,,,,238,67,,1,439,74,15,11,2,2,1968
11,68,19,5,2359,4024,V,29J,7h,1L,Lp,0,2,5,,33,,238,67,,1,496,131,27,19,2,2,1968
11,67,51,2,3044,4025,F,29J,7h,1L,Lp,0,2,1,,,,238,67,,1,353,353,71,51,2,2,1967
11,68,4,2,3045,4026,F,29J,7h,1L,Lp,1,2,1,,,,238,66,,1,753,23,5,4,2,2,1968
11,68,22,2,323,4027,V,29J,7h,1L,Lp,1,2,7,,54,,309,66,,1,879,149,30,22,2,2,1968
11,68,22,3,1929,4028,V,12I,4c,3U,Up,4,1,,1,72,,266,63,,1,1975,150,30,22,1,4,1968
11,68,22,4,426,4029,S,10C,8i,2H,Vr,0,1,,1,77,,151,67,,1,516,151,31,22,1,3,1968
11,68,21,5,3046,4030,U,18F,6c,1L,Ja,1,2,7,,49,,42,66,,1,875,145,29,21,2,2,1968
11,68,23,5,427,4032,S,10C,8i,2H,Vr,0,2,7,,54,,151,67,,1,524,159,32,23,2,3,1968
11,68,24,6,249,4033,S,10E,7c,2H,Vr,0,1,,1,65,,46,67,,1,532,167,34,24,1,3,1968
11,68,28,5,324,4034,S,10E,7c,2H,Vr,2,2,1,,58,,46,66,,1,924,194,39,28,2,3,1968
11,68,29,2,537,4035,F,03F,7d,4S,Bl,1,1,,1,75,,449,67,,1,563,198,40,29,1,5,1968
11,68,26,1,428,4036,S,09H,4c,3U,So,1,1,,1,72,,125,66,,1,906,176,36,26,1,4,1968
11,68,29,4,608,4037,S,09H,4c,3U,So,2,1,,1,58,,125,66,,1,930,200,40,29,1,4,1968
11,68,24,1,41,4038,S,11H,2j,3U,Up,0,1,,1,57,,341,67,,1,527,162,33,24,1,4,1968
11,68,23,3,429,4039,S,10C,8i,2H,Vr,1,1,,1,46,,151,66,,1,887,157,32,23,1,3,1968
11,68,22,4,1930,4040,S,02D,8j,4S,Sk,0,2,7,,,,129,67,,1,516,151,31,22,2,5,1968
11,68,23,7,325,4041,S,02D,8j,4S,Sk,2,2,7,,,,129,65,,1,1256,161,33,23,2,5,1968
11,68,33,6,3047,4043,T,12I,9j,3U,Up,0,2,1,,47,,192,68,,1,230,230,46,33,2,4,1968
11,68,34,5,1559,4044,K,11H,4h,3U,Up,5,2,,,65,,174,63,,1,2061,236,48,34,2,4,1968
11,68,33,4,430,4045,S,10E,7c,2H,Vr,1,1,,1,62,,46,67,,1,593,228,46,33,1,3,1968
11,68,29,3,2135,4046,S,10E,7c,2H,Vr,1,2,1,,44,,46,67,,1,564,199,40,29,2,3,1968
11,68,34,4,609,4047,F,11H,2j,3U,Up,0,2,1,,57,,341,68,,1,235,235,47,34,2,4,1968
11,68,35,1,937,4048,L,11H,2j,3U,Up,1,1,,1,68,,341,67,,1,604,239,48,35,1,4,1968
11,68,33,1,1931,4049,S,02C,3i,4S,Sk,0,2,1,,49,,387,68,,1,225,225,45,33,2,5,1968
11,68,28,3,1841,4050,S,02C,3i,4S,Sk,2,1,,,65,,387,66,,1,922,192,39,28,1,5,1968
11,68,31,5,938,4051,D,02C,3i,4S,Sk,0,1,,,53,,387,68,,1,215,215,43,31,1,5,1968
11,68,29,1,2202,4052,S,09H,7f,3U,So,0,2,,,27,,117,68,,1,197,197,40,29,2,4,1968
11,68,29,1,2136,4053,S,09H,7f,3U,So,0,1,,1,30,,117,68,,1,197,197,40,29,1,4,1968
11,68,34,2,3048,4054,T,11E,6f,2H,Vs,0,1,,1,22,,374,68,,1,233,233,47,34,1,4,1968
11,68,36,2,1842,4055,S,09H,7f,3U,So,0,1,,1,50,,117,68,,1,247,247,50,36,1,4,1968
11,68,36,7,1843,4056,S,09H,7f,3U,So,0,1,,1,60,,117,68,,1,252,252,51,36,1,4,1968
11,68,37,3,1025,4057,G,10D,8h,2H,Vr,0,1,,1,62,,95,68,,1,255,255,51,37,1,3,1968
11,68,36,7,1932,4058,S,10D,8h,2H,Vr,1,1,,1,73,,95,67,,1,617,252,51,36,1,3,1968
11,68,37,4,3049,4059,T,12I,1f,3U,Up,0,1,,1,57,,434,68,,1,256,256,52,37,1,4,1968
11,68,39,3,711,4060,T,10I,6f,3U,Up,2,2,1,,59,,177,66,,1,999,269,54,39,2,4,1968
11,68,38,7,819,4061,S,03F,7d,4S,Bl,0,2,,,50,,449,68,,1,266,266,54,38,2,5,1968
11,68,38,7,2137,4062,V,10C,8i,2H,Vr,0,1,,1,58,,151,68,,1,266,266,54,38,1,3,1968
11,68,39,1,2138,4063,V,10C,8i,2H,Vr,2,2,1,,62,,151,66,,1,997,267,54,39,2,3,1968
11,68,38,1,1844,4064,S,10E,7c,2H,Vr,4,1,,1,71,,46,64,,1,1720,260,52,38,1,3,1968
11,68,37,7,538,4065,S,10E,7c,2H,Vr,3,1,,1,60,,46,65,,1,1354,259,52,37,1,3,1968
11,68,38,3,1845,4066,S,09H,4c,3U,So,1,1,,1,61,,125,67,,1,627,262,53,38,1,4,1968
11,68,38,4,1933,4067,S,10C,8i,2H,Vr,0,1,,1,58,,151,68,,1,263,263,53,38,1,3,1968
11,68,38,3,610,4068,S,09H,4c,3U,So,0,2,1,,58,,125,68,,1,262,262,53,38,2,4,1968
11,68,38,2,1846,4069,S,09H,4c,3U,So,0,1,,1,63,,125,68,,1,261,261,53,38,1,4,1968
11,68,39,7,1026,4070,D,11I,3h,3U,Up,0,1,,1,55,,373,68,,1,273,273,55,39,1,4,1968
11,68,39,6,611,4071,S,02C,3i,4S,Sk,0,1,,1,64,,387,68,,1,272,272,55,39,1,5,1968
11,68,39,6,612,4072,S,02C,3i,4S,Sk,0,1,,1,72,,387,68,,1,272,272,55,39,1,5,1968
11,68,39,6,431,4073,T,11H,4h,3U,Up,0,2,1,,55,,174,68,,1,272,272,55,39,2,4,1968
11,68,40,2,1750,4074,L,03E,7e,4S,Bl,0,2,1,,48,,416,68,,1,275,275,55,40,2,5,1968
11,68,39,7,613,4075,D,10D,8h,2H,Vr,2,2,1,,64,,95,66,,1,1003,273,55,39,2,3,1968
11,68,40,4,614,4076,S,09H,4c,3U,So,0,1,,1,80,,125,68,,1,277,277,56,40,1,4,1968
11,68,40,3,615,4077,D,02D,3h,4S,Sk,3,1,,1,110,,274,65,,1,1371,276,56,40,1,5,1968
11,68,40,3,1143,4078,D,09H,7f,3U,So,0,1,,1,60,,117,68,,1,276,276,56,40,1,4,1968
11,68,40,3,712,4079,S,03E,3e,4S,Bl,0,1,,1,76,,232,68,,1,276,276,56,40,1,5,1968
11,68,40,4,1751,4080,S,08G,0c,3U,Og,0,2,1,,50,,92,68,,1,277,277,56,40,2,5,1968
11,68,40,4,1847,4081,S,11H,1a,3U,Vs,0,1,,1,73,,145,68,,1,277,277,56,40,1,4,1968
11,68,40,2,616,4082,F,10C,5d,2H,Vr,0,1,,1,34,,230,68,,1,275,275,55,40,1,3,1968
11,68,39,6,3050,4083,F,12D,1a,2H,Vr,2,1,,1,64,,216,66,,1,1002,272,55,39,1,3,1968
11,68,40,5,3051,4084,F,12D,1a,2H,Vr,0,1,,1,44,,216,68,,1,278,278,56,40,1,3,1968
11,68,40,5,3052,4085,F,12D,1a,2H,Vr,0,2,1,,28,,216,68,,1,278,278,56,40,2,3,1968
11,68,40,5,617,4086,S,03C,3e,4S,Sk,0,2,1,,67,,322,68,,1,278,278,56,40,2,5,1968
11,68,41,1,713,4087,F,10G,4d,3U,So,0,2,1,,,,27,68,,1,281,281,57,41,2,4,1968
11,68,40,6,714,4088,F,11F,8b,2H,Vs,0,1,,1,45,,272,68,,1,279,279,56,40,1,4,1968
11,68,40,6,820,4089,D,11D,7a,2H,Vr,3,1,,1,89,,141,65,,1,1374,279,56,40,1,3,1968
11,68,39,5,618,4090,F,18F,3f,1L,Ja,0,2,,,42,,467,68,,1,271,271,55,39,2,2,1968
11,68,41,3,715,4091,F,10I,1c,3U,So,0,2,1,,49,,206,68,,1,283,283,57,41,2,4,1968
11,68,41,4,619,4092,S,10I,1c,3U,So,0,1,,1,65,,206,68,,1,284,284,57,41,1,4,1968
11,68,40,3,716,4093,F,11E,4e,2H,Vs,0,1,,1,38,,473,68,,1,276,276,56,40,1,4,1968
11,68,41,4,717,4094,F,11E,4e,2H,Vs,0,2,,,39,,473,68,,1,284,284,57,41,2,4,1968
11,68,41,6,718,4095,S,10I,1c,3U,So,1,2,1,,57,,206,67,,1,651,286,58,41,2,4,1968
11,68,41,5,620,4096,F,09E,8a,2H,Vr,0,2,,,42,,21,68,,1,285,285,57,41,2,3,1968
11,68,41,3,1652,4097,L,11H,2j,3U,Up,1,1,,1,63,,341,67,,1,648,283,57,41,1,4,1968
11,68,41,5,1653,4098,D,09G,7d,3U,So,0,1,,1,81,,210,68,,1,285,285,57,41,1,4,1968
11,68,41,6,821,4099,S,11H,2j,3U,Up,1,2,1,,57,,341,67,,1,651,286,58,41,2,4,1968
11,68,41,5,3053,4100,F,11D,2d,2H,Vr,0,1,,1,50,,366,68,,1,285,285,57,41,1,3,1968
11,68,41,6,3054,4101,F,11C,1j,2H,Vr,0,2,,,51,,366,68,,1,286,286,58,41,2,3,1968
11,68,42,6,3055,4102,D,11H,1h,3U,Up,2,1,,1,102,,207,66,,1,1023,293,59,42,1,4,1968
11,68,40,7,719,4103,F,18F,3f,1L,Ja,0,2,,,41,,467,68,,1,280,280,56,40,2,2,1968
11,68,40,5,1752,4104,S,08G,0c,3U,Og,1,1,,1,71,,159,67,,1,643,278,56,40,1,5,1968
11,68,40,7,939,4105,S,08G,0c,3U,Og,3,1,,1,72,,159,65,,1,1375,280,56,40,1,5,1968
11,68,41,2,1753,4106,S,08G,0c,3U,Og,0,1,,1,65,,92,68,,1,282,282,57,41,1,5,1968
11,68,41,2,621,4107,S,09H,4c,3U,So,0,1,,1,66,,125,68,,1,282,282,57,41,1,4,1968
11,68,41,2,940,4108,F,09H,4c,3U,So,0,1,,1,55,,125,68,,1,282,282,57,41,1,4,1968
11,68,41,2,1654,4109,D,11H,4h,3U,Up,0,1,,1,65,,174,68,,1,282,282,57,41,1,4,1968
11,68,40,7,1027,4110,K,11H,1a,3U,Vs,1,1,,1,70,,145,67,,1,645,280,56,40,1,4,1968
11,68,40,7,1217,4111,K,11H,1a,3U,Vs,1,2,1,,60,,145,67,,1,645,280,56,40,2,4,1968
11,68,42,2,326,4112,V,18C,0f,1L,Hr,1,2,,,76,,299,67,,1,654,289,58,42,2,2,1968
11,68,42,4,432,4113,V,18C,0f,1L,Hr,1,1,,1,81,,299,67,,1,656,291,59,42,1,2,1968
11,68,42,5,1754,4114,F,11C,6j,2H,Vr,0,2,1,,63,,288,68,,1,292,292,59,42,2,3,1968
11,68,42,5,941,4115,F,09H,4c,3U,So,0,1,,1,60,,125,68,,1,292,292,59,42,1,4,1968
11,68,42,1,539,4116,F,18F,0c,1L,Ja,6,2,,,65,,308,62,,1,2478,288,58,42,2,2,1968
11,68,41,7,540,4117,V,18F,0c,1L,Ja,1,2,1,,60,,308,67,,1,652,287,58,41,2,2,1968
11,68,42,4,720,4118,F,11E,8e,2H,Vs,0,2,1,,42,,188,68,,1,291,291,59,42,2,4,1968
11,68,42,7,1500,4119,D,12J,7b,3U,Up,0,2,1,,42,,126,68,,1,294,294,59,42,2,4,1968
11,68,42,7,1501,4120,D,12J,7b,3U,Up,0,1,,1,56,,126,68,,1,294,294,59,42,1,4,1968
11,68,41,5,3056,4121,T,11E,2f,2H,Vs,0,2,1,,53,,88,68,,1,285,285,57,41,2,4,1968
11,68,42,7,822,4122,D,11H,4h,3U,Up,2,2,1,,63,,174,66,,1,1024,294,59,42,2,4,1968
11,68,42,6,942,4123,D,12I,8h,3U,Up,0,1,,1,45,,26,68,,1,293,293,59,42,1,4,1968
11,68,42,2,3057,4124,S,08G,0c,3U,Og,0,1,,,72,,159,68,,1,289,289,58,42,1,5,1968
11,68,42,3,721,4125,F,08G,0c,3U,Og,0,1,,,53,,159,68,,1,290,290,58,42,1,5,1968
11,68,42,7,943,4126,S,08G,0c,3U,Og,2,1,,1,74,,92,66,,1,1024,294,59,42,1,5,1968
11,68,42,6,823,4127,F,18F,3f,1L,Ja,1,1,,1,85,,467,67,,1,658,293,59,42,1,2,1968
11,68,42,6,622,4128,S,10G,1g,3U,So,0,2,1,,68,,124,68,,1,293,293,59,42,2,4,1968
11,68,42,7,1028,4129,D,12I,8h,3U,Up,0,1,,1,69,,26,68,,1,294,294,59,42,1,4,1968
11,68,42,6,1029,4130,K,10G,1g,3U,So,1,1,,1,79,,124,67,,1,658,293,59,42,1,4,1968
11,68,43,2,104,4131,V,18C,0f,1L,Hr,4,1,,1,85,,299,64,,1,1756,296,60,43,1,2,1968
11,68,42,6,433,4132,V,18C,0f,1L,Hr,6,1,,1,84,,299,62,,1,2483,293,59,42,1,2,1968
11,68,42,5,722,4133,F,12D,4f,2H,Vr,0,2,1,,43,,425,68,,1,292,292,59,42,2,3,1968
11,68,43,7,3058,4134,D,11F,8b,2H,Vs,0,1,,1,70,,272,68,,1,301,301,61,43,1,4,1968
11,68,43,6,944,4135,D,09H,4c,3U,So,0,1,,1,76,,125,68,,1,300,300,60,43,1,4,1968
11,68,43,5,824,4136,D,10G,4d,3U,So,0,2,1,,,,27,68,,1,299,299,60,43,2,4,1968
11,68,43,3,825,4137,D,10I,1c,3U,So,5,1,,1,91,,206,63,,1,2122,297,60,43,1,4,1968
11,68,43,7,723,4138,S,10I,1c,3U,So,3,1,,1,74,,206,65,,1,1396,301,61,43,1,4,1968
11,68,42,5,3059,4139,F,12D,1a,2H,Vr,0,1,,1,43,,216,68,,1,292,292,59,42,1,3,1968
11,68,43,6,3000,4140,D,12D,1a,2H,Vr,0,1,,1,49,,216,68,,1,300,300,60,43,1,3,1968
11,68,43,6,3001,4141,D,12D,1a,2H,Vr,0,1,,1,65,,216,68,,1,300,300,60,43,1,3,1968
11,68,43,7,945,4142,D,12F,6a,2H,Dr,0,1,,1,68,,165,68,,1,301,301,61,43,1,3,1968
11,68,43,2,724,4143,F,08G,0c,3U,Og,1,1,,1,54,,159,67,,1,661,296,60,43,1,5,1968
11,68,43,7,1502,4144,D,12I,8h,3U,Up,1,1,,1,62,,26,67,,1,666,301,61,43,1,4,1968
11,68,44,1,623,4145,F,11F,8b,2H,Vs,0,1,,1,60,,272,68,,1,302,302,61,44,1,4,1968
11,68,42,7,1218,4146,D,02D,2i,4S,Sk,0,2,1,,58,,9,68,,1,294,294,59,42,2,5,1968
11,68,45,2,42,4147,V,11D,5b,2H,Vr,2,2,1,,67,,312,66,,1,1040,310,62,45,2,3,1968
11,68,44,3,1030,4148,G,11D,5b,2H,Vr,2,1,,1,90,,312,66,,1,1034,304,61,44,1,3,1968
11,68,44,3,1031,4149,D,08G,0c,3U,Og,0,1,,1,52,,159,68,,1,304,304,61,44,1,5,1968
11,68,44,6,1032,4150,G,12I,8h,3U,Up,1,2,1,,59,,26,67,,1,672,307,62,44,2,4,1968
11,68,44,7,1219,4151,G,12I,8h,3U,Up,0,1,,1,73,,26,68,,1,308,308,62,44,1,4,1968
11,68,44,7,946,4152,D,12I,8h,3U,Up,0,1,,1,50,,26,68,,1,308,308,62,44,1,4,1968
11,68,44,6,725,4153,D,11H,4h,3U,Up,0,1,,1,62,,174,68,,1,307,307,62,44,1,4,1968
11,68,44,5,947,4154,G,10G,4d,3U,So,1,1,,1,,,27,67,,1,671,306,62,44,1,4,1968
11,68,44,5,1220,4155,G,10G,4d,3U,So,0,1,,1,,,27,68,,1,306,306,62,44,1,4,1968
11,68,44,3,1328,4156,D,10H,1g,3U,So,2,1,,1,79,,138,66,,1,1034,304,61,44,1,4,1968
11,68,44,1,434,4157,V,18F,0c,1L,Ja,2,2,,,60,,308,66,,1,1032,302,61,44,2,2,1968
11,68,43,7,1503,4158,D,01D,9j,4S,Sk,2,2,1,,81,,402,66,,1,1031,301,61,43,2,5,1968
11,68,44,5,1033,4159,D,10H,3g,3U,So,1,2,,,87,,168,67,,1,671,306,62,44,2,4,1968
11,68,43,6,3002,4160,F,11C,1j,2H,Vr,1,1,,1,66,,366,67,,1,665,300,60,43,1,3,1968
11,68,44,3,726,4161,V,10E,7c,2H,Vr,0,2,1,,54,,46,68,,1,304,304,61,44,2,3,1968
11,68,45,1,1329,4162,G,11I,4f,3U,Up,6,1,,2,83,,23,62,,1,2499,309,62,45,1,4,1968
11,68,45,4,826,4163,D,10I,7h,3U,Up,0,1,,1,65,,56,68,,1,312,312,63,45,1,4,1968
11,68,45,3,2203,4164,V,11F,3c,2H,Vs,3,1,,1,103,,410,65,,1,1406,311,63,45,1,4,1968
11,68,40,6,43,4165,V,12E,0d,2H,Vr,0,1,,1,56,,241,68,,1,279,279,56,40,1,3,1968
11,68,44,5,3003,4166,F,20E,4j,1L,Ja,1,1,,1,73,,352,67,,1,671,306,62,44,1,2,1968
11,68,45,2,2204,4167,V,11I,9f,3U,Up,0,1,,1,65,,174,68,,1,310,310,62,45,1,4,1968
11,68,44,4,727,4168,F,18F,3f,1L,Ja,0,1,,1,58,,467,68,,1,305,305,61,44,1,2,1968
11,68,44,7,1034,4169,G,12F,6b,2H,Dr,0,2,1,,40,,184,68,,1,308,308,62,44,2,3,1968
11,68,44,7,1414,4170,G,12F,6b,2H,Dr,0,2,1,,45,,184,68,,1,308,308,62,44,2,3,1968
11,68,45,1,44,4171,V,11F,3d,2H,Vs,0,1,,1,82,,410,68,,1,309,309,62,45,1,4,1968
11,68,45,2,1035,4172,F,11E,6f,2H,Vs,1,1,,1,73,,137,67,,1,675,310,62,45,1,4,1968
11,68,44,6,1504,4173,G,13F,3c,2H,Dr,0,1,,1,60,,80,68,,1,307,307,62,44,1,3,1968
11,68,44,7,1036,4174,D,02D,6j,4S,Sk,0,1,,1,75,,9,68,,1,308,308,62,44,1,5,1968
11,68,45,6,827,4175,D,12I,1f,3U,Up,0,1,,1,75,,434,68,,1,314,314,63,45,1,4,1968
11,68,45,6,828,4176,D,10I,8h,3U,Up,7,2,1,,66,,29,61,,1,2869,314,63,45,2,4,1968
11,68,45,4,105,4177,V,17E,9c,1L,Ja,1,1,,1,75,,116,67,,1,677,312,63,45,1,2,1968
11,68,45,3,1755,4178,F,09E,8a,2H,Vr,0,1,,1,56,,21,68,,1,311,311,63,45,1,3,1968
11,68,45,4,2205,4179,V,11F,3d,2H,Vs,0,2,1,,51,,410,68,,1,312,312,63,45,2,4,1968
11,68,45,6,2139,4180,V,10C,8i,2H,Vr,1,2,1,,53,,151,67,,1,679,314,63,45,2,3,1968
11,68,45,1,2300,4181,V,11E,4b,2H,Vr,3,1,,1,74,,95,65,,1,1404,309,62,45,1,3,1968
11,68,45,5,2140,4182,V,10D,8h,2H,Vr,1,1,,1,84,,205,67,,1,678,313,63,45,1,3,1968
11,68,45,3,106,4183,V,11C,8a,2H,Vr,7,2,1,,65,,397,61,,1,2866,311,63,45,2,3,1968
11,68,45,4,250,4184,V,11C,8a,2H,Vr,1,2,1,,63,,397,67,,1,677,312,63,45,2,3,1968
11,68,44,3,1756,4185,F,10E,1d,3U,Na,0,2,1,,49,,406,68,,1,304,304,61,44,2,4,1968
11,68,45,5,2206,4186,S,10E,1d,3U,Na,0,1,,1,89,,406,68,,1,313,313,63,45,1,4,1968
11,68,45,6,3004,4187,D,11F,8b,2H,Vs,2,2,1,,58,,272,66,,1,1044,314,63,45,2,4,1968
11,68,45,4,1415,4188,K,11E,2f,2H,Vs,3,2,1,,,,275,65,,1,1407,312,63,45,2,4,1968
11,68,45,7,829,4189,D,20F,7h,1L,Ja,1,1,,1,55,,147,67,,1,680,315,63,45,1,2,1968
11,68,45,6,830,4190,S,20F,8e,1L,Ja,2,1,,1,81,,250,66,,1,1044,314,63,45,1,2,1968
11,68,45,6,251,4191,V,11D,7a,2H,Vr,0,2,1,,53,,141,68,,1,314,314,63,45,2,3,1968
11,68,45,7,2207,4192,V,11F,3d,2H,Vs,2,1,,1,76,,410,66,,1,1045,315,63,45,1,4,1968
11,68,42,7,728,4193,F,12D,4f,2H,Vr,1,1,,1,81,,425,67,,1,659,294,59,42,1,3,1968
11,68,44,1,107,4194,V,12D,4f,2H,Vr,1,1,,1,80,,425,67,,1,667,302,61,44,1,3,1968
11,68,44,2,108,4195,V,12D,4f,2H,Vr,0,1,,1,68,,425,68,,1,303,303,61,44,1,3,1968
11,68,40,3,624,4196,F,12D,4f,2H,Vr,0,1,,1,45,,425,68,,1,276,276,56,40,1,3,1968
11,68,45,4,327,4197,V,11D,5b,2H,Vr,2,1,,,74,,312,66,,1,1042,312,63,45,1,3,1968
11,68,45,2,252,4198,V,08G,0c,3U,Og,0,1,,1,71,,92,68,,1,310,310,62,45,1,5,1968
11,68,45,4,2301,4199,V,08G,0c,3U,Og,1,2,1,,53,,92,67,,1,677,312,63,45,2,5,1968
11,68,44,4,948,4200,D,12D,4f,2H,Vr,1,2,1,,62,,425,67,,1,670,305,61,44,2,3,1968
11,68,46,1,949,4201,U,20F,8e,1L,Ja,1,2,1,,46,,250,67,,1,681,316,64,46,2,2,1968
11,68,45,4,729,4202,F,10H,1g,3U,So,1,1,,1,60,,138,67,,1,677,312,63,45,1,4,1968
11,68,45,5,1037,4203,S,10H,1g,3U,So,1,1,,1,69,,138,67,,1,678,313,63,45,1,4,1968
11,68,45,6,1655,4204,S,02D,8g,4S,Sk,0,1,,1,74,,9,68,,1,314,314,63,45,1,5,1968
11,68,45,7,3005,4205,D,11F,6g,2H,Vs,0,2,1,,57,,410,68,,1,315,315,63,45,2,4,1968
11,68,46,2,3006,4206,F,11F,6g,2H,Vs,0,2,,,55,,410,68,,1,317,317,64,46,2,4,1968
11,68,45,3,253,4207,V,12F,7a,2H,Dr,3,1,,1,68,,237,65,,1,1406,311,63,45,1,3,1968
11,68,45,3,254,4208,V,12F,7a,2H,Dr,1,2,,,83,,237,67,,1,676,311,63,45,2,3,1968
11,68,45,3,109,4209,V,12F,7a,2H,Dr,2,1,,1,108,,237,66,,1,1041,311,63,45,1,3,1968
11,68,45,4,730,4210,F,10C,5d,2H,Vr,0,2,1,,39,,230,68,,1,312,312,63,45,2,3,1968
11,68,44,7,2208,4211,V,12H,4e,3U,Up,0,1,,1,,59,4,68,,1,308,308,62,44,1,4,1968
11,68,45,6,2302,4212,V,12H,4e,3U,Up,1,2,1,,,68,4,67,,1,679,314,63,45,2,4,1968
11,68,45,3,110,4213,V,12H,4e,3U,Up,0,1,,1,,78,4,68,,1,311,311,63,45,1,4,1968
11,68,45,1,111,4214,V,12H,4j,3U,Up,0,2,1,,,49,4,68,,1,309,309,62,45,2,4,1968
11,68,45,3,2141,4215,V,12H,4j,3U,Up,2,1,,1,,,4,66,,1,1041,311,63,45,1,4,1968
11,68,43,5,625,4216,F,11E,4e,2H,Vs,0,2,,,51,,473,68,,1,299,299,60,43,2,4,1968
11,68,44,2,731,4217,G,11E,4e,2H,Vs,0,2,,,53,,473,68,,1,303,303,61,44,2,4,1968
11,68,44,5,1038,4218,G,11E,4e,2H,Vs,5,2,,,57,,473,63,,1,2131,306,62,44,2,4,1968
11,68,46,2,1330,4219,D,11I,4f,3U,Up,1,1,,3,75,,23,67,,1,682,317,64,46,1,4,1968
11,68,46,4,541,4220,V,11H,4h,3U,Up,0,1,,1,75,,174,68,,1,319,319,64,46,1,4,1968
11,68,44,7,1144,4221,S,03C,6c,4S,Sk,0,1,,1,78,,2,68,,1,308,308,62,44,1,5,1968
11,68,44,7,1145,4222,S,03C,6c,4S,Sk,0,2,1,,72,,2,68,,1,308,308,62,44,2,5,1968
11,68,46,4,831,4223,F,11F,3c,2H,Vs,2,2,1,,70,,372,66,,1,1049,319,64,46,2,4,1968
11,68,46,2,3007,4224,V,11C,1j,2H,Vr,0,2,,,51,,427,68,,1,317,317,64,46,2,3,1968
11,68,46,4,3008,4225,V,11C,1j,2H,Vr,0,2,,,55,,427,68,,1,319,319,64,46,2,3,1968
11,68,46,4,3009,4226,V,11C,1j,2H,Vr,0,1,,1,60,,427,68,,1,319,319,64,46,1,3,1968
11,68,44,8,3010,4227,U,11C,1j,2H,Vr,0,,,,,,427,68,,1,305,305,-9,-9,,3,1968
11,68,44,8,3011,4228,U,11C,1j,2H,Vr,0,,,,,,427,68,,1,305,305,-9,-9,,3,1968
11,68,44,8,3012,4229,U,11C,1j,2H,Vr,0,,,,,,427,68,,1,305,305,-9,-9,,3,1968
11,68,44,8,3013,4230,U,11C,1j,2H,Vr,0,,,,,,427,68,,1,305,305,-9,-9,,3,1968
11,68,44,8,3014,4231,U,11C,1j,2H,Vr,0,,,,,,427,68,,1,305,305,-9,-9,,3,1968
11,68,44,8,3015,4232,U,11C,1j,2H,Vr,0,,,,,,427,68,,1,305,305,-9,-9,,3,1968
11,68,44,8,3016,4233,U,11C,1j,2H,Vr,3,,,,,,427,65,,1,1400,305,-9,-9,,3,1968
11,68,44,8,3017,4234,U,11C,1j,2H,Vr,0,,,,,,427,68,,1,305,305,-9,-9,,3,1968
11,68,44,8,3018,4235,U,11C,1j,2H,Vr,0,,,,,,427,68,,1,305,305,-9,-9,,3,1968
11,68,44,8,3019,4236,U,11C,1j,2H,Vr,1,,,,,,427,67,,1,670,305,-9,-9,,3,1968
11,68,44,8,3020,4237,U,11C,1j,2H,Vr,6,,,,,,427,62,,1,2495,305,-9,-9,,3,1968
11,68,46,6,1416,4238,D,09G,1g,3U,Og,6,1,,1,80,,396,62,,1,2511,321,65,46,1,5,1968
11,68,46,1,3021,4239,F,11E,8e,2H,Vs,1,2,,,59,,188,67,,1,681,316,64,46,2,4,1968
11,68,46,4,112,4240,V,12F,7a,2H,Dr,2,2,1,,66,,237,66,,1,1049,319,64,46,2,3,1968
11,68,46,4,255,4241,V,12F,7a,2H,Dr,0,1,,1,71,,237,68,,1,319,319,64,46,1,3,1968
11,68,46,2,732,4242,S,03C,3e,4S,Sk,0,2,1,,74,,322,68,,1,317,317,64,46,2,5,1968
11,68,46,3,1505,4243,S,03C,3e,4S,Sk,1,2,1,,73,,322,67,,1,683,318,64,46,2,5,1968
11,68,45,2,2303,4244,V,11D,4b,2H,Vr,0,1,,,52,,336,68,,1,310,310,62,45,1,3,1968
11,68,46,4,950,4245,F,11F,2d,2H,Vs,0,1,,1,72,,410,68,,1,319,319,64,46,1,4,1968
11,68,44,5,3022,4246,S,18F,5c,1L,Ja,4,1,,,80,,52,64,,1,1766,306,62,44,1,2,1968
11,68,45,6,113,4247,V,19G,1e,1L,Ja,2,1,,1,72,,399,66,,1,1044,314,63,45,1,2,1968
11,68,46,4,542,4248,V,19G,1e,1L,Ja,1,1,,1,81,,399,67,,1,684,319,64,46,1,2,1968
11,68,46,3,1506,4249,S,12I,9j,3U,Up,0,1,,1,90,,192,68,,1,318,318,64,46,1,4,1968
11,68,45,7,733,4250,D,12J,7b,3U,Up,0,1,,1,44,,373,68,,1,315,315,63,45,1,4,1968
11,68,45,5,2209,4251,V,12H,3f,3U,Up,0,1,,2,,63,4,68,,1,313,313,63,45,1,4,1968
11,68,45,4,2304,4252,V,12H,3f,3U,Up,0,2,1,,,56,4,68,,1,312,312,63,45,2,4,1968
11,68,46,4,2210,4253,V,11H,5j,3U,Up,5,2,1,,,59,4,63,,1,2144,319,64,46,2,4,1968
11,68,45,2,45,4254,V,12H,3f,3U,Up,0,2,1,,,57,4,68,,1,310,310,62,45,2,4,1968
11,68,45,7,2211,4255,V,12I,2f,3U,Up,0,2,1,,,49,4,68,,1,315,315,63,45,2,4,1968
11,68,46,1,2212,4256,V,12H,3f,3U,Up,1,2,1,,,53,4,67,,1,681,316,64,46,2,4,1968
11,68,45,5,2142,4257,V,12H,3f,3U,Up,0,1,,1,,49,4,68,,1,313,313,63,45,1,4,1968
11,68,46,2,2213,4258,V,11I,5f,3U,Up,0,2,1,,,44,4,68,,1,317,317,64,46,2,4,1968
11,68,46,2,2214,4259,V,11H,9f,3U,Up,3,2,1,,,50,4,65,,1,1412,317,64,46,2,4,1968
11,68,45,4,2215,4260,V,12H,3f,3U,Up,0,1,,1,,56,4,68,,1,312,312,63,45,1,4,1968
11,68,45,6,2143,4261,V,12H,3f,3U,Up,4,1,,1,,88,4,64,,1,1774,314,63,45,1,4,1968
11,68,46,4,1039,4262,D,11H,9f,3U,Up,0,1,,1,,53,4,68,,1,319,319,64,46,1,4,1968
11,68,46,1,2305,4263,V,11E,6f,2H,Vs,3,1,,1,80,,20,65,,1,1411,316,64,46,1,4,1968
11,68,42,7,328,4264,V,28L,9d,1L,Lp,4,1,,1,,,122,64,,1,1754,294,59,42,1,2,1968
11,68,44,5,435,4265,V,28L,9d,1L,Lp,0,1,,1,,,122,68,,1,306,306,62,44,1,2,1968
11,68,46,2,543,4266,V,28L,9d,1L,Lp,0,1,,1,,,122,68,,1,317,317,64,46,1,2,1968
11,68,45,7,1934,4267,V,18F,0c,1L,Ja,0,1,,1,62,,308,68,,1,315,315,63,45,1,2,1968
11,68,46,6,1040,4268,D,11H,4h,3U,Up,0,2,1,,62,,174,68,,1,321,321,65,46,2,4,1968
11,68,46,6,1331,4269,K,11H,4h,3U,Up,0,1,,1,70,,174,68,,1,321,321,65,46,1,4,1968
11,68,46,6,1041,4270,D,11H,4h,3U,Up,0,2,1,,65,,174,68,,1,321,321,65,46,2,4,1968
11,68,46,7,1146,4271,F,10E,1d,3U,Na,0,1,,1,70,,406,68,,1,322,322,65,46,1,4,1968
11,68,42,7,951,4272,S,10I,0g,3U,So,1,2,1,,,,245,67,,1,659,294,59,42,2,4,1968
11,68,46,6,2216,4273,V,10C,8i,2H,Vr,0,2,,,57,,151,68,,1,321,321,65,46,2,3,1968
11,68,46,5,256,4274,V,12F,7a,2H,Dr,2,2,1,,60,,237,66,,1,1050,320,64,46,2,3,1968
11,68,46,6,2217,4275,V,11C,0i,2H,Vr,2,1,,1,88,,427,66,,1,1051,321,65,46,1,3,1968
11,68,46,6,1332,4276,D,11C,0i,2H,Vr,1,2,,,60,,427,67,,1,686,321,65,46,2,3,1968
11,68,46,2,1507,4277,S,11C,0i,2H,Vr,1,2,,,58,,427,67,,1,682,317,64,46,2,3,1968
11,68,47,1,734,4278,F,11D,5b,2H,Vr,6,1,,1,80,,312,62,,1,2513,323,65,47,1,3,1968
11,68,46,6,2034,4279,T,10G,1g,3U,So,1,1,,1,75,,124,67,,1,686,321,65,46,1,4,1968
11,68,46,2,952,4280,K,10G,1g,3U,So,0,1,,1,63,,124,68,,1,317,317,64,46,1,4,1968
11,68,45,7,1333,4281,K,10I,0g,3U,So,0,2,1,,,43,245,68,,1,315,315,63,45,2,4,1968
11,68,45,7,1042,4282,K,10I,0g,3U,So,0,1,,1,,60,245,68,,1,315,315,63,45,1,4,1968
11,68,46,7,3023,4283,U,10I,0g,3U,So,0,2,1,,62,,245,68,,1,322,322,65,46,2,4,1968
11,68,46,7,3024,4284,U,10I,0g,3U,So,0,2,1,,46,,245,68,,1,322,322,65,46,2,4,1968
11,68,44,7,1147,4285,K,10I,0g,3U,So,0,2,1,,58,,245,68,,1,308,308,62,44,2,4,1968
11,68,46,7,257,4286,V,17E,9c,1L,Ja,1,1,,1,82,,116,67,1,1,687,322,65,46,1,2,1968
11,68,46,6,1148,4287,K,11H,3j,3U,Up,0,1,,1,65,,341,68,,1,321,321,65,46,1,4,1968
11,68,46,6,735,4288,D,10H,1g,3U,So,0,1,,1,61,,138,68,,1,321,321,65,46,1,4,1968
11,68,46,6,1508,4289,U,02C,7i,4S,Sk,0,1,,1,68,,263,68,,1,321,321,65,46,1,5,1968
11,68,47,2,1043,4290,V,11C,8a,2H,Vr,0,1,,,61,,397,68,,1,324,324,65,47,1,3,1968
11,68,47,3,1044,4291,F,09H,4c,3U,So,2,1,,3,75,,125,66,,1,1055,325,65,47,1,4,1968
11,68,47,3,46,4292,V,12F,7a,2H,Dr,0,1,,1,48,,237,68,,1,325,325,65,47,1,3,1968
11,68,46,7,2218,4293,V,11D,2d,2H,Vr,2,2,,,75,,366,66,,1,1052,322,65,46,2,3,1968
11,68,46,2,2306,4294,V,11F,5e,2H,Vs,1,2,1,,50,,272,67,,1,682,317,64,46,2,4,1968
11,68,47,5,436,4295,V,19E,6a,1L,Ja,2,1,,1,90,,45,66,,1,1057,327,66,47,1,2,1968
11,68,46,7,3025,4296,F,11D,2d,2H,Vr,5,1,,1,75,,366,63,,1,2147,322,65,46,1,3,1968
11,68,47,1,114,4297,F,19G,1e,1L,Ja,0,1,,1,52,,399,68,,1,323,323,65,47,1,2,1968
11,68,45,7,2219,4298,V,11E,4b,2H,Vr,0,2,1,,52,,95,68,,1,315,315,63,45,2,3,1968
11,68,47,4,544,4299,V,11D,0d,2H,Vr,7,2,,,59,,366,61,,1,2881,326,66,47,2,3,1968
11,68,47,2,2220,4300,V,11D,2d,2H,Vr,0,2,,,61,,366,68,,1,324,324,65,47,2,3,1968
11,68,47,7,1417,4301,D,11J,5a,3U,Up,0,1,,1,58,,434,68,,1,329,329,66,47,1,4,1968
11,68,37,7,1509,4302,S,19E,8c,1L,Ja,0,2,1,,34,,150,68,,1,259,259,52,37,2,2,1968
11,68,47,5,2307,4303,V,11C,5c,2H,Vr,0,1,,1,50,,427,68,,1,327,327,66,47,1,3,1968
11,68,47,3,2221,4304,V,11C,5c,2H,Vr,3,2,1,,60,,427,65,,1,1420,325,65,47,2,3,1968
11,68,47,1,3026,4305,V,11C,5c,2H,Vr,0,2,,,48,,427,68,,1,323,323,65,47,2,3,1968
11,68,47,7,832,4306,D,03E,7g,4S,Bl,0,2,1,,67,,416,68,,1,329,329,66,47,2,5,1968
11,68,47,4,47,4307,V,11F,4e,2H,Vs,2,1,,1,75,,272,66,,1,1056,326,66,47,1,4,1968
11,68,45,5,2308,4308,V,10E,7e,2H,Vr,0,1,,1,,65,239,68,,1,313,313,63,45,1,3,1968
11,68,47,2,2222,4309,V,10E,7e,2H,Vr,0,1,,1,,50,239,68,,1,324,324,65,47,1,3,1968
11,68,46,5,2144,4310,V,10E,7e,2H,Vr,0,2,1,,,50,239,68,,1,320,320,64,46,2,3,1968
11,68,45,7,115,4311,V,10E,7e,2H,Vr,8,2,1,,,46,239,59,,1,3600,315,63,45,2,3,1968
11,68,46,3,258,4312,V,10E,7e,2H,Vr,0,1,,1,,55,239,68,,1,318,318,64,46,1,3,1968
11,68,47,7,1149,4313,D,09H,4c,3U,So,0,1,,1,77,,125,68,,1,329,329,66,47,1,4,1968
11,68,47,6,3027,4314,F,11D,2d,2H,Vr,1,1,,1,59,,366,67,,1,693,328,66,47,1,3,1968
11,68,47,5,1334,4315,G,10G,4d,3U,So,0,2,1,,,,27,68,,1,327,327,66,47,2,4,1968
11,68,47,5,953,4316,K,11H,4h,3U,Up,0,1,,3,69,,174,68,,1,327,327,66,47,1,4,1968
11,68,47,7,1045,4317,S,12F,6b,2H,Dr,4,1,,1,71,,184,64,,1,1789,329,66,47,1,3,1968
11,68,47,7,1150,4318,D,03E,3e,4S,Bl,2,2,,,73,,232,66,,1,1059,329,66,47,2,5,1968
11,68,47,7,1151,4319,D,03E,3e,4S,Bl,0,2,,,73,,232,68,,1,329,329,66,47,2,5,1968
11,68,47,7,1152,4320,D,03E,3e,4S,Bl,0,1,,1,102,,232,68,,1,329,329,66,47,1,5,1968
11,68,47,7,1153,4321,D,03E,3e,4S,Bl,2,1,,1,102,,232,66,,1,1059,329,66,47,1,5,1968
11,68,41,5,259,4322,V,29J,7h,1L,Lp,0,1,,,55,,255,68,,1,285,285,57,41,1,2,1968
11,68,45,6,329,4323,V,29J,7h,1L,Lp,2,1,,1,65,,255,66,,1,1044,314,63,45,1,2,1968
11,68,41,6,2223,4324,V,29J,7h,1L,Lp,1,1,,1,72,,255,67,,1,651,286,58,41,1,2,1968
11,68,45,4,437,4325,V,29J,7h,1L,Lp,4,1,,,63,,255,64,,1,1772,312,63,45,1,2,1968
11,68,44,7,1046,4326,S,29J,7h,1L,Lp,0,1,,1,49,,238,68,,1,308,308,62,44,1,2,1968
11,67,44,2,3028,4327,U,30I,8d,1L,Lp,0,1,,1,,,238,67,,1,304,304,61,44,1,2,1967
11,68,46,7,1047,4328,D,11I,8b,3U,Up,2,1,,3,,,4,66,,1,1052,322,65,46,1,4,1968
11,68,46,5,2224,4329,D,11H,5j,3U,Up,1,2,1,,,,4,67,,1,685,320,64,46,2,4,1968
11,68,47,5,2225,4330,V,12H,7h,3U,Up,0,1,,2,,,4,68,,1,327,327,66,47,1,4,1968
11,68,48,4,736,4331,F,11F,4e,2H,Vs,0,1,,2,82,,272,68,,1,333,333,67,48,1,4,1968
11,68,47,2,48,4332,V,11E,4b,2H,Vr,0,2,1,,49,,95,68,,1,324,324,65,47,2,3,1968
11,68,47,6,737,4333,D,04C,1f,4S,Ha,0,1,,1,72,,2,68,,1,328,328,66,47,1,5,1968
11,68,46,7,1154,4334,K,03C,6c,4S,Sk,2,2,1,,68,,2,66,,1,1052,322,65,46,2,5,1968
11,68,46,7,1155,4335,K,03C,6c,4S,Sk,1,1,,3,90,,2,67,,1,687,322,65,46,1,5,1968
11,68,48,3,833,4336,D,02D,8g,4S,Sk,4,2,1,,67,,9,64,,1,1792,332,67,48,2,5,1968
11,68,48,4,1221,4337,D,02D,5j,4S,Sk,0,2,1,,63,,9,68,,1,333,333,67,48,2,5,1968
11,68,47,6,116,4338,V,10E,7f,2H,Vr,3,1,,,97,,249,65,,1,1423,328,66,47,1,3,1968
11,68,47,1,2145,4339,V,10E,7f,2H,Vr,0,2,1,,67,,249,68,,1,323,323,65,47,2,3,1968
11,68,48,6,954,4340,D,12I,1f,3U,Up,0,2,1,,,,434,68,,1,335,335,67,48,2,4,1968
11,68,48,1,738,4341,S,18F,6a,1L,Ja,2,2,,,45,,52,66,,1,1060,330,66,48,2,2,1968
11,68,48,3,3029,4342,U,20E,4c,1L,Ja,1,2,1,,,,458,67,,1,697,332,67,48,2,2,1968
11,68,48,4,739,4343,F,20E,4j,1L,Ja,0,2,,,64,,352,68,,1,333,333,67,48,2,2,1968
11,68,48,6,3030,4344,D,11F,5e,2H,Vs,1,1,,1,75,,272,67,,1,700,335,67,48,1,4,1968
11,68,48,6,1156,4345,K,10G,4d,3U,So,0,2,1,,,,27,68,,1,335,335,67,48,2,4,1968
11,68,48,6,955,4346,K,09H,4c,3U,So,2,2,1,,73,,125,66,,1,1065,335,67,48,2,4,1968
11,68,48,6,1418,4347,K,11H,2j,3U,Up,4,2,1,,75,,341,64,,1,1795,335,67,48,2,4,1968
11,68,45,5,1335,4348,F,09G,7h,3U,So,0,1,,3,76,,400,68,,1,313,313,63,45,1,4,1968
11,68,48,7,1157,4349,D,10H,1b,3U,So,1,1,,1,64,,400,67,,1,701,336,68,48,1,4,1968
11,68,49,2,1336,4350,D,10I,8h,3U,Up,6,1,,1,61,,377,62,,1,2528,338,68,49,1,4,1968
11,68,48,6,3031,4351,D,10I,8h,3U,Up,2,1,,1,,,377,66,,1,1065,335,67,48,1,4,1968
11,68,48,7,3032,4352,D,10I,1i,3U,So,0,1,,1,,,32,68,,1,336,336,68,48,1,4,1968
11,68,48,7,1158,4353,K,12C,1j,2H,Vr,0,1,,1,51,,367,68,,1,336,336,68,48,1,3,1968
11,68,48,7,1222,4354,K,12C,1j,2H,Vr,0,1,,3,54,,367,68,,1,336,336,68,48,1,3,1968
11,68,47,1,1510,4355,S,18F,0c,1L,Ja,2,1,,1,70,,308,66,,1,1053,323,65,47,1,2,1968
11,68,45,6,1048,4356,G,09F,9g,3U,Na,0,1,,,80,,369,68,,1,314,314,63,45,1,4,1968
11,68,46,4,3033,4357,D,09F,9g,3U,Na,0,2,,,68,,369,68,,1,319,319,64,46,2,4,1968
11,68,47,7,834,4358,D,09F,9g,3U,Na,0,1,,,,,369,68,,1,329,329,66,47,1,4,1968
11,68,47,3,956,4359,G,09F,9g,3U,Na,0,2,,,65,,369,68,,1,325,325,65,47,2,4,1968
11,68,47,4,1049,4360,D,09F,9g,3U,Na,0,2,,,63,,369,68,,1,326,326,66,47,2,4,1968
11,68,44,7,3034,4361,T,09F,9g,3U,Na,0,1,,,53,,369,68,,1,308,308,62,44,1,4,1968
11,68,48,6,3035,4362,D,09F,9g,3U,Na,2,1,,,92,,369,66,,1,1065,335,67,48,1,4,1968
11,68,47,1,1223,4363,G,09F,9g,3U,Na,0,1,,,72,,369,68,,1,323,323,65,47,1,4,1968
11,68,48,3,1337,4364,D,10H,1g,3U,So,0,1,,1,75,,138,68,,1,332,332,67,48,1,4,1968
11,68,49,1,2035,4365,V,12F,6a,2H,Dr,0,2,1,,57,,165,68,,1,337,337,68,49,2,3,1968
11,68,48,6,2226,4366,V,29J,7h,1L,Lp,0,1,,1,49,,238,68,,1,335,335,67,48,1,2,1968
11,68,49,1,3036,4367,F,10E,7f,2H,Vr,2,1,,1,69,,249,66,,1,1067,337,68,49,1,3,1968
11,68,48,7,117,4368,V,10E,7f,2H,Vr,3,2,1,,56,,249,65,,1,1431,336,68,48,2,3,1968
11,68,47,1,118,4369,V,12C,5e,2H,Vr,1,1,,1,80,,295,67,,1,688,323,65,47,1,3,1968
11,68,43,7,1159,4370,V,12C,5e,2H,Vr,1,2,,,54,,295,67,,1,666,301,61,43,2,3,1968
11,68,46,7,200,4371,V,12C,5e,2H,Vr,4,1,,,58,,295,64,,1,1782,322,65,46,1,3,1968
11,68,46,3,2227,4372,V,12C,5e,2H,Vr,0,1,,,58,,295,68,,1,318,318,64,46,1,3,1968
11,68,46,1,201,4373,V,12C,5e,2H,Vr,1,1,,,54,,295,67,,1,681,316,64,46,1,3,1968
11,68,48,7,1338,4374,D,12F,6b,2H,Dr,1,2,1,,69,,184,67,,1,701,336,68,48,2,3,1968
11,68,49,4,202,4375,V,12F,7a,2H,Dr,4,1,,3,80,,237,64,,1,1800,340,68,49,1,3,1968
11,68,49,2,1224,4376,F,09G,7h,3U,So,0,1,,1,82,,400,68,,1,338,338,68,49,1,4,1968
11,68,49,5,740,4377,F,11H,2j,3U,Up,2,1,,3,80,,341,66,,1,1071,341,69,49,1,4,1968
11,68,49,4,2228,4378,V,11C,6j,2H,Vr,3,1,,3,83,,288,65,,1,1435,340,68,49,1,3,1968
11,68,49,7,1225,4379,D,11H,4h,3U,Up,0,1,,3,70,,174,68,,1,343,343,69,49,1,4,1968
11,68,49,5,3037,4380,F,11D,5b,2H,Vr,0,1,,1,71,,312,68,,1,341,341,69,49,1,3,1968
11,68,49,7,835,4381,F,11E,5f,2H,Vs,0,2,,,,,457,68,,1,343,343,69,49,2,4,1968
11,68,49,6,1339,4382,K,10I,8h,3U,Up,2,2,1,,78,,61,66,,1,1072,342,69,49,2,4,1968
11,68,49,6,1340,4383,K,10I,8h,3U,Up,2,1,,,71,,61,66,,1,1072,342,69,49,1,4,1968
11,68,49,6,1341,4384,K,10I,8h,3U,Up,6,2,1,,67,,61,62,,1,2532,342,69,49,2,4,1968
11,68,49,6,1342,4385,K,10I,8h,3U,Up,0,1,,1,84,,61,68,,1,342,342,69,49,1,4,1968
11,68,48,6,49,4386,V,12H,3f,3U,Up,2,2,1,,80,,4,66,,1,1065,335,67,48,2,4,1968
11,68,48,6,50,4387,V,12H,3f,3U,Up,1,2,1,,50,,4,67,,1,700,335,67,48,2,4,1968
11,68,48,4,2229,4388,V,12H,3f,3U,Up,2,2,1,,72,,4,66,,1,1063,333,67,48,2,4,1968
11,68,49,1,2230,4389,V,11J,8c,3U,Up,0,1,,3,92,,4,68,,1,337,337,68,49,1,4,1968
11,68,49,4,2231,4390,V,11I,8b,3U,Up,0,2,1,,60,,4,68,,1,340,340,68,49,2,4,1968
11,68,49,5,119,4391,V,11I,8b,3U,Up,0,2,1,,60,,4,68,,1,341,341,69,49,2,4,1968
11,68,49,6,2309,4392,V,11F,2d,2H,Vs,0,1,,1,62,,410,68,,1,342,342,69,49,1,4,1968
11,68,49,4,2232,4393,V,12F,6a,2H,Dr,0,2,,,54,,165,68,,1,340,340,68,49,2,3,1968
11,68,49,7,51,4394,V,12F,6a,2H,Dr,3,2,1,,74,,165,65,,1,1438,343,69,49,2,3,1968
11,68,49,6,1050,4395,D,10D,8f,2H,Vr,0,1,,1,71,,427,68,,1,342,342,69,49,1,3,1968
11,68,49,7,836,4396,F,11C,3i,2H,Vr,1,1,,,74,,427,67,,1,708,343,69,49,1,3,1968
11,68,49,6,1051,4397,F,09I,9b,3U,So,0,2,1,,45,,343,68,,1,342,342,69,49,2,4,1968
11,68,46,6,957,4398,F,09I,9b,3U,So,0,1,,1,63,,343,68,,1,321,321,65,46,1,4,1968
11,68,49,6,837,4399,F,09I,9b,3U,So,1,2,1,,68,,343,67,,1,707,342,69,49,2,4,1968
11,68,46,6,838,4400,F,09I,9b,3U,So,0,2,,,46,,343,68,,1,321,321,65,46,2,4,1968
11,68,49,7,839,4401,F,09I,9b,3U,So,0,2,1,,41,,343,68,,1,343,343,69,49,2,4,1968
11,68,45,6,1100,4402,D,09I,9b,3U,So,0,1,,1,59,,343,68,,1,314,314,63,45,1,4,1968
11,68,43,4,840,4403,F,09I,9b,3U,So,0,1,,1,42,,343,68,,1,298,298,60,43,1,4,1968
11,68,44,2,841,4404,F,09I,9b,3U,So,0,1,,1,49,,343,68,,1,303,303,61,44,1,4,1968
11,68,45,3,1052,4405,G,09I,9b,3U,So,0,1,,1,59,,343,68,,1,311,311,63,45,1,4,1968
11,68,43,1,1101,4406,F,10I,0c,3U,So,0,1,,1,56,,254,68,,1,295,295,59,43,1,4,1968
11,68,47,2,842,4407,F,10I,0c,3U,So,0,1,,1,42,,254,68,,1,324,324,65,47,1,4,1968
11,68,48,4,3038,4408,F,10I,0c,3U,So,0,1,,1,78,,254,68,,1,333,333,67,48,1,4,1968
11,68,49,1,1226,4409,F,10I,0c,3U,So,0,1,,3,53,,254,68,,1,337,337,68,49,1,4,1968
11,68,50,2,3039,4410,F,10I,0c,3U,So,0,1,,3,,,254,68,,1,345,345,69,50,1,4,1968
11,68,50,6,1343,4411,K,11H,2j,3U,Up,0,1,,3,67,,341,68,,1,349,349,70,50,1,4,1968
11,68,50,6,1102,4412,K,11H,3j,3U,Up,1,2,1,,65,,341,67,,1,714,349,70,50,2,4,1968
11,68,50,7,1227,4413,D,12I,8h,3U,Up,0,1,,3,62,,26,68,,1,350,350,70,50,1,4,1968
11,68,49,4,843,4414,F,10D,7f,2H,Vr,0,1,,3,55,,323,68,,1,340,340,68,49,1,3,1968
11,68,49,5,1344,4415,U,10D,7f,2H,Vr,0,2,,,51,,323,68,,1,341,341,69,49,2,3,1968
11,68,50,2,1053,4416,U,10H,1g,3U,So,6,2,,,50,,138,62,,1,2535,345,69,50,2,4,1968
11,68,50,1,3040,4417,V,18F,0c,1L,Ja,1,1,,1,54,,308,67,,1,709,344,69,50,1,2,1968
11,68,49,6,52,4418,V,13F,3c,2H,Dr,8,1,,1,56,,80,57,,1,4357,342,69,49,1,3,1968
11,68,49,6,2036,4419,V,13F,3c,2H,Dr,2,1,,1,73,,80,66,,1,1072,342,69,49,1,3,1968
11,68,50,6,1054,4420,D,10I,7h,3U,Up,1,1,,3,,,417,67,,1,714,349,70,50,1,4,1968
11,68,49,7,2146,4421,V,12I,5i,3U,Up,7,2,1,,80,,4,61,,1,2898,343,69,49,2,4,1968
11,68,49,7,2147,4422,V,12H,3f,3U,Up,0,2,1,,60,,4,68,,1,343,343,69,49,2,4,1968
11,68,50,1,2310,4423,V,12H,3f,3U,Up,0,1,,3,65,,4,68,,1,344,344,69,50,1,4,1968
11,68,50,7,120,4424,V,11H,4h,3U,Up,5,2,1,,50,,4,63,,1,2175,350,70,50,2,4,1968
11,68,51,1,1345,4425,D,11H,3i,3U,Up,6,1,,1,95,,4,62,,1,2541,351,71,51,1,4,1968
11,68,49,7,2233,4426,V,12H,3f,3U,Up,1,2,1,,70,,4,67,,1,708,343,69,49,2,4,1968
11,68,50,1,121,4427,V,12H,3f,3U,Up,1,1,,2,85,,4,67,,1,709,344,69,50,1,4,1968
11,68,49,5,203,4428,V,12H,3f,3U,Up,0,1,,1,65,,4,68,,1,341,341,69,49,1,4,1968
11,68,50,7,741,4429,F,11E,8f,2H,Vs,0,1,,2,79,,384,68,,1,350,350,70,50,1,4,1968
11,68,50,6,1346,4430,D,10G,4d,3U,So,0,1,,1,,,27,68,,1,349,349,70,50,1,4,1968
11,68,49,6,958,4431,D,03F,6b,4S,Bl,0,1,,3,56,,416,68,,1,342,342,69,49,1,5,1968
11,68,50,6,1055,4432,D,09H,5c,3U,So,0,2,1,,50,,125,68,,1,349,349,70,50,2,4,1968
11,68,51,1,53,4433,V,10H,7e,3U,So,2,1,,2,86,,382,66,,1,1081,351,71,51,1,4,1968
11,68,50,1,1103,4434,D,11C,0i,2H,Vr,0,2,1,,54,,427,68,,1,344,344,69,50,2,3,1968
11,68,50,5,844,4435,F,11C,1i,2H,Vr,2,1,,,76,,427,66,,1,1078,348,70,50,1,3,1968
11,68,50,5,845,4436,S,10I,1b,3U,So,0,1,,3,56,,206,68,,1,348,348,70,50,1,4,1968
11,68,51,1,1511,4437,S,10I,1b,3U,So,5,2,1,1,55,,206,63,,1,2176,351,71,51,2,4,1968
11,69,2,3,846,4438,X,17D,5d,1L,Hr,3,1,,3,72,,426,65,,1,1468,8,2,2,1,2,1969
11,68,49,4,959,4439,S,18F,6a,1L,Ja,0,1,,,40,,52,68,,1,340,340,68,49,1,2,1968
11,68,50,1,2234,4440,V,10H,7e,3U,So,0,1,,1,,54,382,68,,1,344,344,69,50,1,4,1968
11,68,50,1,2311,4441,V,10H,7e,3U,So,0,1,,1,,72,382,68,,1,344,344,69,50,1,4,1968
11,68,50,4,54,4442,V,18F,0c,1L,Ja,1,2,1,,54,,308,67,,1,712,347,70,50,2,2,1968
11,68,50,5,330,4443,V,19G,1e,1L,Ja,0,1,,1,61,,399,68,,1,348,348,70,50,1,2,1968
11,68,50,7,1104,4444,G,11F,3d,2H,Vs,4,2,1,,92,,410,64,,1,1810,350,70,50,2,4,1968
11,68,50,5,847,4445,F,12I,1b,3U,Up,2,1,,1,65,,4,66,,1,1078,348,70,50,1,4,1968
11,68,51,1,1105,4446,K,03C,3e,4S,Sk,0,1,,3,73,,322,68,,1,351,351,71,51,1,5,1968
11,68,49,7,900,4447,K,03C,3e,4S,Sk,6,1,,3,104,,322,62,,1,2533,343,69,49,1,5,1968
11,68,50,2,1056,4448,S,03C,3e,4S,Sk,0,1,,3,78,,322,68,,1,345,345,69,50,1,5,1968
11,68,51,1,1106,4449,K,03C,3e,4S,Sk,0,2,1,,67,,322,68,,1,351,351,71,51,2,5,1968
11,68,50,6,1656,4450,L,03C,3e,4S,Sk,0,1,,3,71,,322,68,,1,349,349,70,50,1,5,1968
11,68,50,3,901,4451,S,03C,3e,4S,Sk,0,1,,2,79,,322,68,,1,346,346,70,50,1,5,1968
11,68,50,6,902,4452,S,03C,3e,4S,Sk,0,1,,1,75,,322,68,,1,349,349,70,50,1,5,1968
11,68,52,4,1347,4453,G,12I,8h,3U,Up,1,2,1,,69,,26,67,,1,726,361,73,52,2,4,1968
11,68,52,7,1419,4454,G,12I,8h,3U,Up,0,1,,1,76,,26,68,,1,364,364,73,52,1,4,1968
11,68,53,1,626,4455,F,11F,5e,2H,Vs,0,1,,3,60,,272,68,,1,365,365,73,53,1,4,1968
11,68,52,5,1348,4456,K,11H,3j,3U,Up,1,2,2,,60,,341,67,,1,727,362,73,52,2,4,1968
11,68,52,5,2235,4457,V,10E,1d,3U,Na,3,2,,,74,,406,65,,1,1457,362,73,52,2,4,1968
11,68,52,5,903,4458,X,17D,5g,1L,Hr,2,2,1,,67,,106,66,,1,1092,362,73,52,2,2,1968
11,68,52,6,848,4459,X,17D,5g,1L,Hr,1,2,1,,46,,106,67,,1,728,363,73,52,2,2,1968
11,68,52,4,849,4460,F,13F,3c,2H,Dr,0,2,1,,52,,80,68,,1,361,361,73,52,2,3,1968
11,68,52,5,904,4461,X,20F,7h,1L,Ja,0,2,1,,48,,147,68,,1,362,362,73,52,2,2,1968
11,69,1,4,438,4462,V,12F,7a,2H,Dr,0,1,,3,57,,237,68,,1,367,2,1,1,1,3,1969
11,68,53,1,545,4463,X,18E,2c,1L,Ja,2,1,,1,,,470,66,,1,1095,365,73,53,1,2,1968
11,69,1,4,627,4464,X,18E,2h,1L,Ja,2,2,,,42,,268,66,,1,1097,2,1,1,2,2,1969
11,68,52,6,628,4465,X,18E,3c,1L,Ja,0,2,1,,,,470,68,,1,363,363,73,52,2,2,1968
11,68,53,1,1512,4466,F,11E,7c,2H,Vr,2,1,,3,62,,248,66,,1,1095,365,73,53,1,3,1968
11,69,1,5,905,4467,X,17E,7d,1L,Ja,3,1,,1,51,,321,65,,1,1463,3,1,1,1,2,1969
11,68,52,5,122,4468,D,20E,4c,1L,Ja,5,1,,1,,,458,63,,1,2187,362,73,52,1,2,1968
11,68,52,4,742,4469,X,18E,3c,1L,Ja,2,1,,,,,470,66,,1,1091,361,73,52,1,2,1968
11,68,49,7,55,4470,V,11C,4d,2H,Vr,1,1,,1,83,,95,67,,1,708,343,69,49,1,3,1968
11,68,50,7,2312,4471,V,11E,4b,2H,Vr,0,1,,3,62,,95,68,,1,350,350,70,50,1,3,1968
11,68,51,6,1107,4472,D,10D,8h,2H,Vr,0,1,,1,55,,95,68,,1,356,356,72,51,1,3,1968
11,68,51,7,850,4473,X,18F,5c,1L,Ja,4,1,,3,68,,420,64,,1,1817,357,72,51,1,2,1968
11,68,52,4,851,4474,X,18F,5c,1L,Ja,0,1,,1,62,,420,68,,1,361,361,73,52,1,2,1968
11,68,49,7,3041,4475,D,11F,5f,2H,Vs,2,1,,1,81,,410,66,,1,1073,343,69,49,1,4,1968
11,68,51,6,906,4476,G,11F,5f,2H,Vs,1,2,1,,60,,410,67,,1,721,356,72,51,2,4,1968
11,68,51,6,907,4477,G,11F,5f,2H,Vs,0,1,,1,64,,410,68,,1,356,356,72,51,1,4,1968
11,68,51,6,1057,4478,G,11F,5f,2H,Vs,1,1,,3,59,,410,67,,1,721,356,72,51,1,4,1968
11,68,52,5,743,4479,X,18E,2h,1L,Ja,2,2,,,39,,268,66,,1,1092,362,73,52,2,2,1968
11,68,52,5,1420,4480,K,09E,8a,2H,Vr,1,1,,,80,,21,67,,1,727,362,73,52,1,3,1968
11,68,51,3,3043,4482,D,10I,1i,3U,So,0,1,,2,72,,32,68,,1,353,353,71,51,1,4,1968
11,68,52,2,852,4483,X,19E,6a,1L,Ja,1,2,1,,57,,45,67,,1,724,359,72,52,2,2,1968
11,68,52,4,1349,4484,G,09E,8a,2H,Vr,3,1,,3,78,,21,65,,1,1456,361,73,52,1,3,1968
11,68,52,3,853,4485,X,19E,2i,1L,Ja,1,1,,2,71,,211,67,,1,725,360,72,52,1,2,1968
11,68,52,3,744,4487,X,19E,2h,1L,Ja,0,2,1,,55,,211,68,,1,360,360,72,52,2,2,1968
11,69,1,5,2236,4488,V,12I,9j,3U,Up,0,2,1,,65,,192,68,,1,368,3,1,1,2,4,1969
11,68,47,6,908,4489,D,12I,9j,3U,Up,0,1,,1,71,,126,68,,1,328,328,66,47,1,4,1968
11,68,51,6,3044,4490,D,12I,9j,3U,Up,0,1,,1,62,,192,68,,1,356,356,72,51,1,4,1968
11,68,50,7,3045,4491,D,12I,9j,3U,Up,2,1,,,55,,373,66,,1,1080,350,70,50,1,4,1968
11,68,52,3,909,4492,D,11E,3j,2H,Vs,0,2,1,,50,,135,68,,1,360,360,72,52,2,4,1968
11,68,53,1,1228,4493,G,10I,1i,3U,So,6,2,1,,67,,32,62,,1,2555,365,73,53,2,4,1968
11,68,51,6,855,4494,X,19E,2h,1L,Ja,1,1,,2,67,,211,67,,1,721,356,72,51,1,2,1968
11,68,47,3,3046,4495,F,19E,2g,1L,Ja,0,2,1,,,,171,68,,1,325,325,65,47,2,2,1968
11,68,48,7,910,4496,S,18F,6a,1L,Ja,0,2,1,,30,,52,68,,1,336,336,68,48,2,2,1968
11,68,53,1,1350,4497,D,16E,2b,1L,Hr,5,1,,1,,44,204,63,,1,2190,365,73,53,1,2,1968
11,69,1,6,56,4498,V,12I,0g,3U,Up,0,1,,3,76,,174,68,,1,369,4,1,1,1,4,1969
11,69,2,2,546,4499,F,11F,8b,2H,Vs,2,2,1,,60,,272,66,,1,1102,7,2,1,2,4,1969
11,69,1,5,57,4500,V,10G,4d,3U,So,0,2,1,,,,27,68,,1,368,3,1,1,2,4,1969
11,68,52,5,1108,4501,D,03E,3e,4S,Bl,0,2,,,68,,232,68,,1,362,362,73,52,2,5,1968
11,68,52,1,2037,4502,V,10H,7e,3U,So,0,2,1,,62,,382,68,,1,358,358,72,52,2,4,1968
11,68,52,7,911,4503,D,10H,7e,3U,So,1,1,,3,87,,382,67,,1,729,364,73,52,1,4,1968
11,68,45,6,2237,4504,V,12D,1f,2H,Vr,2,2,1,,55,,425,66,,1,1044,314,63,45,2,3,1968
11,68,45,7,2313,4505,V,12D,1f,2H,Vr,2,2,1,,75,,425,66,,1,1045,315,63,45,2,3,1968
11,68,52,5,547,4506,X,18E,3f,1L,Ja,1,1,,3,,,470,67,,1,727,362,73,52,1,2,1968
11,69,1,7,912,4507,S,11E,9e,2H,Vs,1,1,,3,53,,50,67,,1,735,5,1,1,1,4,1969
11,68,52,7,1351,4508,F,11E,6f,2H,Vs,0,1,,1,47,,137,68,,1,364,364,73,52,1,4,1968
11,68,51,1,2148,4509,V,11D,2d,2H,Vr,0,2,1,,68,,366,68,,1,351,351,71,51,2,3,1968
11,68,52,3,856,4510,X,18E,3f,1L,Ja,1,2,1,,48,,297,67,,1,725,360,72,52,2,2,1968
11,68,52,1,2314,4511,V,11F,5e,2H,Vs,0,1,,3,85,,272,68,,1,358,358,72,52,1,4,1968
11,68,52,4,629,4512,F,11F,8b,2H,Vs,2,2,1,,59,,272,66,,1,1091,361,73,52,2,4,1968
11,68,51,7,857,4513,X,19E,6a,1L,Ja,0,2,1,,45,,45,68,,1,357,357,72,51,2,2,1968
11,68,50,7,913,4514,F,17D,4i,1L,Hr,2,2,1,,,,222,66,,1,1080,350,70,50,2,2,1968
11,68,51,6,1109,4515,D,10G,4d,3U,So,0,2,1,,,,27,68,,1,356,356,72,51,2,4,1968
11,68,51,6,1058,4516,D,10G,4d,3U,So,0,1,,3,,,27,68,,1,356,356,72,51,1,4,1968
11,68,50,7,858,4517,D,10G,4d,3U,So,0,2,,,,,27,68,,1,350,350,70,50,2,4,1968
11,68,51,4,2149,4518,V,11D,2d,2H,Vr,0,1,,1,65,,366,68,,1,354,354,71,51,1,3,1968
11,68,52,5,1059,4519,D,10D,8f,2H,Vr,1,1,,2,64,,427,67,,1,727,362,73,52,1,3,1968
11,68,52,1,1352,4520,S,10D,8f,2H,Vr,2,1,,1,57,,427,66,,1,1088,358,72,52,1,3,1968
11,69,2,1,1229,4521,F,19E,6a,1L,Ja,2,1,,3,57,,45,66,,1,1101,6,2,1,1,2,1969
11,69,2,1,859,4522,X,19E,5g,1L,Ja,1,1,,3,74,,179,67,,1,736,6,2,1,1,2,1969
11,69,1,6,800,4523,X,19E,5g,1L,Ja,2,2,1,,58,,179,66,,1,1099,4,1,1,2,2,1969
11,68,52,5,801,4524,X,19E,5g,1L,Ja,1,2,1,,49,,179,67,,1,727,362,73,52,2,2,1968
11,69,2,1,914,4525,F,18G,7d,1L,Ja,0,1,,1,60,,307,68,,1,371,6,2,1,1,2,1969
11,69,1,5,915,4526,X,18G,7d,1L,Ja,0,1,,1,57,,307,68,,1,368,3,1,1,1,2,1969
11,69,2,1,916,4527,X,18G,7d,1L,Ja,2,2,1,,53,,307,66,,1,1101,6,2,1,2,2,1969
11,69,1,6,1935,4528,X,18G,7d,1L,Ja,0,1,,1,56,,307,68,,1,369,4,1,1,1,2,1969
11,68,52,6,917,4529,X,19F,6e,1L,Ja,2,1,,2,68,,217,66,,1,1093,363,73,52,1,2,1968
11,68,52,4,1353,4530,D,10G,4d,3U,So,0,2,1,,,,27,68,,1,361,361,73,52,2,4,1968
11,68,46,5,1110,4531,D,03E,3e,4S,Bl,1,2,1,,68,,232,67,,1,685,320,64,46,2,5,1968
11,68,52,6,1230,4532,D,09H,4c,3U,So,2,2,1,,65,,125,66,,1,1093,363,73,52,2,4,1968
11,68,52,6,1000,4533,X,19E,7d,1L,Ja,2,1,,1,75,,333,66,,1,1093,363,73,52,1,2,1968
11,69,1,3,1001,4534,X,17D,4i,1L,Hr,2,1,,1,,,222,66,,1,1096,1,1,1,1,2,1969
11,68,49,6,123,4535,V,12D,4f,2H,Vr,0,2,1,,55,,425,68,,1,342,342,69,49,2,3,1968
11,68,48,6,58,4536,V,12D,4f,2H,Vr,1,2,1,,37,,425,67,,1,700,335,67,48,2,3,1968
11,68,49,6,59,4537,V,12D,4f,2H,Vr,7,1,,1,84,,425,61,,1,2897,342,69,49,1,3,1968
11,68,49,5,2315,4538,V,12D,4f,2H,Vr,1,1,,1,72,,425,67,,1,706,341,69,49,1,3,1968
11,68,49,4,3047,4539,F,12D,4f,2H,Vr,0,2,1,,47,,425,68,,1,340,340,68,49,2,3,1968
11,68,52,5,918,4540,D,03F,6b,4S,Bl,0,2,1,,63,,416,68,,1,362,362,73,52,2,5,1968
11,68,52,5,1111,4541,D,03F,6b,4S,Bl,0,1,,3,79,,416,68,,1,362,362,73,52,1,5,1968
11,68,51,3,124,4542,V,12F,7a,2H,Dr,0,2,1,,63,,237,68,,1,353,353,71,51,2,3,1968
11,68,51,5,2238,4543,V,11D,7a,2H,Vr,2,1,,3,83,,141,66,,1,1085,355,71,51,1,3,1968
11,68,51,5,2316,4544,V,11D,7a,2H,Vr,0,1,,1,56,,141,68,,1,355,355,71,51,1,3,1968
11,68,51,7,1002,4545,D,10D,8b,2H,Vr,0,1,,1,94,,186,68,,1,357,357,72,51,1,3,1968
11,68,51,3,802,4546,F,12D,3f,2H,Vr,0,1,,1,56,,425,68,,1,353,353,71,51,1,3,1968
11,68,51,2,919,4547,F,12D,4f,2H,Vr,0,2,1,,55,,425,68,,1,352,352,71,51,2,3,1968
11,68,45,7,2317,4548,V,12D,1f,2H,Vr,0,2,1,,54,,425,68,,1,315,315,63,45,2,3,1968
11,68,51,1,745,4549,F,12D,4f,2H,Vr,0,1,,1,58,,425,68,,1,351,351,71,51,1,3,1968
11,68,50,7,2318,4550,V,12D,4f,2H,Vr,0,2,1,,60,,425,68,,1,350,350,70,50,2,3,1968
11,68,45,5,2239,4551,V,12D,1f,2H,Vr,0,2,1,,55,,425,68,,1,313,313,63,45,2,3,1968
11,68,45,6,2319,4552,V,12D,1f,2H,Vr,0,1,,1,56,,425,68,,1,314,314,63,45,1,3,1968
11,68,50,2,1003,4553,D,09F,9g,3U,Na,1,1,,1,79,,369,67,,1,710,345,69,50,1,4,1968
11,68,50,5,803,4554,D,09F,9g,3U,Na,1,1,,,84,,369,67,,1,713,348,70,50,1,4,1968
11,68,50,7,1231,4555,D,09F,9g,3U,Na,0,2,,,62,,369,68,,1,350,350,70,50,2,4,1968
11,68,50,5,1004,4556,D,09F,9g,3U,Na,0,2,,,56,,369,68,,1,348,348,70,50,2,4,1968
11,68,50,6,1354,4557,G,09F,9g,3U,Na,0,1,,1,56,,369,68,,1,349,349,70,50,1,4,1968
11,68,50,7,1005,4558,D,09F,9g,3U,Na,0,1,,3,84,,369,68,,1,350,350,70,50,1,4,1968
11,69,1,5,2320,4559,D,12I,8h,3U,Up,2,2,1,,47,,26,66,,1,1098,3,1,1,2,4,1969
11,69,2,2,1006,4560,D,10G,4d,3U,So,1,2,1,,,,27,67,,1,737,7,2,1,2,4,1969
11,69,2,2,920,4561,D,10G,4d,3U,So,1,1,,3,,,27,67,,1,737,7,2,1,1,4,1969
11,68,51,4,1232,4562,G,11D,5b,2H,Vr,1,2,1,,59,,312,67,,1,719,354,71,51,2,3,1968
11,68,51,7,3048,4563,F,11D,5b,2H,Vr,2,2,1,,59,,312,66,,1,1087,357,72,51,2,3,1968
11,68,52,7,1355,4564,D,11D,5b,2H,Vr,1,2,1,,52,,312,67,,1,729,364,73,52,2,3,1968
11,68,52,5,2240,4565,V,10I,1b,3U,So,0,1,,3,70,,206,68,,1,362,362,73,52,1,4,1968
11,68,52,6,2241,4566,V,10I,1b,3U,So,0,2,1,,48,,206,68,,1,363,363,73,52,2,4,1968
11,68,53,2,2321,4567,V,10I,1b,3U,So,0,2,1,,56,,206,68,,1,366,366,74,53,2,4,1968
11,68,52,7,439,4568,V,10I,1b,3U,So,0,1,,3,74,,206,68,,1,364,364,73,52,1,4,1968
11,69,1,6,204,4569,V,10I,1b,3U,So,3,2,1,,57,,206,65,,1,1464,4,1,1,2,4,1969
11,69,2,2,1421,4570,F,11E,8e,2H,Vr,0,1,,1,,,188,68,,1,372,7,2,1,1,3,1969
11,69,1,7,3049,4571,G,12D,1a,2H,Vr,4,2,1,,61,,216,64,,1,1830,5,1,1,2,3,1969
11,69,1,7,3050,4572,G,12D,1a,2H,Vr,0,2,1,,44,,216,68,,1,370,5,1,1,2,3,1969
11,69,1,4,3051,4573,G,12D,1a,2H,Vr,0,2,1,,55,,216,68,,1,367,2,1,1,2,3,1969
11,69,1,3,3052,4574,G,12D,1a,2H,Vr,2,2,1,,48,,216,66,,1,1096,1,1,1,2,3,1969
11,68,49,5,3053,4575,F,12D,1a,2H,Vr,0,2,1,,52,,216,68,,1,341,341,69,49,2,3,1968
11,68,50,4,3054,4576,F,12D,1a,2H,Vr,0,1,,1,62,,216,68,,1,347,347,70,50,1,3,1968
11,68,51,7,3055,4577,S,12D,1a,2H,Vr,0,1,,3,67,,216,68,,1,357,357,72,51,1,3,1968
11,68,49,6,3056,4578,F,12D,1a,2H,Vr,0,1,,3,63,,216,68,,1,342,342,69,49,1,3,1968
11,68,50,4,746,4579,F,12I,1b,3U,Up,0,1,,3,65,,4,68,,1,347,347,70,50,1,4,1968
11,68,51,2,804,4580,F,11D,8g,2H,Vr,0,1,,3,65,,54,68,,1,352,352,71,51,1,3,1968
11,69,2,2,1848,4581,X,17D,4i,1L,Hr,0,2,1,,,,222,68,,1,372,7,2,1,2,2,1969
11,69,2,2,805,4582,X,17D,4i,1L,Hr,2,2,1,,,,222,66,,1,1102,7,2,1,2,2,1969
11,69,2,2,630,4583,G,09E,8a,2H,Vr,1,2,,,67,,21,67,,1,737,7,2,1,2,3,1969
11,69,1,7,806,4584,X,18E,9j,1L,Ja,0,1,,3,62,,133,68,,1,370,5,1,1,1,2,1969
11,69,1,3,2150,4585,V,11E,4e,2H,Vs,0,1,,3,,47,111,68,,1,366,1,1,1,1,4,1969
11,69,1,6,125,4586,V,11E,4e,2H,Vs,4,1,,3,,55,111,64,,1,1829,4,1,1,1,4,1969
11,68,52,2,1112,4587,G,09F,8f,3U,Na,1,1,,3,82,,369,67,,1,724,359,72,52,1,4,1968
11,68,52,1,1113,4588,G,09F,8f,3U,Na,0,2,,,62,,369,68,,1,358,358,72,52,2,4,1968
11,69,1,3,1114,4589,V,09F,9g,3U,Na,2,2,1,,74,,369,66,,1,1096,1,1,1,2,4,1969
11,68,52,5,1007,4590,D,09F,8f,3U,Na,0,2,1,,56,,369,68,,1,362,362,73,52,2,4,1968
11,68,52,1,1008,4591,D,09F,9g,3U,Na,2,1,,3,70,,369,66,,1,1088,358,72,52,1,4,1968
11,69,1,6,1115,4592,G,09F,9g,3U,Na,3,2,1,,72,,369,65,,1,1464,4,1,1,2,4,1969
11,68,52,7,1009,4593,G,09F,9g,3U,Na,0,2,,,82,,369,68,,1,364,364,73,52,2,4,1968
11,69,1,6,921,4594,G,09F,9g,3U,Na,0,1,,3,72,,369,68,,1,369,4,1,1,1,4,1969
11,68,51,6,1356,4595,G,09F,9g,3U,Na,4,2,,,66,,369,64,,1,1816,356,72,51,2,4,1968
11,69,1,5,126,4596,V,09F,8f,3U,Na,0,1,,3,73,,369,68,,1,368,3,1,1,1,4,1969
11,68,52,6,922,4597,D,09F,9g,3U,Na,2,1,,3,73,,369,66,,1,1093,363,73,52,1,4,1968
11,69,2,1,127,4598,V,11F,5f,2H,Vs,1,1,,3,80,,410,67,,1,736,6,2,1,1,4,1969
11,69,2,2,2322,4599,V,10H,7e,3U,So,0,1,,3,70,,382,68,,1,372,7,2,1,1,4,1969
11,69,2,3,2323,4600,V,10H,5g,3U,So,2,2,1,,81,,382,66,,1,1103,8,2,2,2,4,1969
11,68,53,2,1010,4601,G,19D,5i,1L,Ja,4,1,,3,,,220,64,,1,1826,366,74,53,1,2,1968
11,68,53,1,1233,4602,D,19D,5i,1L,Ja,1,1,,1,,,220,67,1,1,730,365,73,53,1,2,1968
11,69,1,6,3057,4603,G,02C,7i,4S,Sk,0,1,,3,80,,263,68,,1,369,4,1,1,1,5,1969
11,69,1,3,1422,4604,K,02C,7i,4S,Sk,0,1,,1,56,,263,68,,1,366,1,1,1,1,5,1969
11,69,1,6,3058,4605,G,02C,7i,4S,Sk,2,2,,,62,,263,66,,1,1099,4,1,1,2,5,1969
11,69,1,6,3059,4606,G,02C,7i,4S,Sk,1,2,,,71,,263,67,,1,734,4,1,1,2,5,1969
11,68,51,5,1513,4607,D,02D,9a,4S,Sk,0,1,,3,82,,263,68,,1,355,355,71,51,1,5,1968
11,69,1,4,923,4608,K,02C,7i,4S,Sk,0,1,,3,86,,263,68,,1,367,2,1,1,1,5,1969
11,69,1,3,924,4609,K,02C,7i,4S,Sk,0,1,,3,90,,263,68,,1,366,1,1,1,1,5,1969
11,69,1,4,1423,4610,K,02C,7i,4S,Sk,3,2,,,86,,263,65,,1,1462,2,1,1,2,5,1969
11,68,53,2,1514,4611,G,02C,7i,4S,Sk,0,2,,,61,,263,68,,1,366,366,74,53,2,5,1968
11,69,2,3,631,4612,X,18E,2h,1L,Ja,1,2,1,,36,,268,67,,1,738,8,2,2,2,2,1969
11,69,2,5,0,4613,V,11F,6h,2H,Vs,0,1,,3,68,,272,68,,1,375,10,2,2,1,4,1969
11,69,2,3,548,4614,X,20E,2i,1L,Ja,1,1,,2,42,,419,67,,1,738,8,2,2,1,2,1969
11,69,2,3,549,4615,X,20E,2i,1L,Ja,1,1,,3,41,,419,67,,1,738,8,2,2,1,2,1969
11,69,2,4,925,4616,X,17E,7d,1L,Ja,2,2,1,,53,,321,66,,1,1104,9,2,2,2,2,1969
11,69,2,5,807,4617,X,17E,7d,1L,Ja,7,2,1,,50,,321,61,,1,2930,10,2,2,2,2,1969
11,69,2,4,926,4618,X,17E,9c,1L,Ja,2,1,,3,,,116,66,,1,1104,9,2,2,1,2,1969
11,69,2,1,1116,4619,D,16E,2b,1L,Hr,2,1,,1,,,204,66,,1,1101,6,2,1,1,2,1969
11,69,2,2,927,4620,X,20F,7h,1L,Ja,2,2,1,,49,,147,66,,1,1102,7,2,1,2,2,1969
11,69,2,4,928,4621,X,19E,7d,1L,Ja,4,2,1,,55,,333,64,,1,1834,9,2,2,2,2,1969
11,68,53,1,747,4622,F,11E,4e,2H,Vs,0,1,,3,55,,473,68,,1,365,365,73,53,1,4,1968
11,69,2,3,632,4623,X,20E,8e,1L,Ja,1,1,,3,58,,112,67,,1,738,8,2,2,1,2,1969
11,69,2,3,1234,4624,G,11J,2d,3U,Up,5,2,1,,66,,23,63,,1,2198,8,2,2,2,4,1969
11,68,51,4,1424,4625,D,03C,6c,4S,Sk,0,1,,3,78,,2,68,,1,354,354,71,51,1,5,1968
11,68,52,4,1425,4626,G,01D,9j,4S,Sk,0,1,,3,75,,402,68,,1,361,361,73,52,1,5,1968
11,68,52,4,1426,4627,G,01D,9j,4S,Sk,0,1,,3,86,,402,68,,1,361,361,73,52,1,5,1968
11,68,39,0,3000,4628,F,10D,8g,2H,Vr,0,1,,,,,144,68,,1,270,270,54,39,1,3,1968
11,68,41,4,3001,4629,F,10D,8g,2H,Vr,0,1,,,,,144,68,,1,284,284,57,41,1,3,1968
11,68,49,1,3002,4630,D,10C,8j,2H,Vr,3,2,1,,76,,10,65,,1,1432,337,68,49,2,3,1968
11,68,49,1,929,4631,D,11D,1c,2H,Vr,7,1,,1,64,,10,61,,1,2892,337,68,49,1,3,1968
11,68,50,7,1427,4632,D,11D,7a,2H,Vr,0,1,,1,79,,10,68,,1,350,350,70,50,1,3,1968
11,68,52,5,930,4633,G,12C,4i,2H,Vr,0,1,,2,78,,10,68,,1,362,362,73,52,1,3,1968
11,69,1,7,931,4634,D,11E,1d,2H,Vr,0,1,,3,70,,10,68,,1,370,5,1,1,1,3,1969
11,68,52,6,932,4635,D,11D,3h,2H,Vr,2,1,,3,77,,10,66,,1,1093,363,73,52,1,3,1968
11,69,1,5,1757,4636,T,11D,3h,2H,Vr,0,1,,3,69,,10,68,,1,368,3,1,1,1,3,1969
11,67,36,3,3003,4637,T,11C,9a,2H,Vr,0,1,,,,,10,67,,1,249,249,50,36,1,3,1967
11,67,39,6,3004,4638,T,11C,9a,2H,Vr,1,1,,,,,10,66,,1,638,273,55,39,1,3,1967
11,69,2,4,748,4639,X,17F,8b,1L,Ja,4,2,1,,54,,152,64,,1,1834,9,2,2,2,2,1969
11,68,50,6,1,4640,V,10E,7f,2H,Vr,0,1,,1,71,,249,68,,1,349,349,70,50,1,3,1968
11,68,51,3,2324,4641,V,10E,7f,2H,Vr,1,2,1,,69,,249,67,,1,718,353,71,51,2,3,1968
11,69,2,2,2325,4642,V,10E,7f,2H,Vr,4,2,1,,71,,249,64,,1,1832,7,2,1,2,3,1969
11,69,1,4,3005,4643,D,09F,5i,3U,Og,2,1,,3,,84,43,66,,1,1097,2,1,1,1,5,1969
11,69,1,7,3006,4644,F,09F,5h,3U,Og,0,1,,3,,52,43,68,,1,370,5,1,1,1,5,1969
11,69,2,1,3007,4645,F,09F,5h,3U,Og,0,2,1,,,54,43,68,,1,371,6,2,1,2,5,1969
11,69,1,5,3008,4646,U,09F,5h,3U,Og,3,2,1,,,31,43,65,,1,1463,3,1,1,2,5,1969
11,69,1,5,3009,4647,U,09F,5h,3U,Og,2,1,,,,57,43,66,,1,1098,3,1,1,1,5,1969
11,69,2,4,933,4648,F,11E,6f,2H,Vs,0,1,,3,55,,20,68,,1,374,9,2,2,1,4,1969
11,68,52,1,3010,4649,U,09I,9b,3U,So,0,1,,3,77,,343,68,,1,358,358,72,52,1,4,1968
11,68,51,7,1428,4650,S,09I,9b,3U,So,0,1,,3,72,,343,68,,1,357,357,72,51,1,4,1968
11,68,52,4,934,4651,F,09I,9b,3U,So,0,2,1,,47,,343,68,,1,361,361,73,52,2,4,1968
11,68,52,5,935,4652,F,09I,9b,3U,So,0,1,,3,63,,343,68,,1,362,362,73,52,1,4,1968
11,69,2,7,1429,4653,G,12H,3f,3U,Up,1,1,,3,78,,174,67,,1,742,12,3,2,1,4,1969
11,69,2,7,808,4654,X,17D,5d,1L,Hr,1,1,,1,75,,426,67,,1,742,12,3,2,1,2,1969
11,69,2,7,936,4655,X,17D,5d,1L,Hr,1,1,,1,72,,426,67,,1,742,12,3,2,1,2,1969
11,69,2,7,809,4656,X,17D,5d,1L,Hr,2,1,,3,71,,426,66,,1,1107,12,3,2,1,2,1969
11,69,2,7,749,4657,X,17D,5d,1L,Hr,1,1,,3,61,,426,67,,1,742,12,3,2,1,2,1969
11,69,2,7,937,4658,X,18G,2b,1L,Ja,0,1,,1,48,,242,68,,1,377,12,3,2,1,2,1969
11,69,2,5,810,4659,X,18G,7d,1L,Ja,1,1,,1,58,,307,67,,1,740,10,2,2,1,2,1969
11,69,2,6,750,4660,F,16E,6g,1L,Hr,1,1,,3,55,,354,67,,1,741,11,3,2,1,2,1969
11,69,1,6,1117,4661,D,11D,4d,2H,Vr,0,1,,3,52,,427,68,,1,369,4,1,1,1,3,1969
11,69,2,2,3011,4662,F,10B,8i,2H,Vr,0,1,,3,58,,427,68,,1,372,7,2,1,1,3,1969
11,69,2,7,938,4663,X,17D,4i,1L,Hr,1,2,1,,53,,222,67,,1,742,12,3,2,2,2,1969
11,69,2,7,1011,4664,X,17D,4i,1L,Hr,5,1,,3,61,,222,63,,1,2202,12,3,2,1,2,1969
11,69,2,6,633,4665,X,18F,5c,1L,Ja,2,1,,3,53,,420,66,,1,1106,11,3,2,1,2,1969
11,69,2,4,811,4666,X,16E,2b,1L,Hr,2,1,,1,86,,211,66,,1,1104,9,2,2,1,2,1969
11,69,2,6,812,4667,X,16E,6e,1L,Hr,0,2,1,,55,,211,68,,1,376,11,3,2,2,2,1969
11,69,2,5,813,4668,X,19E,2h,1L,Ja,2,2,1,,55,,424,66,,1,1105,10,2,2,2,2,1969
11,69,2,4,939,4669,X,16E,2b,1L,Hr,2,1,,3,81,,211,66,,1,1104,9,2,2,1,2,1969
11,69,2,3,550,4670,X,18E,3d,1L,Ja,1,2,1,,56,,470,67,,1,738,8,2,2,2,2,1969
11,69,2,1,940,4671,S,18E,3d,1L,Ja,7,1,,3,61,,470,61,,1,2926,6,2,1,1,2,1969
11,69,2,2,634,4672,X,18E,3d,1L,Ja,2,1,,3,76,,470,66,,1,1102,7,2,1,1,2,1969
11,69,2,3,814,4673,X,18F,5c,1L,Ja,0,1,,3,51,,420,68,,1,373,8,2,2,1,2,1969
11,69,2,7,1657,4674,S,10I,7h,3U,Up,1,2,2,,70,,76,67,,1,742,12,3,2,2,4,1969
11,69,1,4,751,4675,F,11D,0d,2H,Vr,0,1,,3,,,15,68,,1,367,2,1,1,1,3,1969
11,69,2,1,2242,4676,V,29J,7h,1L,Lp,1,2,1,,47,,238,67,,1,736,6,2,1,2,2,1969
11,69,1,7,1235,4677,G,09H,7f,3U,So,0,2,1,,45,,117,68,,1,370,5,1,1,2,4,1969
11,69,2,7,941,4678,D,09H,4c,3U,So,5,1,,3,85,,125,63,,1,2202,12,3,2,1,4,1969
11,69,2,5,1012,4679,S,09H,4c,3U,So,0,2,,,44,,125,68,,1,375,10,2,2,2,4,1969
11,69,2,7,942,4680,X,19G,0c,1L,Ja,0,1,,3,48,,6,68,,1,377,12,3,2,1,2,1969
11,69,2,6,943,4681,X,19E,6a,1L,Ja,3,1,,3,66,,45,65,,1,1471,11,3,2,1,2,1969
11,69,2,7,944,4682,X,20F,7h,1L,Ja,1,1,,3,66,,147,67,,1,742,12,3,2,1,2,1969
11,69,3,1,815,4683,X,19E,2g,1L,Ja,0,1,,3,56,,171,68,,1,378,13,3,2,1,2,1969
11,69,2,6,816,4684,X,17F,8b,1L,Ja,1,1,,3,60,,152,67,,1,741,11,3,2,1,2,1969
11,69,2,4,817,4685,X,19E,5g,1L,Ja,1,1,,3,64,,179,67,,1,739,9,2,2,1,2,1969
11,69,2,6,818,4686,X,19E,5g,1L,Ja,1,1,,3,53,,179,67,,1,741,11,3,2,1,2,1969
11,69,2,7,128,4687,V,11F,5f,2H,Vs,0,1,,3,72,,410,68,,1,377,12,3,2,1,4,1969
11,69,3,1,945,4688,K,03E,3e,4S,Bl,0,1,,1,59,,232,68,,1,378,13,3,2,1,5,1969
11,69,3,1,1118,4689,K,03E,3e,4S,Bl,3,2,,,64,,232,65,,1,1473,13,3,2,2,5,1969
11,69,2,7,946,4690,D,10D,6a,2H,Vr,4,2,2,,81,,39,64,,1,1837,12,3,2,2,3,1969
11,69,2,4,947,4691,F,11C,6j,2H,Vr,0,1,,3,75,,288,68,,1,374,9,2,2,1,3,1969
11,69,1,5,948,4692,F,11C,6j,2H,Vr,0,1,,3,73,,288,68,,1,368,3,1,1,1,3,1969
11,69,1,3,819,4693,X,16E,6g,1L,Hr,0,2,1,,46,,103,68,,1,366,1,1,1,2,2,1969
11,69,3,1,820,4694,X,16E,2b,1L,Hr,2,1,,1,57,,204,66,,1,1108,13,3,2,1,2,1969
11,68,52,5,1119,4695,G,12I,1f,3U,Up,0,2,1,,61,,434,68,,1,362,362,73,52,2,4,1968
11,69,1,7,1120,4696,G,12I,1f,3U,Up,2,1,,3,87,,434,66,,1,1100,5,1,1,1,4,1969
11,69,2,1,1121,4697,G,12I,1f,3U,Up,3,2,1,,63,,434,65,,1,1466,6,2,1,2,4,1969
11,69,2,1,1236,4698,G,12I,1f,3U,Up,3,1,,3,64,,434,65,,1,1466,6,2,1,1,4,1969
11,69,2,6,1515,4699,G,12I,1f,3U,Up,0,2,1,,63,,434,68,,1,376,11,3,2,2,4,1969
11,69,1,6,1516,4700,U,11D,7a,2H,Vr,2,2,1,,70,,141,66,,1,1099,4,1,1,2,3,1969
11,69,1,6,1430,4701,G,11D,7a,2H,Vr,2,1,,3,81,,141,66,,1,1099,4,1,1,1,3,1969
11,69,1,7,1517,4702,G,11D,7a,2H,Vr,0,1,,3,64,,141,68,,1,370,5,1,1,1,3,1969
11,69,1,7,1431,4703,G,11D,7a,2H,Vr,1,1,,3,57,,141,67,,1,735,5,1,1,1,3,1969
11,69,1,7,1122,4704,S,01D,9j,4S,Sk,1,2,1,,73,,402,67,,1,735,5,1,1,2,5,1969
11,69,1,7,1432,4705,G,01D,9j,4S,Sk,0,1,,3,83,,402,68,,1,370,5,1,1,1,5,1969
11,69,1,7,821,4706,X,19F,5d,1L,Ja,0,2,1,,40,,316,68,,1,370,5,1,1,2,2,1969
11,69,2,7,822,4707,X,19F,5d,1L,Ja,0,2,1,,42,,316,68,,1,377,12,3,2,2,2,1969
11,69,3,1,823,4708,X,19F,5d,1L,Ja,2,1,,3,70,,316,66,,1,1108,13,3,2,1,2,1969
11,69,3,1,824,4709,X,20F,6h,1L,Ja,3,2,1,,58,,313,65,,1,1473,13,3,2,2,2,1969
11,69,3,3,1658,4710,S,10I,7h,3U,Up,4,2,2,,66,,76,64,,1,1840,15,3,3,2,4,1969
11,69,2,7,825,4711,X,20F,6h,1L,Ja,2,2,1,,55,,313,66,,1,1107,12,3,2,2,2,1969
11,69,3,2,826,4712,X,20F,6h,1L,Ja,0,2,,,43,,313,68,,1,379,14,3,2,2,2,1969
11,69,3,2,827,4713,X,20F,6h,1L,Ja,2,1,,1,61,,313,66,,1,1109,14,3,2,1,2,1969
11,69,2,7,1013,4714,D,03E,7g,4S,Bl,1,1,,3,73,,416,67,,1,742,12,3,2,1,5,1969
11,69,2,4,828,4715,X,19D,7c,1L,Ja,1,2,1,,71,,178,67,,1,739,9,2,2,2,2,1969
11,68,39,7,752,4716,D,20F,6h,1L,Ja,0,1,,1,58,,313,68,,1,273,273,55,39,1,2,1968
11,69,3,3,753,4717,X,20F,6h,1L,Ja,0,1,,3,62,,313,68,,1,380,15,3,3,1,2,1969
11,69,2,5,949,4718,X,16E,2b,1L,Hr,1,1,,1,89,,211,67,,1,740,10,2,2,1,2,1969
11,69,2,3,829,4719,X,16E,2b,1L,Hr,7,2,1,,71,,211,61,,1,2928,8,2,2,2,2,1969
11,69,2,4,830,4720,X,19F,6b,1L,Ja,7,2,1,,89,,461,61,,1,2929,9,2,2,2,2,1969
11,69,3,2,1014,4721,X,19F,6e,1L,Ja,0,1,,3,53,,217,68,,1,379,14,3,2,1,2,1969
11,69,3,2,831,4722,D,18F,6a,1L,Ja,1,2,1,,62,,52,67,,1,744,14,3,2,2,2,1969
11,68,52,1,754,4723,X,18E,8j,1L,Ja,0,1,,,50,,52,68,,1,358,358,72,52,1,2,1968
11,68,52,5,2326,4724,V,10E,7e,2H,Vr,0,2,1,,74,,239,68,,1,362,362,73,52,2,3,1968
11,69,2,2,2243,4725,V,10E,7e,2H,Vr,0,1,,3,58,,239,68,,1,372,7,2,1,1,3,1969
11,68,51,4,2151,4726,V,10E,7e,2H,Vr,1,1,,3,74,,239,67,,1,719,354,71,51,1,3,1968
11,68,52,4,2327,4727,V,10E,7e,2H,Vr,1,1,,3,71,,239,67,,1,726,361,73,52,1,3,1968
11,68,51,7,1357,4728,K,09E,8g,3U,Na,2,2,1,,70,,239,66,,1,1087,357,72,51,2,4,1968
11,69,3,3,1433,4729,G,11C,6j,2H,Vr,0,2,1,,48,,288,68,,1,380,15,3,3,2,3,1969
11,69,2,5,129,4730,V,11D,2d,2H,Vr,0,2,1,,65,,366,68,,1,375,10,2,2,2,3,1969
11,69,3,1,1659,4731,G,02C,7i,4S,Sk,1,2,,,80,,263,67,,1,743,13,3,2,2,5,1969
11,69,2,7,1123,4732,G,02C,7i,4S,Sk,0,1,,3,76,,263,68,,1,377,12,3,2,1,5,1969
11,69,3,1,1434,4733,U,02C,7i,4S,Sk,0,1,,3,72,,263,68,,1,378,13,3,2,1,5,1969
11,69,1,6,1435,4734,S,02D,5e,4S,Sk,5,1,,3,82,,263,63,,1,2194,4,1,1,1,5,1969
11,69,1,6,1358,4735,S,02D,5e,4S,Sk,8,2,,,77,,263,60,,1,3289,4,1,1,2,5,1969
11,69,3,6,950,4736,D,12I,9j,3U,Up,0,1,,3,84,,192,68,,1,383,18,4,3,1,4,1969
11,69,2,2,2244,4737,V,11H,7h,3U,Up,0,1,,3,65,,4,68,,1,372,7,2,1,1,4,1969
11,69,1,6,2152,4738,V,11H,5i,3U,Up,3,2,1,,60,,4,65,,1,1464,4,1,1,2,4,1969
11,69,2,7,2,4739,V,11I,8b,3U,Up,5,1,,3,80,,4,63,,1,2202,12,3,2,1,4,1969
11,69,3,2,951,4740,D,11H,9f,3U,Up,2,2,1,,70,,4,66,,1,1109,14,3,2,2,4,1969
11,68,52,4,2245,4741,V,11H,5i,3U,Up,1,1,,3,90,,4,67,,1,726,361,73,52,1,4,1968
11,69,1,5,1359,4742,D,12H,1j,3U,Up,0,2,1,,60,,4,68,,1,368,3,1,1,2,4,1969
11,69,2,6,832,4743,F,11H,9f,3U,Up,0,1,,1,60,,4,68,,1,376,11,3,2,1,4,1969
11,69,2,7,755,4744,F,11H,9f,3U,Up,0,1,,3,65,,4,68,,1,377,12,3,2,1,4,1969
11,68,51,7,1300,4745,D,12I,9j,3U,Up,2,1,,3,70,,4,66,,1,1087,357,72,51,1,4,1968
11,69,3,7,1758,4746,V,10I,7h,3U,Up,2,1,,3,73,,76,66,,1,1114,19,4,3,1,4,1969
11,69,3,6,1124,4747,G,09E,8a,2H,Vr,2,2,,,55,,21,66,,1,1113,18,4,3,2,3,1969
11,69,3,5,1759,4748,F,09E,8a,2H,Vr,0,2,,,47,,21,68,,1,382,17,4,3,2,3,1969
11,69,3,6,1125,4749,G,09E,8a,2H,Vr,0,1,,3,63,,21,68,,1,383,18,4,3,1,3,1969
11,68,40,6,1237,4750,S,10E,8d,2H,Vr,1,2,,,55,,346,67,,1,644,279,56,40,2,3,1968
11,69,3,5,2246,4751,V,10D,5e,2H,Vr,0,1,,3,62,,75,68,,1,382,17,4,3,1,3,1969
11,69,4,1,3,4752,V,10D,6d,2H,Vr,1,2,,,61,,170,67,,1,750,20,4,3,2,3,1969
11,69,4,1,2328,4753,V,10D,6d,2H,Vr,2,2,,,62,,170,66,,1,1115,20,4,3,2,3,1969
11,69,3,4,1936,4754,F,10D,8g,2H,Vr,2,1,,3,85,,144,66,,1,1111,16,4,3,1,3,1969
11,69,4,1,1436,4755,G,10G,4d,3U,So,2,2,1,,,,27,66,,1,1115,20,4,3,2,4,1969
11,69,3,7,952,4756,X,17D,4i,1L,Hr,6,1,,2,54,,222,62,,1,2574,19,4,3,1,2,1969
11,68,52,6,551,4757,X,18F,3f,1L,Ja,0,2,1,,88,,467,68,,1,363,363,73,52,2,2,1968
11,69,1,4,833,4758,X,18F,3f,1L,Ja,0,2,1,,45,,467,68,,1,367,2,1,1,2,2,1969
11,68,50,6,1126,4759,S,11I,8a,3U,Up,0,2,1,,51,,146,68,,1,349,349,70,50,2,4,1968
11,68,49,3,3012,4760,V,11I,8e,3U,Up,0,1,,1,58,,370,68,,1,339,339,68,49,1,4,1968
11,68,48,7,1127,4761,D,11H,8j,3U,Up,0,2,1,,58,,371,68,,1,336,336,68,48,2,4,1968
11,69,3,6,1518,4762,D,16E,2b,1L,Hr,2,2,,,42,,204,66,,1,1113,18,4,3,2,2,1969
11,69,3,7,953,4763,X,19F,6e,1L,Ja,1,1,,3,65,,217,67,,1,749,19,4,3,1,2,1969
11,68,52,5,954,4764,X,18E,9j,1L,Ja,0,1,,3,,,225,68,,1,362,362,73,52,1,2,1968
11,68,52,2,834,4765,X,18E,9j,1L,Ja,1,1,,3,,,225,67,,1,724,359,72,52,1,2,1968
11,68,52,3,835,4766,X,18E,9j,1L,Ja,0,1,,1,,,225,68,,1,360,360,72,52,1,2,1968
11,68,52,6,955,4767,X,18E,9j,1L,Ja,1,1,,2,,,225,67,,1,728,363,73,52,1,2,1968
11,69,4,1,552,4768,X,20F,6h,1L,Ja,0,1,,3,57,,313,68,,1,385,20,4,3,1,2,1969
11,69,4,1,553,4769,X,20F,6h,1L,Ja,1,1,,3,85,,313,67,,1,750,20,4,3,1,2,1969
11,69,3,5,836,4770,X,20F,6h,1L,Ja,0,2,1,,45,,313,68,,1,382,17,4,3,2,2,1969
11,69,3,6,331,4771,X,20F,6h,1L,Ja,0,2,1,,34,,313,68,,1,383,18,4,3,2,2,1969
11,69,3,6,2329,4772,V,11D,2d,2H,Vr,6,1,,3,86,,366,62,,1,2573,18,4,3,1,3,1969
11,69,4,2,756,4773,X,19E,2i,1L,Ja,2,1,,3,71,,112,66,,1,1116,21,5,3,1,2,1969
11,69,2,7,837,4774,F,10H,1g,3U,So,0,1,,3,61,,138,68,,1,377,12,3,2,1,4,1969
11,69,3,6,1238,4775,G,10H,1g,3U,So,2,2,1,,56,,138,66,,1,1113,18,4,3,2,4,1969
11,69,4,1,1519,4776,S,09H,5c,3U,So,0,1,,3,80,,125,68,,1,385,20,4,3,1,4,1969
11,69,3,7,1301,4777,S,09G,7a,3U,Og,1,1,,3,72,,43,67,,1,749,19,4,3,1,5,1969
11,69,4,2,956,4778,K,10I,8h,3U,Up,1,2,1,,63,,377,67,,1,751,21,5,3,2,4,1969
11,69,3,6,1239,4779,G,09H,7f,3U,So,3,1,,,85,,117,65,,1,1478,18,4,3,1,4,1969
11,69,3,7,1240,4780,G,11I,4f,3U,Up,1,2,1,,50,,23,67,,1,749,19,4,3,2,4,1969
11,69,3,2,1520,4781,D,11I,4f,3U,Up,0,2,,,49,,23,68,,1,379,14,3,2,2,4,1969
11,69,4,1,205,4782,V,10D,6d,2H,Vr,0,1,,3,63,,170,68,,1,385,20,4,3,1,3,1969
11,69,3,7,1128,4783,V,10D,6d,2H,Vr,0,2,1,,60,,170,68,,1,384,19,4,3,2,3,1969
11,69,3,7,1241,4784,S,10F,6i,3U,Na,3,1,,3,61,,156,65,,1,1479,19,4,3,1,4,1969
11,69,3,7,4,4785,V,11E,3f,2H,Vs,2,2,,,55,,156,66,,1,1114,19,4,3,2,4,1969
11,69,3,4,957,4786,D,10H,7e,3U,So,1,2,1,,58,,382,67,,1,746,16,4,3,2,4,1969
11,69,4,3,5,4787,V,10H,7e,3U,So,0,2,1,,51,,382,68,,1,387,22,5,4,2,4,1969
11,69,3,2,1437,4788,G,03E,5i,4S,Bl,2,2,1,,73,,416,66,,1,1109,14,3,2,2,5,1969
11,69,4,2,838,4789,F,19E,2g,1L,Ja,0,2,1,,61,,171,68,,1,386,21,5,3,2,2,1969
11,69,3,4,757,4790,X,19E,2i,1L,Ja,0,1,,2,53,,211,68,,1,381,16,4,3,1,2,1969
11,69,4,6,1302,4791,K,11I,1e,3U,Up,8,2,1,,59,,70,60,,1,3310,25,5,4,2,4,1969
11,69,2,6,554,4792,X,18E,3c,1L,Ja,0,1,,2,58,,470,68,,1,376,11,3,2,1,2,1969
11,69,3,1,3013,4793,X,18E,3c,1L,Ja,2,1,,3,57,,470,66,,1,1108,13,3,2,1,2,1969
11,69,2,4,635,4794,X,18E,3c,1L,Ja,5,1,,3,60,,470,63,,1,2199,9,2,2,1,2,1969
11,69,3,2,958,4795,X,17F,5a,1L,Ja,3,2,,,60,,337,65,,1,1474,14,3,2,2,2,1969
11,69,4,2,2330,4796,V,10E,7c,2H,Vr,2,1,,3,78,,46,66,,1,1116,21,5,3,1,3,1969
11,69,4,4,1303,4797,D,10I,7b,3U,Up,0,1,,3,61,,126,68,,1,388,23,5,4,1,4,1969
11,69,4,6,1242,4798,K,11I,1e,3U,Up,0,1,,3,72,,70,68,,1,390,25,5,4,1,4,1969
11,69,4,6,1243,4799,K,11I,1e,3U,Up,0,1,,3,78,,70,68,,1,390,25,5,4,1,4,1969
11,69,4,3,839,4800,X,18D,4c,1L,Hr,0,1,,1,54,,19,68,,1,387,22,5,4,1,2,1969
11,69,4,4,840,4801,X,18D,4c,1L,Hr,2,2,1,,48,,19,66,,1,1118,23,5,4,2,2,1969
11,69,4,2,1015,4802,V,11C,3i,2H,Vr,0,1,,,82,,427,68,,1,386,21,5,3,1,3,1969
11,69,4,3,636,4803,X,16E,2b,1L,Hr,1,2,,,41,,204,67,,1,752,22,5,4,2,2,1969
11,69,4,4,758,4804,X,18F,6a,1L,Ja,1,2,,,70,,52,67,,1,753,23,5,4,2,2,1969
11,69,4,3,841,4805,X,18F,6a,1L,Ja,5,1,,,70,,52,63,,1,2212,22,5,4,1,2,1969
11,69,3,6,759,4806,X,18F,6a,1L,Ja,1,1,,,80,,52,67,,1,748,18,4,3,1,2,1969
11,69,3,5,842,4807,X,18F,6a,1L,Ja,0,1,,,60,,52,68,,1,382,17,4,3,1,2,1969
11,69,3,6,843,4808,X,18F,6a,1L,Ja,0,1,,,59,,52,68,,1,383,18,4,3,1,2,1969
11,69,4,4,959,4809,X,19E,7d,1L,Ja,2,1,,3,62,,333,66,,1,1118,23,5,4,1,2,1969
11,69,4,4,844,4810,F,11H,2j,3U,Up,0,1,,3,66,,341,68,,1,388,23,5,4,1,4,1969
11,69,3,7,1016,4811,G,11C,6j,2H,Vr,0,1,,3,67,,288,68,,1,384,19,4,3,1,3,1969
11,68,52,6,700,4812,X,17F,5a,1L,Ja,2,2,1,,62,,16,66,,1,1093,363,73,52,2,2,1968
11,69,1,3,701,4813,X,17F,5a,1L,Ja,3,1,,3,65,,16,65,,1,1461,1,1,1,1,2,1969
11,69,3,7,845,4814,X,17F,5a,1L,Ja,0,1,,3,69,,16,68,,1,384,19,4,3,1,2,1969
11,69,4,3,1937,4815,X,17F,5a,1L,Ja,1,2,1,,43,,16,67,,1,752,22,5,4,2,2,1969
11,69,5,1,2153,4816,V,11F,2c,2H,Vs,0,1,,3,60,,410,68,,1,392,27,6,4,1,4,1969
11,69,5,1,2038,4817,V,11F,2c,2H,Vs,0,1,,3,61,,410,68,,1,392,27,6,4,1,4,1969
11,69,4,6,206,4818,V,11F,3c,2H,Vs,3,2,1,,60,,410,65,,1,1485,25,5,4,2,4,1969
11,69,4,6,6,4819,V,11F,3c,2H,Vs,2,2,1,,66,,410,66,,1,1120,25,5,4,2,4,1969
11,69,3,6,1438,4820,G,12D,4f,2H,Vr,1,1,,3,81,,425,67,,1,748,18,4,3,1,3,1969
11,69,3,6,1304,4821,G,12D,4f,2H,Vr,2,1,,1,55,,425,66,,1,1113,18,4,3,1,3,1969
11,69,2,7,1521,4822,G,12D,4f,2H,Vr,0,2,1,,52,,425,68,,1,377,12,3,2,2,3,1969
11,69,2,7,1244,4823,G,12D,4f,2H,Vr,7,1,,3,75,,425,61,,1,2932,12,3,2,1,3,1969
11,69,2,7,1129,4824,G,12D,4f,2H,Vr,1,2,1,,65,,425,67,,1,742,12,3,2,2,3,1969
11,69,4,2,2331,4825,V,12D,4f,2H,Vr,4,1,,3,60,,425,64,,1,1846,21,5,3,1,3,1969
11,69,4,2,2247,4826,V,12D,4f,2H,Vr,3,2,1,,62,,425,65,,1,1481,21,5,3,2,3,1969
11,69,4,5,900,4827,K,10I,8h,3U,Up,0,1,,,56,,383,68,,1,389,24,5,4,1,4,1969
11,69,4,6,7,4828,V,10D,8h,2H,Vr,1,1,,3,76,,205,67,,1,755,25,5,4,1,3,1969
11,69,4,6,1600,4829,G,11C,6j,2H,Vr,2,2,2,,62,,288,66,,1,1120,25,5,4,2,3,1969
11,69,4,7,702,4830,X,17D,5d,1L,Hr,2,2,1,,42,,426,66,,1,1121,26,6,4,2,2,1969
11,69,4,7,846,4831,X,17D,5d,1L,Hr,2,2,1,,46,,426,66,,1,1121,26,6,4,2,2,1969
11,69,4,6,847,4832,X,17F,8b,1L,Ja,2,1,,3,62,,152,66,,1,1120,25,5,4,1,2,1969
11,69,4,7,848,4833,X,19E,5g,1L,Ja,0,1,,3,60,,179,68,,1,391,26,6,4,1,2,1969
11,69,4,6,849,4834,X,19E,5g,1L,Ja,0,2,2,,52,,179,68,,1,390,25,5,4,2,2,1969
11,69,3,7,1938,4835,V,11D,5b,2H,Vr,0,2,1,,52,,312,68,,1,384,19,4,3,2,3,1969
11,69,2,7,1305,4836,D,11D,5b,2H,Vr,0,2,1,,55,,312,68,,1,377,12,3,2,2,3,1969
11,69,4,2,1130,4837,V,11D,5b,2H,Vr,3,2,1,,67,,312,65,,1,1481,21,5,3,2,3,1969
11,69,5,1,1849,4838,V,10I,7h,3U,Up,0,1,,3,52,,76,68,,1,392,27,6,4,1,4,1969
11,69,4,5,130,4839,V,12F,6b,2H,Dr,3,1,,3,82,,184,65,,1,1484,24,5,4,1,3,1969
11,69,4,6,2154,4840,V,11C,1j,2H,Vr,0,2,,,52,,427,68,,1,390,25,5,4,2,3,1969
11,69,4,7,2248,4841,V,11C,1j,2H,Vr,0,2,,,60,,427,68,,1,391,26,6,4,2,3,1969
11,69,4,6,2332,4842,V,11C,3i,2H,Vr,4,1,,3,92,,427,64,,1,1850,25,5,4,1,3,1969
11,69,4,7,207,4843,V,11E,3f,2H,Vs,2,2,,,59,,156,66,,1,1121,26,6,4,2,4,1969
11,69,3,2,1017,4844,D,11F,4e,2H,Vs,0,2,,,64,,272,68,,1,379,14,3,2,2,4,1969
11,69,4,1,850,4845,F,11F,8b,2H,Vs,0,1,,3,65,,272,68,,1,385,20,4,3,1,4,1969
11,69,4,4,131,4846,V,11F,4e,2H,Vs,0,2,1,,51,,272,68,,1,388,23,5,4,2,4,1969
11,69,4,4,3014,4847,V,09H,2d,3U,So,0,2,1,,58,,31,68,,1,388,23,5,4,2,4,1969
11,69,4,5,2333,4848,V,10E,7e,2H,Vr,0,1,,3,73,,249,68,,1,389,24,5,4,1,3,1969
11,69,3,7,208,4849,V,10E,7f,2H,Vr,0,2,1,,55,,249,68,,1,384,19,4,3,2,3,1969
11,69,3,5,3015,4850,T,10E,7f,2H,Vr,0,2,1,,59,,249,68,,1,382,17,4,3,2,3,1969
11,69,5,1,901,4851,G,11D,7a,2H,Vr,1,1,,3,60,,141,67,,1,757,27,6,4,1,3,1969
11,69,5,1,851,4852,X,20E,4j,1L,Ja,1,2,1,,55,,352,67,,1,757,27,6,4,2,2,1969
11,69,4,4,852,4853,X,20F,6h,1L,Ja,7,1,,2,70,,313,61,,1,2943,23,5,4,1,2,1969
11,69,4,7,902,4854,X,20F,6h,1L,Ja,0,2,1,,41,,313,68,,1,391,26,6,4,2,2,1969
11,69,4,7,853,4855,X,20F,6h,1L,Ja,1,2,1,,40,,313,67,,1,756,26,6,4,2,2,1969
11,69,5,1,854,4856,X,20F,6h,1L,Ja,0,2,1,,43,,313,68,,1,392,27,6,4,2,2,1969
11,69,4,6,855,4857,X,20F,6h,1L,Ja,1,1,,3,58,,313,67,,1,755,25,5,4,1,2,1969
11,68,52,6,440,4858,V,29J,7h,1L,Lp,3,2,1,,58,,255,65,,1,1458,363,73,52,2,2,1968
11,68,50,2,132,4859,V,29J,7h,1L,Lp,0,1,,1,51,,255,68,,1,345,345,69,50,1,2,1968
11,68,49,3,133,4860,V,29J,7h,1L,Lp,1,1,,1,69,,255,67,,1,704,339,68,49,1,2,1968
11,68,51,3,134,4861,V,29J,7h,1L,Lp,1,2,1,,49,,255,67,1,1,718,353,71,51,2,2,1968
11,69,4,7,703,4862,X,18F,2g,1L,Ja,1,2,1,,,,115,67,,1,756,26,6,4,2,2,1969
11,69,4,7,704,4863,X,18F,2g,1L,Ja,0,2,1,,,,115,68,,1,391,26,6,4,2,2,1969
11,69,5,1,705,4864,X,18F,2g,1L,Ja,1,1,,3,,,115,67,,1,757,27,6,4,1,2,1969
11,68,52,4,856,4865,X,18F,2g,1L,Ja,2,2,1,,,59,115,66,,1,1091,361,73,52,2,2,1968
11,69,4,6,706,4866,X,18F,2g,1L,Ja,2,1,,3,,43,115,66,,1,1120,25,5,4,1,2,1969
11,69,3,6,903,4867,K,02C,7i,4S,Sk,0,1,,3,81,,263,68,,1,383,18,4,3,1,5,1969
11,69,4,3,1601,4868,G,02C,7i,4S,Sk,1,2,,,59,,263,67,,1,752,22,5,4,2,5,1969
11,69,3,6,857,4869,K,02C,7i,4S,Sk,0,2,2,,71,,263,68,,1,383,18,4,3,2,5,1969
11,69,3,6,1522,4870,G,02C,7i,4S,Sk,1,1,,3,76,,263,67,,1,748,18,4,3,1,5,1969
11,69,3,6,3016,4871,K,02C,7i,4S,Sk,2,1,,3,93,,263,66,,1,1113,18,4,3,1,5,1969
11,69,3,7,1602,4872,K,02C,7i,4S,Sk,0,1,,3,75,,263,68,,1,384,19,4,3,1,5,1969
11,69,4,3,1603,4873,G,02C,7i,4S,Sk,0,1,,3,96,,263,68,,1,387,22,5,4,1,5,1969
11,69,3,3,904,4874,X,19G,1e,1L,Ja,5,1,,3,64,,399,63,,1,2205,15,3,3,1,2,1969
11,69,4,7,858,4875,X,19G,1e,1L,Ja,0,1,,3,63,,399,68,,1,391,26,6,4,1,2,1969
11,69,4,3,707,4876,X,18F,0c,1L,Ja,1,1,,3,58,,102,67,,1,752,22,5,4,1,2,1969
11,69,5,2,1700,4877,X,17E,7d,1L,Ja,2,1,,1,55,,321,66,,1,1123,28,6,4,1,2,1969
11,69,4,6,905,4878,X,19F,2a,1L,Ja,1,1,,3,45,,451,67,,1,755,25,5,4,1,2,1969
11,69,4,7,708,4879,X,18F,6a,1L,Ja,2,1,,,90,,52,66,,1,1121,26,6,4,1,2,1969
11,69,4,7,859,4880,X,18F,6a,1L,Ja,4,1,,,100,,52,64,,1,1851,26,6,4,1,2,1969
11,69,4,7,637,4881,X,18F,6a,1L,Ja,0,1,,,65,,52,68,,1,391,26,6,4,1,2,1969
11,69,5,2,709,4882,X,18F,6a,1L,Ja,1,2,1,,50,,52,67,,1,758,28,6,4,2,2,1969
11,69,4,3,710,4883,X,18F,6a,1L,Ja,2,2,1,,60,,52,66,,1,1117,22,5,4,2,2,1969
11,69,4,7,800,4884,X,18E,9j,1L,Ja,3,2,1,,44,,225,65,,1,1486,26,6,4,2,2,1969
11,69,2,6,801,4885,X,18E,9j,1L,Ja,0,2,1,,44,,225,68,,1,376,11,3,2,2,2,1969
11,69,3,3,802,4886,X,18E,9j,1L,Ja,0,2,1,,44,,225,68,,1,380,15,3,3,2,2,1969
11,69,4,4,803,4887,X,18E,9j,1L,Ja,0,1,,3,62,,225,68,,1,388,23,5,4,1,2,1969
11,69,1,4,906,4888,X,17D,5g,1L,Hr,2,2,1,,51,,106,66,,1,1097,2,1,1,2,2,1969
11,69,2,2,907,4889,X,17D,5g,1L,Hr,2,2,1,,57,,106,66,,1,1102,7,2,1,2,2,1969
11,69,4,5,804,4890,X,17D,5g,1L,Hr,2,2,1,,47,,106,66,,1,1119,24,5,4,2,2,1969
11,69,4,7,908,4891,X,17D,5g,1L,Hr,2,2,1,,50,,106,66,,1,1121,26,6,4,2,2,1969
11,69,5,1,711,4892,F,09I,9b,3U,So,0,2,1,,53,,343,68,,1,392,27,6,4,2,4,1969
11,69,3,7,1018,4893,F,09I,9b,3U,So,0,1,,3,58,,343,68,,1,384,19,4,3,1,4,1969
11,69,4,4,805,4894,F,09I,9b,3U,So,0,1,,3,62,,343,68,,1,388,23,5,4,1,4,1969
11,69,4,2,806,4895,F,09I,9b,3U,So,0,1,,3,66,,343,68,,1,386,21,5,3,1,4,1969
11,69,4,7,807,4896,X,17E,7d,1L,Ja,0,2,1,,43,,321,68,,1,391,26,6,4,2,2,1969
11,68,51,7,1131,4897,D,10E,8j,2H,Vs,2,1,,1,,56,185,66,,1,1087,357,72,51,1,4,1968
11,69,4,2,8,4898,V,10E,8j,2H,Vs,2,1,,3,,61,185,66,,1,1116,21,5,3,1,4,1969
11,69,5,2,2334,4899,V,10H,5g,3U,So,1,1,,3,60,,382,67,,1,758,28,6,4,1,4,1969
11,69,4,4,909,4900,D,10H,7e,3U,So,0,1,,3,72,,382,68,,1,388,23,5,4,1,4,1969
11,69,5,3,1701,4901,X,17D,4i,1L,Hr,1,1,,3,60,,222,67,,1,759,29,6,5,1,2,1969
11,69,5,2,209,4902,V,12I,8h,3U,Up,0,2,1,,50,,26,68,,1,393,28,6,4,2,4,1969
11,69,5,2,910,4903,F,10G,4d,3U,So,1,1,,3,,,27,67,,1,758,28,6,4,1,4,1969
11,68,26,1,2335,4904,T,20F,6h,1L,Ja,3,1,,,,,313,64,,1,1636,176,36,26,1,2,1968
11,69,5,2,638,4905,X,18E,3d,1L,Ja,1,1,,3,51,,470,67,,1,758,28,6,4,1,2,1969
11,69,4,2,639,4906,X,18E,3d,1L,Ja,2,1,,3,70,,470,66,,1,1116,21,5,3,1,2,1969
11,69,4,6,640,4907,X,18E,3d,1L,Ja,1,2,1,,51,,470,67,,1,755,25,5,4,2,2,1969
11,69,5,3,555,4908,X,18E,3d,1L,Ja,2,1,,3,71,,470,66,,1,1124,29,6,5,1,2,1969
11,69,5,4,135,4909,V,11C,8a,2H,Vr,2,2,1,,60,,397,66,,1,1125,30,6,5,2,3,1969
11,69,5,4,136,4910,V,11C,8a,2H,Vr,1,1,,3,71,,397,67,,1,760,30,6,5,1,3,1969
11,69,5,3,911,4911,S,02D,2d,4S,Sk,2,1,,3,84,,60,66,,1,1124,29,6,5,1,5,1969
11,69,5,3,912,4912,S,02D,2d,4S,Sk,1,1,,3,92,,60,67,,1,759,29,6,5,1,5,1969
11,69,1,3,1245,4913,G,02D,2d,4S,Sk,1,1,,3,97,,60,67,,1,731,1,1,1,1,5,1969
11,68,52,3,1019,4914,D,02D,2d,4S,Sk,3,2,,,76,,60,65,,1,1455,360,72,52,2,5,1968
11,69,4,4,913,4915,K,02D,3g,4S,Sk,0,1,,3,93,,274,68,,1,388,23,5,4,1,5,1969
11,69,4,5,1246,4916,D,02D,3h,4S,Sk,1,1,,3,97,,274,67,,1,754,24,5,4,1,5,1969
11,69,4,5,1132,4917,D,02D,3h,4S,Sk,0,2,,,62,,274,68,,1,389,24,5,4,2,5,1969
11,69,3,6,712,4918,X,18F,3f,1L,Ja,1,2,1,,61,,467,67,,1,748,18,4,3,2,2,1969
11,69,5,1,808,4919,D,18F,3f,1L,Ja,0,2,1,,63,,467,68,,1,392,27,6,4,2,2,1969
11,69,5,1,1604,4920,S,02D,3h,4S,Sk,0,1,,3,91,,274,68,,1,392,27,6,4,1,5,1969
11,69,4,7,1020,4921,D,01D,9j,4S,Sk,0,2,1,,60,,402,68,,1,391,26,6,4,2,5,1969
11,69,5,5,713,4922,X,18F,3c,1L,Ja,0,1,,3,58,,35,68,,1,396,31,7,5,1,2,1969
11,69,4,7,714,4924,X,18F,5c,1L,Ja,1,1,,3,61,,420,67,,1,756,26,6,4,1,2,1969
11,69,5,3,9,4925,V,12F,6b,2H,Dr,0,1,,3,58,,184,68,,1,394,29,6,5,1,3,1969
11,69,5,4,2155,4926,V,11E,3f,2H,Vs,1,2,,,60,,172,67,,1,760,30,6,5,2,4,1969
11,69,5,2,641,4927,X,18F,5c,1L,Ja,1,2,1,,43,,420,67,,1,758,28,6,4,2,2,1969
11,69,3,6,2249,4928,V,11D,2d,2H,Vr,3,2,1,,58,,366,65,,1,1478,18,4,3,2,3,1969
11,69,5,3,2250,4929,V,11D,2d,2H,Vr,0,2,1,,61,,366,68,,1,394,29,6,5,2,3,1969
11,69,4,7,1306,4930,D,10D,9d,2H,Vr,3,1,,3,63,,366,65,,1,1486,26,6,4,1,3,1969
11,69,5,4,914,4931,D,09F,9g,3U,Na,0,2,1,,65,,369,68,,1,395,30,6,5,2,4,1969
11,69,3,5,1021,4932,G,09F,9g,3U,Na,0,1,,3,56,,369,68,,1,382,17,4,3,1,4,1969
11,69,3,2,1439,4933,D,09F,8f,3U,Na,0,1,,3,56,,369,68,,1,379,14,3,2,1,4,1969
11,69,3,5,1133,4934,G,09F,9g,3U,Na,0,1,,3,64,,369,68,,1,382,17,4,3,1,4,1969
11,69,4,5,1022,4935,G,09F,8f,3U,Na,0,1,,3,66,,369,68,,1,389,24,5,4,1,4,1969
11,69,4,2,137,4936,V,09F,8f,3U,Na,0,2,1,,53,,369,68,,1,386,21,5,3,2,4,1969
11,69,4,1,915,4937,G,09F,8f,3U,Na,0,1,,3,62,,369,68,,1,385,20,4,3,1,4,1969
11,69,3,1,210,4938,V,09F,8f,3U,Na,0,2,,,56,,369,68,,1,378,13,3,2,2,4,1969
11,69,3,2,916,4939,D,09F,8f,3U,Na,0,1,,3,63,,369,68,,1,379,14,3,2,1,4,1969
11,69,5,4,138,4940,V,11F,5f,2H,Vs,0,2,2,,52,,410,68,,1,395,30,6,5,2,4,1969
11,69,5,5,3017,4941,V,11F,3d,2H,Vs,1,2,1,,50,,410,67,,1,761,31,7,5,2,4,1969
11,69,5,5,3018,4942,T,11F,2f,2H,Vs,0,1,,3,,,410,68,,1,396,31,7,5,1,4,1969
11,69,5,6,10,4943,V,11F,2d,2H,Vs,2,2,3,,61,,410,66,,1,1127,32,7,5,2,4,1969
11,69,4,2,1605,4944,F,11H,3i,3U,Up,0,2,1,,55,,4,68,,1,386,21,5,3,2,4,1969
11,69,4,3,2156,4945,V,12H,3f,3U,Up,3,1,,,80,,4,65,,1,1482,22,5,4,1,4,1969
11,69,4,4,2336,4946,V,12H,3f,3U,Up,2,2,1,,65,,4,66,,1,1118,23,5,4,2,4,1969
11,69,5,1,1247,4947,D,11I,8a,3U,Up,0,2,2,,60,,4,68,,1,392,27,6,4,2,4,1969
11,69,4,1,11,4948,V,12H,3f,3U,Up,0,1,,3,70,,4,68,,1,385,20,4,3,1,4,1969
11,69,4,3,2251,4949,V,12H,3f,3U,Up,0,1,,3,75,,4,68,,1,387,22,5,4,1,4,1969
11,69,5,7,1702,4950,V,09I,7e,3U,So,0,2,2,,,55,126,68,,1,398,33,7,5,2,4,1969
11,69,3,8,3019,4951,U,12I,9j,3U,Up,0,1,,,,75,192,68,,1,381,16,-9,-9,1,4,1969
11,69,3,8,3020,4952,U,12I,9j,3U,Up,0,1,,3,,75,192,68,,1,381,16,-9,-9,1,4,1969
11,69,3,8,3021,4953,U,12I,9j,3U,Up,0,1,,,,72,192,68,,1,381,16,-9,-9,1,4,1969
11,69,3,8,3022,4954,U,12I,9j,3U,Up,0,1,,,,75,192,68,,1,381,16,-9,-9,1,4,1969
11,69,5,5,2157,4955,V,10G,4d,3U,So,2,2,4,,,,27,66,,1,1126,31,7,5,2,4,1969
11,69,6,1,810,4956,X,19F,6b,1L,Ja,2,2,1,,53,,461,66,,1,1129,34,7,5,2,2,1969
11,69,2,5,811,4957,X,18F,3f,1L,Ja,2,1,,1,89,,467,66,,1,1105,10,2,2,1,2,1969
11,69,5,7,715,4958,X,18E,2h,1L,Ja,2,1,,3,77,,268,66,,1,1128,33,7,5,1,2,1969
11,69,5,5,2337,4959,V,10D,8g,2H,Vr,0,1,,3,64,,144,68,,1,396,31,7,5,1,3,1969
11,69,5,5,917,4960,D,09G,7h,3U,So,0,1,,3,75,,400,68,,1,396,31,7,5,1,4,1969
11,69,5,5,2252,4961,V,10H,1b,3U,So,0,1,,3,77,,400,68,,1,396,31,7,5,1,4,1969
11,69,4,7,918,4962,X,17F,5a,1L,Ja,1,2,1,,69,,311,67,,1,756,26,6,4,2,2,1969
11,69,4,1,716,4963,X,17F,5a,1L,Ja,4,1,,3,85,,311,64,,1,1845,20,4,3,1,2,1969
11,69,5,3,717,4964,X,17F,5a,1L,Ja,3,2,1,,49,,311,65,,1,1489,29,6,5,2,2,1969
11,69,5,4,2039,4965,X,17F,5a,1L,Ja,5,2,1,,60,,311,63,,1,2220,30,6,5,2,2,1969
11,69,5,6,12,4966,V,11C,6j,2H,Vr,4,1,,3,82,,288,64,,1,1857,32,7,5,1,3,1969
11,68,50,3,2158,4967,V,19G,1e,1L,Ja,1,2,1,,46,,271,67,1,1,711,346,70,50,2,2,1968
11,69,2,2,2338,4968,V,19G,1e,1L,Ja,0,1,,2,56,,271,68,,1,372,7,2,1,1,2,1969
11,68,49,5,139,4969,V,19G,1e,1L,Ja,0,1,,1,63,,271,68,,1,341,341,69,49,1,2,1968
11,68,49,4,2253,4970,V,19G,1e,1L,Ja,0,2,1,,61,,271,68,,1,340,340,68,49,2,2,1968
11,68,46,6,140,4971,V,19G,1e,1L,Ja,0,1,,1,55,,271,68,,1,321,321,65,46,1,2,1968
11,68,46,5,2159,4972,V,19G,1e,1L,Ja,0,1,,1,58,,271,68,,1,320,320,64,46,1,2,1968
11,68,45,1,141,4973,V,19G,1e,1L,Ja,0,1,,1,71,,271,68,,1,309,309,62,45,1,2,1968
11,69,3,1,441,4974,V,12C,5e,2H,Vr,2,1,,2,58,,295,66,,1,1108,13,3,2,1,3,1969
11,69,3,8,3023,4975,V,12C,5e,2H,Vr,3,2,,,,,295,65,,1,1476,16,-9,-9,2,3,1969
11,69,2,1,211,4976,V,12C,5e,2H,Vr,5,2,1,,56,,295,63,,1,2196,6,2,1,2,3,1969
11,69,2,4,1134,4977,V,12C,5e,2H,Vr,0,1,,1,45,,295,68,,1,374,9,2,2,1,3,1969
11,69,1,4,142,4978,V,12C,5e,2H,Vr,0,2,1,,51,,295,68,,1,367,2,1,1,2,3,1969
11,69,4,3,143,4979,V,12C,5e,2H,Vr,0,2,1,,51,,295,68,,1,387,22,5,4,2,3,1969
11,69,3,6,212,4980,V,12C,5e,2H,Vr,1,2,1,,52,,295,67,,1,748,18,4,3,2,3,1969
11,69,5,3,2040,4981,V,10E,7f,2H,Vr,5,2,1,,63,,249,63,,1,2219,29,6,5,2,3,1969
11,69,4,7,2339,4982,V,10E,7f,2H,Vr,3,2,1,,57,,249,65,,1,1486,26,6,4,2,3,1969
11,69,5,4,213,4983,V,11F,8b,2H,Vs,5,2,1,,55,,272,63,,1,2220,30,6,5,2,4,1969
11,69,2,1,919,4984,K,03C,3e,4S,Sk,0,2,2,,62,,322,68,,1,371,6,2,1,2,5,1969
11,68,51,7,1606,4985,L,03C,3e,4S,Sk,0,2,1,,65,,322,68,,1,357,357,72,51,2,5,1968
11,69,5,6,1607,4986,L,03C,3e,4S,Sk,0,2,2,1,75,,322,68,,1,397,32,7,5,2,5,1969
11,69,5,3,2041,4987,T,18F,9a,1L,Ja,0,1,,3,64,,211,68,,1,394,29,6,5,1,2,1969
11,69,5,1,812,4988,X,19E,2h,1L,Ja,2,2,1,,75,,211,66,,1,1122,27,6,4,2,2,1969
11,69,6,1,642,4989,F,19E,5g,1L,Ja,2,2,1,,31,,211,66,,1,1129,34,7,5,2,2,1969
11,69,1,5,3024,4990,T,11G,3b,3U,Vs,0,1,,3,69,,193,68,,1,368,3,1,1,1,4,1969
11,69,5,7,144,4991,V,11G,3b,3U,Vs,2,1,,3,103,,193,66,,1,1128,33,7,5,1,4,1969
11,69,6,1,442,4992,V,11G,3b,3U,Vs,0,2,1,,54,,193,68,,1,399,34,7,5,2,4,1969
11,69,5,2,2254,4993,V,11G,3b,3U,Vs,3,2,2,,71,,193,65,,1,1488,28,6,4,2,4,1969
11,69,6,1,145,4994,V,11C,8a,2H,Vr,1,1,,3,60,,397,67,,1,764,34,7,5,1,3,1969
11,69,6,1,146,4995,V,11C,8a,2H,Vr,6,2,3,1,65,,397,62,,1,2589,34,7,5,2,3,1969
11,69,5,5,2340,4996,V,10D,8h,2H,Vr,0,1,,3,67,,205,68,,1,396,31,7,5,1,3,1969
11,69,6,2,214,4997,V,11C,8a,2H,Vr,0,2,1,,51,,397,68,,1,400,35,7,5,2,3,1969
11,69,5,2,2255,4998,V,10H,5g,3U,So,1,2,2,,59,,382,67,,1,758,28,6,4,2,4,1969
11,69,5,4,2256,4999,V,10H,7e,3U,So,0,1,,3,57,,382,68,,1,395,30,6,5,1,4,1969
11,69,5,7,920,5000,D,10H,7e,3U,So,0,2,2,,65,,382,68,,1,398,33,7,5,2,4,1969
11,69,6,1,2257,5001,V,10H,7e,3U,So,2,1,,3,78,,382,66,,1,1129,34,7,5,1,4,1969
11,69,5,7,1135,5002,D,10H,7e,3U,So,2,1,,3,84,,382,66,,1,1128,33,7,5,1,4,1969
11,69,5,7,1023,5003,K,11D,3h,2H,Vr,2,2,2,1,60,,10,66,,1,1128,33,7,5,2,3,1969
11,69,6,2,13,5004,V,11D,3h,2H,Vr,0,1,,3,71,,10,68,,1,400,35,7,5,1,3,1969
11,69,6,1,14,5005,V,11D,3h,2H,Vr,2,2,,,58,,10,66,,1,1129,34,7,5,2,3,1969
11,69,5,1,2100,5006,V,11D,3h,2H,Vr,0,2,,,59,,10,68,,1,392,27,6,4,2,3,1969
11,69,5,1,2258,5007,V,11D,3h,2H,Vr,0,1,,3,78,,10,68,,1,392,27,6,4,1,3,1969
11,69,1,4,2101,5008,V,10G,1g,3U,So,4,1,,3,67,,124,64,,1,1827,2,1,1,1,4,1969
11,69,5,7,332,5009,V,10G,1g,3U,So,0,1,,3,70,,124,68,,1,398,33,7,5,1,4,1969
11,69,5,4,15,5010,V,10G,1g,3U,So,1,1,,3,71,,124,67,,1,760,30,6,5,1,4,1969
11,69,6,2,718,5011,X,18F,3c,1L,Ja,2,1,,3,64,,35,66,,1,1130,35,7,5,1,2,1969
11,69,6,2,3025,5012,X,18F,3c,1L,Ja,1,1,,3,61,,35,67,,1,765,35,7,5,1,2,1969
11,69,2,5,1024,5013,X,19E,3i,1L,Ja,0,1,,3,60,,401,68,,1,375,10,2,2,1,2,1969
11,69,6,1,1025,5014,X,19E,4j,1L,Ja,1,2,1,,51,,401,67,,1,764,34,7,5,2,2,1969
11,69,6,1,921,5015,X,19E,4j,1L,Ja,0,2,1,,48,,401,68,,1,399,34,7,5,2,2,1969
11,69,6,2,1026,5016,X,19E,4j,1L,Ja,3,2,1,,65,,401,65,,1,1495,35,7,5,2,2,1969
11,69,2,6,813,5018,X,18E,9j,1L,Ja,2,2,1,,60,,133,66,,1,1106,11,3,2,2,2,1969
11,69,2,5,814,5019,X,18E,9j,1L,Ja,1,1,,3,56,,133,67,,1,740,10,2,2,1,2,1969
11,69,3,6,719,5020,X,18E,9j,1L,Ja,0,1,,3,44,,133,68,,1,383,18,4,3,1,2,1969
11,69,5,5,720,5021,X,19E,0h,1L,Ja,0,1,,3,48,,133,68,,1,396,31,7,5,1,2,1969
11,69,3,5,815,5022,X,18E,9j,1L,Ja,0,1,,3,51,,133,68,,1,382,17,4,3,1,2,1969
11,69,3,5,721,5023,X,18E,9j,1L,Ja,2,1,,3,59,,133,66,,1,1112,17,4,3,1,2,1969
11,69,5,4,816,5024,X,19E,0h,1L,Ja,0,1,,3,64,,133,68,,1,395,30,6,5,1,2,1969
11,69,6,2,1850,5025,T,11I,5i,3U,Up,2,1,,3,92,,121,66,,1,1130,35,7,5,1,4,1969
11,69,6,2,3026,5026,V,11I,5i,3U,Up,0,2,2,1,,,121,68,,1,400,35,7,5,2,4,1969
11,69,5,4,2259,5027,V,12H,3f,3U,Up,0,2,1,,55,,4,68,,1,395,30,6,5,2,4,1969
11,69,5,3,215,5028,V,11H,9f,3U,Up,0,2,2,,60,,4,68,,1,394,29,6,5,2,4,1969
11,69,5,7,2102,5029,V,11H,5i,3U,Up,0,2,2,,55,,4,68,,1,398,33,7,5,2,4,1969
11,69,5,2,2200,5030,V,12H,3f,3U,Up,0,2,2,1,55,,4,68,,1,393,28,6,4,2,4,1969
11,69,5,4,1028,5031,D,12I,2f,3U,Up,0,1,,3,75,,4,68,,1,395,30,6,5,1,4,1969
11,69,5,7,1440,5032,D,11I,9c,3U,Up,4,1,,3,60,,4,64,,1,1858,33,7,5,1,4,1969
11,69,5,2,2341,5033,V,12I,2f,3U,Up,0,2,1,,60,,4,68,,1,393,28,6,4,2,4,1969
11,69,6,1,3027,5034,D,11H,5i,3U,Up,2,2,2,1,70,,4,66,,1,1129,34,7,5,2,4,1969
11,69,6,3,643,5035,X,17D,4i,1L,Hr,1,1,,3,63,,222,67,,1,766,36,8,6,1,2,1969
11,69,6,3,1307,5036,F,11F,8b,2H,Vs,5,1,,3,60,,272,63,,1,2226,36,8,6,1,4,1969
11,69,5,5,817,5037,F,10H,1g,3U,So,0,1,,3,63,,138,68,,1,396,31,7,5,1,4,1969
11,69,6,2,922,5038,X,18E,3f,1L,Ja,1,1,,3,52,,297,67,,1,765,35,7,5,1,2,1969
11,69,6,2,818,5039,X,18E,3f,1L,Ja,0,1,,3,51,,297,68,,1,400,35,7,5,1,2,1969
11,69,5,7,923,5040,X,18E,3f,1L,Ja,2,2,1,,52,,297,66,,1,1128,33,7,5,2,2,1969
11,69,6,1,2201,5041,V,10G,4d,3U,So,0,2,1,,,,27,68,,1,399,34,7,5,2,4,1969
11,69,6,2,16,5042,V,10G,4d,3U,So,0,1,,3,,,27,68,,1,400,35,7,5,1,4,1969
11,69,6,1,1523,5043,D,10G,4d,3U,So,2,1,,3,,,27,66,,1,1129,34,7,5,1,4,1969
11,69,6,3,819,5044,X,20F,6h,1L,Ja,1,2,1,,45,,313,67,,1,766,36,8,6,2,2,1969
11,69,5,3,820,5045,X,20F,6h,1L,Ja,0,1,,1,55,,313,68,,1,394,29,6,5,1,2,1969
11,69,5,5,216,5046,V,10D,6d,2H,Vr,0,1,,3,52,,170,68,,1,396,31,7,5,1,3,1969
11,69,5,7,1136,5047,S,10D,9e,2H,Vr,0,1,,3,78,,170,68,,1,398,33,7,5,1,3,1969
11,69,6,1,1939,5048,V,11D,0b,2H,Vr,2,2,,,53,,170,66,,1,1129,34,7,5,2,3,1969
11,69,6,5,821,5049,X,19G,0c,1L,Ja,1,1,,1,73,,6,67,,1,768,38,8,6,1,2,1969
11,69,5,7,443,5050,V,19D,5i,1L,Ja,2,2,1,,61,,220,66,,1,1128,33,7,5,2,2,1969
11,69,6,2,722,5051,X,18E,2h,1L,Ja,2,2,1,,53,,268,66,,1,1130,35,7,5,2,2,1969
11,69,6,4,723,5052,X,18E,2h,1L,Ja,2,2,1,,55,,268,66,,1,1132,37,8,6,2,2,1969
11,69,5,3,2342,5053,V,11C,3i,2H,Vr,3,1,,,72,,427,65,,1,1489,29,6,5,1,3,1969
11,69,5,6,333,5054,V,11C,1d,2H,Vr,0,1,,3,62,,427,68,,1,397,32,7,5,1,3,1969
11,69,5,6,147,5055,V,11C,1i,2H,Vr,4,2,3,1,59,,427,64,,1,1857,32,7,5,2,3,1969
11,69,5,6,217,5056,V,11C,1j,2H,Vr,4,1,,3,69,,427,64,,1,1857,32,7,5,1,3,1969
11,69,5,7,2202,5057,V,11C,0i,2H,Vr,0,1,,,72,,427,68,,1,398,33,7,5,1,3,1969
11,69,6,2,148,5058,V,11C,1j,2H,Vr,2,1,,,79,,427,66,,1,1130,35,7,5,1,3,1969
11,69,5,5,2203,5059,V,12F,6b,2H,Dr,0,1,,3,51,,184,68,,1,396,31,7,5,1,3,1969
11,69,5,5,2343,5060,V,12F,6b,2H,Dr,3,2,1,,54,,184,65,,1,1491,31,7,5,2,3,1969
11,69,6,3,556,5061,X,18E,2d,1L,Ja,6,2,1,,46,,470,62,,1,2591,36,8,6,2,2,1969
11,69,6,2,557,5062,X,18E,2d,1L,Ja,2,1,,3,52,,470,66,,1,1130,35,7,5,1,2,1969
11,69,5,6,558,5063,X,18E,2d,1L,Ja,0,2,,,55,,470,68,,1,397,32,7,5,6,2,1969
11,69,4,4,1248,5064,G,03C,6c,4S,Sk,0,1,,3,83,,2,68,,1,388,23,5,4,1,5,1969
11,69,3,7,1441,5065,G,03C,6c,4S,Sk,0,1,,3,90,,2,68,,1,384,19,4,3,1,5,1969
11,69,5,5,1442,5066,D,03C,6c,4S,Sk,0,1,,3,86,,2,68,,1,396,31,7,5,1,5,1969
11,69,5,7,1308,5067,D,03C,6c,4S,Sk,0,1,,3,83,,2,68,,1,398,33,7,5,1,5,1969
11,69,6,7,1309,5068,K,12H,3f,3U,Up,0,1,,3,57,,174,68,,1,405,40,8,6,1,4,1969
11,69,6,7,644,5069,F,11F,5e,2H,Vs,1,2,4,3,66,,272,67,,1,770,40,8,6,2,4,1969
11,69,5,6,149,5070,V,11I,4f,3U,Up,1,2,2,1,49,,23,67,,1,762,32,7,5,2,4,1969
11,69,6,2,334,5071,V,11I,4f,3U,Up,0,1,,3,68,,23,68,,1,400,35,7,5,1,4,1969
11,69,6,2,3028,5072,V,10I,1b,3U,So,1,2,1,,62,,206,67,,1,765,35,7,5,2,4,1969
11,69,6,3,218,5073,V,10I,1b,3U,So,3,1,,3,80,,206,65,,1,1496,36,8,6,1,4,1969
11,69,3,3,822,5074,X,20E,1j,1L,Ja,1,1,,,51,,108,67,,1,745,15,3,3,1,2,1969
11,69,4,2,1029,5075,X,20E,1j,1L,Ja,1,1,,3,58,,108,67,,1,751,21,5,3,1,2,1969
11,69,6,5,823,5076,F,09H,4c,3U,So,0,1,,3,60,,125,68,,1,403,38,8,6,1,4,1969
11,69,6,2,1310,5077,D,09H,5c,3U,So,2,2,1,,61,,125,66,,1,1130,35,7,5,2,4,1969
11,69,6,7,1311,5078,D,09H,4c,3U,So,2,1,,3,70,,125,66,,1,1135,40,8,6,1,4,1969
11,69,5,6,2204,5079,V,11I,8e,3U,Up,6,1,,3,99,,370,62,,1,2587,32,7,5,1,4,1969
11,69,6,6,1312,5080,G,10I,7h,3U,Up,0,1,,3,59,,76,68,,1,404,39,8,6,1,4,1969
11,69,5,6,2205,5081,V,12H,3f,3U,Up,0,2,1,,55,,4,68,,1,397,32,7,5,2,4,1969
11,69,5,3,2103,5082,V,12H,3f,3U,Up,4,2,3,1,60,,4,64,,1,1854,29,6,5,2,4,1969
11,69,5,6,2104,5083,V,12H,3f,3U,Up,2,1,,3,90,,4,66,,1,1127,32,7,5,1,4,1969
11,69,5,2,924,5084,D,12H,1j,3U,Up,0,1,,3,70,,4,68,,1,393,28,6,4,1,4,1969
11,69,5,2,2105,5085,V,13H,3h,3U,Up,1,2,1,,50,,4,67,,1,758,28,6,4,2,4,1969
11,69,6,1,2206,5086,V,11H,5i,3U,Up,6,2,2,,60,,4,62,,1,2589,34,7,5,2,4,1969
11,69,5,6,2344,5087,V,12H,3f,3U,Up,2,1,,3,90,,4,66,,1,1127,32,7,5,1,4,1969
11,69,4,7,17,5088,V,13H,3h,3U,Up,2,2,1,,60,,4,66,,1,1121,26,6,4,2,4,1969
11,69,6,3,2106,5089,V,11H,5i,3U,Up,1,1,,3,70,,4,67,,1,766,36,8,6,1,4,1969
11,69,5,5,2207,5090,V,11I,8b,3U,Up,0,2,1,,60,,4,68,,1,396,31,7,5,2,4,1969
11,69,5,6,2208,5091,V,12H,3f,3U,Up,0,1,,3,60,,4,68,,1,397,32,7,5,1,4,1969
11,69,6,4,2345,5092,V,11H,5i,3U,Up,0,1,,3,70,,4,68,,1,402,37,8,6,1,4,1969
11,69,6,7,150,5093,V,11E,7g,2H,Vs,0,1,,3,69,,244,68,,1,405,40,8,6,1,4,1969
11,69,7,1,925,5094,F,10G,4d,3U,So,0,1,,3,,,27,68,,1,406,41,9,6,1,4,1969
11,69,7,1,724,5095,X,18E,3f,1L,Ja,0,1,,3,56,,297,68,,1,406,41,9,6,1,2,1969
11,69,6,1,725,5096,X,17F,5a,1L,Ja,2,1,,3,59,,16,66,,1,1129,34,7,5,1,2,1969
11,69,6,2,726,5097,X,17F,5a,1L,Ja,2,2,1,,49,,16,66,,1,1130,35,7,5,2,2,1969
11,69,6,3,727,5098,X,17F,5a,1L,Ja,1,1,,3,58,,16,67,,1,766,36,8,6,1,2,1969
11,69,6,3,728,5099,X,17F,5a,1L,Ja,5,1,,3,60,,16,63,,1,2226,36,8,6,1,2,1969
11,69,5,7,2209,5100,V,10I,1b,3U,So,7,2,1,,64,,206,61,,1,2953,33,7,5,2,4,1969
11,69,6,2,219,5101,V,10I,1b,3U,So,0,2,1,,53,,206,68,,1,400,35,7,5,2,4,1969
11,69,6,2,2346,5102,V,10I,1b,3U,So,0,2,2,1,57,,206,68,,1,400,35,7,5,2,4,1969
11,69,6,2,151,5103,V,10I,1b,3U,So,3,1,,3,75,,206,65,,1,1495,35,7,5,1,4,1969
11,69,5,5,152,5104,V,10I,1b,3U,So,1,1,,3,64,,206,67,,1,761,31,7,5,1,4,1969
11,69,5,6,153,5105,V,10I,1b,3U,So,0,1,,3,60,,206,68,,1,397,32,7,5,1,4,1969
11,69,3,5,1313,5106,D,10I,1b,3U,So,1,2,1,,50,,206,67,,1,747,17,4,3,2,4,1969
11,69,6,3,154,5107,V,10I,1b,3U,So,0,1,,3,64,,206,68,,1,401,36,8,6,1,4,1969
11,69,2,5,155,5108,V,10I,1b,3U,So,0,1,,3,66,,206,68,,1,375,10,2,2,1,4,1969
11,69,5,4,2347,5109,V,10I,1b,3U,So,1,2,1,,66,,206,67,,1,760,30,6,5,2,4,1969
11,69,3,2,926,5110,G,10I,1b,3U,So,0,2,1,,54,,206,68,,1,379,14,3,2,2,4,1969
11,69,5,2,2348,5111,V,10I,1b,3U,So,0,1,,3,60,,206,68,,1,393,28,6,4,1,4,1969
11,69,6,3,2210,5112,V,09I,9b,3U,So,4,1,,3,67,,343,64,,1,1861,36,8,6,1,4,1969
11,69,6,4,1443,5113,G,09I,9b,3U,So,5,2,1,,64,,343,63,,1,2227,37,8,6,2,4,1969
11,69,5,7,3029,5114,F,09I,9b,3U,So,0,1,,3,74,,343,68,,1,398,33,7,5,1,4,1969
11,69,5,5,3030,5115,F,09I,9b,3U,So,0,1,,3,72,,343,68,,1,396,31,7,5,1,4,1969
11,69,5,6,2211,5116,V,09I,9b,3U,So,0,1,,3,69,,343,68,,1,397,32,7,5,1,4,1969
11,69,5,5,3031,5117,F,09I,9b,3U,So,0,1,,3,65,,343,68,,1,396,31,7,5,1,4,1969
11,69,6,6,1703,5118,V,10I,7h,3U,Up,0,1,,3,59,,76,68,,1,404,39,8,6,1,4,1969
11,69,6,2,2349,5119,V,11D,5b,2H,Vr,1,1,,3,76,,312,67,,1,765,35,7,5,1,3,1969
11,69,5,3,1030,5120,D,11D,5b,2H,Vr,0,1,,3,51,,312,68,,1,394,29,6,5,1,3,1969
11,69,7,1,1524,5121,D,11D,5b,2H,Vr,2,1,,3,74,,312,66,,1,1136,41,9,6,1,3,1969
11,69,5,6,2212,5122,V,11D,2d,2H,Vr,0,2,,,59,,366,68,,1,397,32,7,5,2,3,1969
11,69,7,1,1851,5123,X,17D,4i,1L,Hr,2,2,1,,45,,222,66,,1,1136,41,9,6,2,2,1969
11,69,6,7,927,5124,X,19E,2h,1L,Ja,0,2,1,,55,,211,68,,1,405,40,8,6,2,2,1969
11,69,6,4,824,5125,X,16E,2b,1L,Hr,2,1,,3,71,,211,66,,1,1132,37,8,6,1,2,1969
11,69,6,3,220,5126,V,10D,6a,2H,Vr,0,1,,3,69,,205,68,,1,401,36,8,6,1,3,1969
11,69,6,6,156,5127,V,10D,6a,2H,Vr,3,1,,3,61,,205,65,,1,1499,39,8,6,1,3,1969
11,69,6,7,928,5128,D,10D,8h,2H,Vr,2,1,,3,67,,205,66,,1,1135,40,8,6,1,3,1969
11,69,6,4,157,5129,V,12I,9j,3U,Up,0,1,,3,67,,192,68,,1,402,37,8,6,1,4,1969
11,69,6,7,444,5130,V,12F,6b,2H,Dr,0,1,,3,69,,184,68,,1,405,40,8,6,1,3,1969
11,69,7,1,1031,5131,D,10D,6a,2H,Vr,0,2,4,3,55,,205,68,,1,406,41,9,6,2,3,1969
11,69,6,3,645,5132,X,18F,6a,1L,Ja,2,2,2,,60,,52,66,,1,1131,36,8,6,2,2,1969
11,69,5,4,729,5133,X,18F,6a,1L,Ja,1,1,,,60,,52,67,,1,760,30,6,5,1,2,1969
11,69,6,5,646,5134,X,18F,6a,1L,Ja,5,2,1,,70,,52,63,,1,2228,38,8,6,6,2,1969
11,69,6,3,730,5135,X,18F,6a,1L,Ja,1,,,,50,,52,67,,1,766,36,8,6,,2,1969
11,69,5,2,825,5136,X,18F,6a,1L,Ja,2,1,,,65,,52,66,,1,1123,28,6,4,1,2,1969
11,69,6,6,1249,5137,S,02D,8g,4S,Sk,0,1,,3,82,,9,68,,1,404,39,8,6,1,5,1969
11,69,6,6,1314,5138,S,02D,5e,4S,Sk,0,1,,3,55,,9,68,,1,404,39,8,6,1,5,1969
11,69,6,6,1525,5139,S,02D,8g,4S,Sk,0,1,,3,85,,9,68,,1,404,39,8,6,1,5,1969
11,69,6,7,1608,5140,S,02D,8g,4S,Sk,0,2,2,,64,,9,68,,1,405,40,8,6,2,5,1969
11,69,6,7,1444,5141,S,02D,8g,4S,Sk,4,2,1,,67,,9,64,,1,1865,40,8,6,2,5,1969
11,69,6,7,1315,5142,S,02D,8g,4S,Sk,0,1,,3,80,,9,68,,1,405,40,8,6,1,5,1969
11,69,6,6,158,5143,V,11C,0i,2H,Vr,1,1,,3,68,,427,67,,1,769,39,8,6,1,3,1969
11,69,6,5,2213,5144,V,11C,0i,2H,Vr,0,2,2,1,60,,427,68,,1,403,38,8,6,2,3,1969
11,69,7,2,1445,5145,S,11C,3i,2H,Vr,0,2,2,1,57,,427,68,,1,407,42,9,6,2,3,1969
11,69,7,2,929,5146,F,11C,1i,2H,Vr,0,1,,3,55,,427,68,,1,407,42,9,6,1,3,1969
11,69,1,6,1446,5147,D,03C,4f,4S,Sk,1,2,4,1,76,,11,67,,1,734,4,1,1,2,5,1969
11,69,4,7,930,5148,K,03C,4f,4S,Sk,1,1,,3,86,,11,67,,1,756,26,6,4,1,5,1969
11,69,4,7,1316,5149,D,03C,4f,4S,Sk,1,2,4,1,64,,11,67,,1,756,26,6,4,2,5,1969
11,69,4,7,1317,5150,D,03C,4f,4S,Sk,3,1,,3,95,,11,65,,1,1486,26,6,4,1,5,1969
11,69,7,3,1032,5151,G,10G,4d,3U,So,0,2,1,,,,27,68,,1,408,43,9,7,2,4,1969
11,69,7,3,1033,5152,G,10G,4d,3U,So,0,1,,3,,,27,68,,1,408,43,9,7,1,4,1969
11,69,7,1,931,5153,X,19E,7d,1L,Ja,7,1,,3,50,,333,61,,1,2961,41,9,6,1,2,1969
11,69,6,7,932,5154,X,19E,7d,1L,Ja,1,2,1,,48,,333,67,,1,770,40,8,6,2,2,1969
11,69,7,2,826,5155,X,20E,8e,1L,Ja,1,1,,3,67,,112,67,,1,772,42,9,6,1,2,1969
11,69,7,1,1034,5156,D,09G,7a,3U,Og,0,1,,3,60,,43,68,,1,406,41,9,6,1,5,1969
11,69,7,2,2350,5157,V,11E,2f,2H,Vs,1,2,1,,42,,156,67,,1,772,42,9,6,2,4,1969
11,69,7,4,2042,5158,V,11E,4f,2H,Vs,2,1,,3,75,,172,66,,1,1139,44,9,7,1,4,1969
11,69,7,1,1137,5159,X,17D,4i,1L,Hr,2,2,1,,55,,222,66,,1,1136,41,9,6,2,2,1969
11,69,7,2,647,5160,X,17D,4i,1L,Hr,1,2,1,,53,,222,67,,1,772,42,9,6,2,2,1969
11,69,7,2,648,5161,X,18E,2h,1L,Ja,0,2,1,,43,,268,68,,1,407,42,9,6,2,2,1969
11,69,7,3,649,5162,X,18E,2h,1L,Ja,0,1,,3,53,,268,68,,1,408,43,9,7,1,2,1969
11,69,6,3,335,5163,V,11F,5e,2H,Vs,1,2,1,,47,,272,67,,1,766,36,8,6,2,4,1969
11,69,7,1,159,5164,V,11F,5e,2H,Vs,1,2,1,,55,,272,67,,1,771,41,9,6,2,4,1969
11,69,7,4,827,5165,X,20F,8e,1L,Ja,0,1,,3,50,,250,68,,1,409,44,9,7,1,2,1969
11,69,7,2,731,5166,X,19E,5g,1L,Ja,0,1,,3,44,,179,68,,1,407,42,9,6,1,2,1969
11,69,7,4,732,5167,X,19E,5g,1L,Ja,1,1,,3,63,,179,67,,1,774,44,9,7,1,2,1969
11,69,7,3,733,5168,X,19E,5g,1L,Ja,2,2,1,,60,,179,66,,1,1138,43,9,7,2,2,1969
11,69,7,4,734,5169,X,19E,5g,1L,Ja,0,1,,3,62,,179,68,,1,409,44,9,7,1,2,1969
11,69,6,6,828,5170,X,18D,4c,1L,Hr,1,1,,3,60,,19,67,,1,769,39,8,6,1,2,1969
11,69,7,2,829,5171,X,18F,0c,1L,Ja,2,1,,3,65,,102,66,,1,1137,42,9,6,1,2,1969
11,69,7,4,18,5172,V,12C,5e,2H,Vr,0,1,,3,62,,295,68,,1,409,44,9,7,1,3,1969
11,69,5,5,2214,5173,V,12C,5e,2H,Vr,3,1,,3,65,,295,65,,1,1491,31,7,5,1,3,1969
11,69,5,7,2351,5174,V,12C,5e,2H,Vr,5,2,1,,54,,295,63,,1,2223,33,7,5,2,3,1969
11,69,6,2,2352,5175,V,12C,5e,2H,Vr,0,1,,3,78,,295,68,,1,400,35,7,5,1,3,1969
11,69,4,6,100,5176,V,12C,5e,2H,Vr,0,1,,3,64,,295,68,,1,390,25,5,4,1,3,1969
11,69,6,1,19,5177,V,12I,1f,3U,Up,1,1,,3,78,,434,67,,1,764,34,7,5,1,4,1969
11,69,6,1,101,5178,V,12I,1f,3U,Up,0,1,,3,70,,434,68,,1,399,34,7,5,1,4,1969
11,69,6,2,102,5179,V,12I,1f,3U,Up,0,1,,3,,69,434,68,,1,400,35,7,5,1,4,1969
11,69,7,6,1035,5180,S,10I,3f,3U,So,2,1,,3,63,,377,66,,1,1141,46,10,7,1,4,1969
11,69,6,1,735,5181,X,18F,5c,1L,Ja,0,1,,3,55,,420,68,,1,399,34,7,5,1,2,1969
11,69,6,7,650,5182,X,18F,5c,1L,Ja,1,1,,3,60,,420,67,,1,770,40,8,6,1,2,1969
11,69,6,5,2043,5183,V,02D,3h,4S,Sk,5,2,,,85,,274,63,,1,2228,38,8,6,2,5,1969
11,69,6,7,933,5184,D,02D,3h,4S,Sk,4,1,,3,101,,274,64,,1,1865,40,8,6,1,5,1969
11,69,6,6,934,5185,D,02D,3h,4S,Sk,1,1,,3,92,,274,67,,1,769,39,8,6,1,5,1969
11,69,6,6,1036,5186,D,02D,3g,4S,Sk,0,1,,3,80,,274,68,,1,404,39,8,6,1,5,1969
11,69,6,6,1138,5187,D,02D,3g,4S,Sk,0,1,,3,90,,274,68,,1,404,39,8,6,1,5,1969
11,69,6,7,1139,5188,G,02D,3h,4S,Sk,1,2,,,82,,274,67,,1,770,40,8,6,2,5,1969
11,69,6,6,1037,5189,D,02D,3g,4S,Sk,0,1,,3,87,,274,68,,1,404,39,8,6,1,5,1969
11,69,6,7,1140,5190,G,02D,3h,4S,Sk,0,1,,3,87,,274,68,,1,405,40,8,6,1,5,1969
11,69,6,3,2044,5191,V,02D,3h,4S,Sk,0,1,,3,90,,274,68,,1,401,36,8,6,1,5,1969
11,69,3,1,935,5192,F,12D,1a,2H,Vr,1,1,,3,67,,216,67,,1,743,13,3,2,1,3,1969
11,69,7,5,1609,5193,F,09H,4c,3U,So,0,1,,3,46,,125,68,,1,410,45,9,7,1,4,1969
11,69,6,2,103,5194,V,11E,4b,2H,Vr,0,1,,3,54,,95,68,,1,400,35,7,5,1,3,1969
11,69,3,6,20,5195,V,11E,4b,2H,Vr,6,1,,3,65,,95,62,,1,2573,18,4,3,1,3,1969
11,69,5,5,104,5196,V,11E,4b,2H,Vr,2,2,1,,53,,95,66,,1,1126,31,7,5,2,3,1969
11,69,3,6,2353,5197,V,11E,4b,2H,Vr,2,2,1,,45,,95,66,,1,1113,18,4,3,2,3,1969
11,69,7,2,3032,5198,F,12I,6f,3U,Up,0,2,1,,51,,24,68,,1,407,42,9,6,2,4,1969
11,69,5,6,21,5199,V,12I,6g,3U,Up,1,1,,3,62,,24,67,,1,762,32,7,5,1,4,1969
11,69,5,4,3033,5200,V,12I,6f,3U,Up,0,1,,3,62,,24,68,,1,395,30,6,5,1,4,1969
11,69,5,6,3034,5201,V,12I,6f,3U,Up,0,1,,3,54,,24,68,,1,397,32,7,5,1,4,1969
11,69,5,5,2354,5202,V,12I,6g,3U,Up,0,1,,3,70,,24,68,,1,396,31,7,5,1,4,1969
11,69,5,5,2355,5203,V,12I,5g,3U,Up,2,1,,1,91,,4,66,,1,1126,31,7,5,1,4,1969
11,69,6,5,105,5204,V,12I,5g,3U,Up,1,2,1,,51,,4,67,,1,768,38,8,6,2,4,1969
11,69,5,6,1318,5205,D,12I,5g,3U,Up,0,1,,1,79,,4,68,,1,397,32,7,5,1,4,1969
11,69,5,7,651,5206,X,19G,1e,1L,Ja,6,2,1,,49,,399,62,,1,2588,33,7,5,2,2,1969
11,69,7,4,936,5207,X,19G,1e,1L,Ja,1,1,,3,56,,399,67,,1,774,44,9,7,1,2,1969
11,69,7,4,830,5208,X,19G,1e,1L,Ja,0,2,1,,42,,399,68,,1,409,44,9,7,2,2,1969
11,69,7,5,937,5209,F,13I,0d,3U,Up,2,1,,3,62,,87,66,,1,1140,45,9,7,1,4,1969
11,69,7,5,938,5210,F,13I,0d,3U,Up,0,1,,3,66,,87,68,,1,410,45,9,7,1,4,1969
11,69,7,6,1038,5211,X,20F,8e,1L,Ja,2,2,1,,46,,250,66,,1,1141,46,10,7,2,2,1969
11,69,7,4,1250,5212,S,11D,7a,2H,Vr,0,2,1,,49,,157,68,,1,409,44,9,7,2,3,1969
11,69,6,6,831,5213,X,19E,2h,1L,Ja,2,1,,3,70,,401,66,,1,1134,39,8,6,1,2,1969
11,69,7,5,939,5214,X,19F,4a,1L,Ja,0,1,,3,36,,401,68,,1,410,45,9,7,1,2,1969
11,69,7,4,832,5215,X,19E,3i,1L,Ja,2,2,1,,46,,401,66,,1,1139,44,9,7,2,2,1969
11,69,6,3,1039,5216,X,19E,3g,1L,Ja,2,1,,3,75,,401,66,,1,1131,36,8,6,1,2,1969
11,69,7,7,1141,5217,X,19E,3i,1L,Ja,2,1,,3,80,,401,66,,1,1142,47,10,7,1,2,1969
11,69,7,7,1319,5218,X,19F,4a,1L,Ja,2,1,,3,75,,401,66,,1,1142,47,10,7,1,2,1969
11,69,5,7,2356,5219,V,13H,3h,3U,Up,0,1,,3,69,,4,68,,1,398,33,7,5,1,4,1969
11,69,5,6,2215,5220,V,13H,3h,3U,Up,1,1,,3,82,,4,67,,1,762,32,7,5,1,4,1969
11,69,6,6,2107,5221,V,11I,9c,3U,Up,0,1,,3,76,,4,68,,1,404,39,8,6,1,4,1969
11,69,6,4,336,5222,V,11H,3i,3U,Up,3,2,1,,56,,4,65,,1,1497,37,8,6,2,4,1969
11,69,6,1,221,5223,V,12H,3f,3U,Up,2,2,2,,71,,4,66,,1,1129,34,7,5,2,4,1969
11,69,1,5,22,5224,V,12H,1j,3U,Up,0,2,1,,61,,4,68,,1,368,3,1,1,2,4,1969
11,69,7,6,2357,5225,V,11E,2f,2H,Vs,0,1,,3,80,,156,68,,1,411,46,10,7,1,4,1969
11,69,7,6,652,5226,X,18E,2h,1L,Ja,1,1,,3,60,,268,67,,1,776,46,10,7,1,2,1969
11,69,7,2,2216,5227,V,11C,1i,2H,Vr,0,2,1,,50,,427,68,,1,407,42,9,6,2,3,1969
11,69,7,2,23,5228,V,11C,1i,2H,Vr,1,1,,3,78,,427,67,,1,772,42,9,6,1,3,1969
11,69,7,6,833,5229,F,10D,9b,2H,Vr,0,1,,3,68,,427,68,,1,411,46,10,7,1,3,1969
11,69,7,1,222,5230,V,11C,3i,2H,Vr,3,1,,3,81,,427,65,,1,1501,41,9,6,1,3,1969
11,69,8,1,736,5231,X,16E,6g,1L,Hr,6,2,2,,50,,354,62,,1,2603,48,10,7,2,2,1969
11,69,7,5,1320,5232,X,19G,0c,1L,Ja,5,1,,3,65,,6,63,,1,2235,45,9,7,1,2,1969
11,69,7,5,834,5233,X,19G,0c,1L,Ja,1,1,,3,52,,6,67,,1,775,45,9,7,1,2,1969
11,69,7,7,835,5234,X,18E,3f,1L,Ja,1,2,1,,37,,297,67,,1,777,47,10,7,2,2,1969
11,69,8,1,1526,5235,G,10G,4d,3U,So,0,2,1,,,,27,68,,1,413,48,10,7,2,4,1969
11,69,7,7,836,5236,X,18F,3f,1L,Ja,1,2,1,,68,,467,67,,1,777,47,10,7,2,2,1969
11,69,7,7,737,5237,X,18F,3f,1L,Ja,4,2,,,61,,467,64,,1,1872,47,10,7,2,2,1969
11,69,7,7,1447,5238,V,11C,8a,2H,Vr,4,1,,3,68,,397,64,,1,1872,47,10,7,1,3,1969
11,69,8,1,837,5239,X,17E,7d,1L,Ja,1,2,1,,40,,321,67,,1,778,48,10,7,2,2,1969
11,69,8,3,106,5240,V,10H,7e,3U,So,1,2,2,,53,,382,67,,1,780,50,10,8,2,4,1969
11,69,8,2,2358,5241,V,10H,7e,3U,So,1,1,,3,86,,382,67,,1,779,49,10,7,1,4,1969
11,69,7,3,107,5242,V,10H,7e,3U,So,0,2,2,,44,,382,68,,1,408,43,9,7,2,4,1969
11,69,5,2,3035,5243,V,09F,5h,3U,Og,0,1,,3,,51,43,68,,1,393,28,6,4,1,5,1969
11,69,5,3,3036,5244,V,09F,5h,3U,Og,0,2,1,,,56,43,68,,1,394,29,6,5,2,5,1969
11,69,5,3,3037,5245,V,10G,1d,3U,So,0,1,,3,,53,43,68,,1,394,29,6,5,1,4,1969
11,69,5,3,3038,5246,V,10G,1d,3U,So,0,1,,3,,56,43,68,,1,394,29,6,5,1,4,1969
11,69,5,1,3039,5247,V,10G,1d,3U,So,2,1,,3,,70,43,66,,1,1122,27,6,4,1,4,1969
11,69,5,3,3040,5248,V,10G,1d,3U,So,0,1,,3,,54,43,68,,1,394,29,6,5,1,4,1969
11,69,5,3,3041,5249,V,10G,1d,3U,So,0,2,1,,,51,43,68,,1,394,29,6,5,2,4,1969
11,69,8,1,1448,5250,D,09G,6c,3U,Og,4,2,2,,62,,43,64,,1,1873,48,10,7,2,5,1969
11,69,7,2,1251,5251,D,11D,5b,2H,Vr,2,2,3,1,61,,312,66,,1,1137,42,9,6,2,3,1969
11,69,7,7,3042,5252,X,18F,6a,1L,Ja,2,2,1,,50,,52,66,,1,1142,47,10,7,2,2,1969
11,69,7,5,838,5253,X,18F,6a,1L,Ja,6,1,,,80,,52,62,,1,2600,45,9,7,1,2,1969
11,69,7,7,738,5254,X,18F,6a,1L,Ja,0,1,,,40,,52,68,,1,412,47,10,7,1,2,1969
11,69,7,6,940,5255,X,18F,6a,1L,Ja,2,1,,,70,,52,66,,1,1141,46,10,7,1,2,1969
11,69,7,7,941,5256,X,18F,6a,1L,Ja,6,1,,,80,,52,62,,1,2602,47,10,7,1,2,1969
11,69,7,7,942,5257,X,18F,6a,1L,Ja,0,2,,,40,,52,68,,1,412,47,10,7,2,2,1969
11,69,7,2,653,5258,X,18F,6a,1L,Ja,2,2,1,,50,,52,66,,1,1137,42,9,6,2,2,1969
11,69,7,4,739,5259,X,18F,6a,1L,Ja,4,1,,,80,,52,64,,1,1869,44,9,7,1,2,1969
11,69,7,6,1142,5260,X,18F,6a,1L,Ja,3,2,2,,40,,52,65,,1,1506,46,10,7,2,2,1969
11,69,7,1,839,5261,X,18F,6a,1L,Ja,2,1,,,90,,52,66,,1,1136,41,9,6,1,2,1969
11,69,7,5,654,5262,F,18F,6a,1L,Ja,0,2,1,,40,,52,68,,1,410,45,9,7,2,2,1969
11,69,7,3,840,5263,F,18F,6a,1L,Ja,1,1,,,80,,52,67,,1,773,43,9,7,1,2,1969
11,69,6,7,655,5264,X,18E,2d,1L,Ja,1,2,1,,44,,470,67,,1,770,40,8,6,2,2,1969
11,69,7,3,656,5265,X,18E,2d,1L,Ja,0,1,,3,61,,470,68,,1,408,43,9,7,1,2,1969
11,69,7,6,559,5266,X,18E,2d,1L,Ja,4,2,2,,46,,470,64,,1,1871,46,10,7,2,2,1969
11,69,8,2,1704,5267,G,10G,4d,3U,So,0,2,3,1,,,27,68,,1,414,49,10,7,2,4,1969
11,69,8,1,1527,5268,D,10G,4d,3U,So,5,2,4,3,,,27,63,,1,2238,48,10,7,2,4,1969
11,69,8,1,2045,5269,S,10G,4d,3U,So,3,1,,3,,,27,65,,1,1508,48,10,7,1,4,1969
11,69,8,4,1252,5270,G,10G,4d,3U,So,0,2,2,,,,27,68,,1,416,51,11,8,2,4,1969
11,69,6,3,740,5271,X,17F,5a,1L,Ja,0,1,,3,59,,311,68,,1,401,36,8,6,1,2,1969
11,69,6,4,657,5272,X,17F,5a,1L,Ja,2,1,,3,58,,311,66,,1,1132,37,8,6,1,2,1969
11,69,8,1,658,5273,X,17F,5a,1L,Ja,1,1,,3,54,,311,67,,1,778,48,10,7,1,2,1969
11,69,8,3,741,5274,X,17F,5a,1L,Ja,5,1,,3,58,,311,63,,1,2240,50,10,8,1,2,1969
11,69,8,3,659,5275,X,18E,2h,1L,Ja,1,1,,3,54,,268,67,,1,780,50,10,8,1,2,1969
11,69,8,3,742,5276,X,18E,2h,1L,Ja,1,1,,3,73,,268,67,,1,780,50,10,8,1,2,1969
11,69,7,3,1040,5277,X,18F,9a,1L,Ja,2,2,1,,43,,211,66,,1,1138,43,9,7,2,2,1969
11,69,5,6,841,5278,X,18F,9a,1L,Ja,4,2,1,,41,,211,64,,1,1857,32,7,5,2,2,1969
11,69,7,4,842,5279,X,18F,9a,1L,Ja,0,2,1,,60,,211,68,,1,409,44,9,7,2,2,1969
11,69,7,6,743,5280,X,19E,2i,1L,Ja,0,1,,3,70,,211,68,,1,411,46,10,7,1,2,1969
11,69,5,3,843,5281,X,18F,7d,1L,Ja,0,2,,,67,,211,68,,1,394,29,6,5,2,2,1969
11,69,6,7,1321,5282,G,01D,9j,4S,Sk,3,1,,3,81,,402,65,,1,1500,40,8,6,1,5,1969
11,69,6,7,1322,5283,G,01D,9j,4S,Sk,0,2,2,1,62,,402,68,,1,405,40,8,6,2,5,1969
11,69,6,7,1323,5284,G,01D,9j,4S,Sk,2,2,4,3,67,,402,66,,1,1135,40,8,6,2,5,1969
11,69,8,1,1449,5285,S,02D,8g,4S,Sk,0,2,4,3,55,,9,68,,1,413,48,10,7,2,5,1969
11,69,7,5,1450,5286,S,02D,8g,4S,Sk,0,1,,3,75,,9,68,,1,410,45,9,7,1,5,1969
11,69,8,3,3043,5287,F,11F,8b,2H,Vs,5,1,,3,75,,272,63,,1,2240,50,10,8,1,4,1969
11,69,6,4,1143,5288,K,02C,7i,4S,Sk,3,1,,3,97,,263,65,,1,1497,37,8,6,1,5,1969
11,69,7,3,1451,5289,D,02C,7i,4S,Sk,0,1,,3,100,,263,68,,1,408,43,9,7,1,5,1969
11,69,6,1,1144,5290,G,02C,7i,4S,Sk,0,1,,3,99,,263,68,,1,399,34,7,5,1,5,1969
11,69,6,4,1145,5291,K,02C,7i,4S,Sk,2,1,,3,94,,263,66,,1,1132,37,8,6,1,5,1969
11,69,6,1,1253,5292,G,02C,7i,4S,Sk,0,2,4,1,58,,263,68,,1,399,34,7,5,2,5,1969
11,69,8,2,943,5293,G,02C,7i,4S,Sk,0,1,,3,81,,263,68,,1,414,49,10,7,1,5,1969
11,69,8,2,1041,5294,G,02C,7i,4S,Sk,0,1,,3,71,,263,68,,1,414,49,10,7,1,5,1969
11,68,45,6,337,5295,V,29K,4j,1L,Lp,2,1,,1,57,,283,66,,1,1044,314,63,45,1,2,1968
11,68,49,1,2217,5296,V,29K,4j,1L,Lp,0,2,,,53,,283,68,,1,337,337,68,49,2,2,1968
11,68,51,3,223,5297,V,29K,4j,1L,Lp,1,2,,,51,,283,67,,1,718,353,71,51,2,2,1968
11,69,8,5,3044,5298,F,11F,8b,2H,Vs,4,1,,3,81,,272,64,,1,1877,52,11,8,1,4,1969
11,69,8,5,844,5299,X,17E,7d,1L,Ja,1,1,,3,53,,321,67,,1,782,52,11,8,1,2,1969
11,69,8,2,445,5300,X,18E,2d,1L,Ja,6,1,,3,58,,470,62,,1,2604,49,10,7,1,2,1969
11,69,8,3,600,5301,X,18E,2c,1L,Ja,1,2,1,,,,470,67,,1,780,50,10,8,2,2,1969
11,69,7,7,500,5302,X,18E,2c,1L,Ja,0,2,1,,45,,470,68,,1,412,47,10,7,2,2,1969
11,69,8,1,601,5303,X,18E,2c,1L,Ja,1,2,1,,46,,470,67,,1,778,48,10,7,2,2,1969
11,69,7,7,501,5304,X,18E,2c,1L,Ja,1,2,1,,45,,470,67,,1,777,47,10,7,2,2,1969
11,69,8,5,944,5305,X,19E,7d,1L,Ja,0,1,,3,58,,333,68,,1,417,52,11,8,1,2,1969
11,69,5,7,2218,5306,V,12I,9j,3U,Up,2,2,,,60,,192,66,,1,1128,33,7,5,2,4,1969
11,68,47,2,24,5307,V,10D,8c,2H,Vr,1,1,,,,,140,67,,1,689,324,65,47,1,3,1968
11,69,4,7,3045,5308,D,10D,8c,2H,Vr,1,1,,,,,140,67,,1,756,26,6,4,1,3,1969
11,68,52,5,3046,5309,G,10D,8c,2H,Vr,0,2,,,,,140,68,,1,362,362,73,52,2,3,1968
11,69,3,3,3047,5310,G,10D,8c,2H,Vr,0,1,,,,,140,68,,1,380,15,3,3,1,3,1969
11,69,3,4,3048,5311,G,10D,8c,2H,Vr,2,2,,,,,140,66,,1,1111,16,4,3,2,3,1969
11,68,46,7,25,5312,V,10D,8c,2H,Vr,0,1,,,,,140,68,,1,322,322,65,46,1,3,1968
11,69,8,1,3049,5313,G,10D,8c,2H,Vr,0,2,,,,,140,68,,1,413,48,10,7,2,3,1969
11,69,3,7,3050,5314,G,10D,8c,2H,Vr,0,1,,,,,140,68,,1,384,19,4,3,1,3,1969
11,69,8,4,26,5315,V,10D,8c,2H,Vr,0,1,,3,70,,170,68,,1,416,51,11,8,1,3,1969
11,69,8,4,2219,5316,V,11D,3h,2H,Vr,0,1,,3,77,,170,68,,1,416,51,11,8,1,3,1969
11,69,7,6,2359,5317,V,11D,5b,2H,Vr,0,2,1,,53,,170,68,,1,411,46,10,7,2,3,1969
11,69,8,7,338,5318,V,10D,8b,2H,Vr,0,2,2,1,54,,170,68,,1,419,54,11,8,2,3,1969
11,68,50,7,2220,5319,V,11D,5b,2H,Vr,1,1,,1,92,,170,67,,1,715,350,70,50,1,3,1968
11,69,8,2,2221,5320,V,11C,1j,2H,Vr,3,1,,3,79,,170,65,,1,1509,49,10,7,1,3,1969
11,69,7,1,2046,5321,V,11C,1j,2H,Vr,2,2,,,,,170,66,,1,1136,41,9,6,2,3,1969
11,69,8,2,2222,5322,V,11D,3h,2H,Vr,1,1,,3,79,,170,67,,1,779,49,10,7,1,3,1969
11,69,8,1,2300,5323,V,11D,5b,2H,Vr,2,2,3,1,55,,170,66,,1,1143,48,10,7,2,3,1969
11,69,8,6,224,5324,V,11D,3h,2H,Vr,0,2,,,60,,170,68,,1,418,53,11,8,2,3,1969
11,69,6,3,3051,5325,F,10E,3c,2H,Vr,0,2,1,,50,,18,68,,1,401,36,8,6,2,3,1969
11,69,8,7,2301,5326,V,11C,1j,2H,Vr,0,1,,3,63,,170,68,,1,419,54,11,8,1,3,1969
11,69,6,6,945,5327,K,11C,1j,2H,Vr,3,1,,,82,,366,65,,1,1499,39,8,6,1,3,1969
11,69,8,7,946,5328,K,09H,8d,3U,So,0,2,1,,50,,125,68,,1,419,54,11,8,2,4,1969
11,69,8,6,108,5329,V,10D,8h,2H,Vr,3,1,,3,76,,205,65,,1,1513,53,11,8,1,3,1969
11,69,8,7,1324,5330,G,10D,6a,2H,Vr,0,1,,3,68,,205,68,,1,419,54,11,8,1,3,1969
11,69,8,7,1705,5331,V,10I,7h,3U,Up,0,1,,3,72,,76,68,,1,419,54,11,8,1,4,1969
11,69,3,5,1452,5332,G,12I,4c,3U,Up,3,2,1,,56,,329,65,,1,1477,17,4,3,2,4,1969
11,69,4,2,109,5333,V,12I,4c,3U,Up,0,1,,3,57,,329,68,,1,386,21,5,3,1,4,1969
11,68,46,7,744,5334,S,12I,4c,3U,Up,0,1,,1,63,,329,68,,1,322,322,65,46,1,4,1968
11,69,3,6,1453,5335,G,12I,4c,3U,Up,2,2,1,,78,,329,66,,1,1113,18,4,3,2,4,1969
11,69,3,3,1254,5336,D,12I,4c,3U,Up,0,1,,3,55,,329,68,,1,380,15,3,3,1,4,1969
11,69,8,5,1706,5337,X,18E,3f,1L,Ja,4,2,1,,50,,297,64,,1,1877,52,11,8,2,2,1969
11,69,8,7,845,5338,X,18E,3f,1L,Ja,1,1,,3,44,,297,67,,1,784,54,11,8,1,2,1969
11,69,8,5,1940,5339,X,18E,3f,1L,Ja,1,2,1,,40,,297,67,,1,782,52,11,8,2,2,1969
11,69,7,7,745,5340,X,18F,5c,1L,Ja,0,2,1,,45,,420,68,,1,412,47,10,7,2,2,1969
11,69,7,3,746,5341,X,18F,5c,1L,Ja,0,2,1,,41,,420,68,,1,408,43,9,7,2,2,1969
11,69,8,6,1042,5342,X,17D,4i,1L,Hr,2,2,1,,41,,222,66,,1,1148,53,11,8,2,2,1969
11,69,8,7,846,5343,X,17D,4i,1L,Hr,3,1,,3,52,,222,65,,1,1514,54,11,8,1,2,1969
11,69,8,7,747,5344,X,19E,1c,1L,Ja,2,1,,3,83,,310,66,,1,1149,54,11,8,1,2,1969
11,69,8,6,748,5345,X,18G,7d,1L,Ja,5,1,,3,58,,307,63,,1,2243,53,11,8,1,2,1969
11,69,7,1,749,5346,X,18G,7d,1L,Ja,2,2,1,,47,,307,66,,1,1136,41,9,6,2,2,1969
11,69,7,6,847,5347,X,18G,7d,1L,Ja,2,1,,3,62,,307,66,,1,1141,46,10,7,1,2,1969
11,69,8,2,947,5348,X,18G,7d,1L,Ja,2,2,1,,51,,307,66,,1,1144,49,10,7,2,2,1969
11,69,5,5,2223,5349,V,12D,2h,2H,Vr,0,2,1,,52,,391,68,,1,396,31,7,5,2,3,1969
11,69,5,5,2224,5350,V,12D,2h,2H,Vr,0,1,,3,71,,391,68,,1,396,31,7,5,1,3,1969
11,69,6,1,27,5351,V,12D,2h,2H,Vr,2,2,1,,48,,391,66,,1,1129,34,7,5,2,3,1969
11,69,5,7,2225,5352,V,12D,2h,2H,Vr,0,2,1,,45,,391,68,,1,398,33,7,5,2,3,1969
11,69,5,7,2226,5353,V,12D,2h,2H,Vr,5,1,,3,78,,391,63,,1,2223,33,7,5,1,3,1969
11,69,6,6,225,5354,V,12D,2h,2H,Vr,0,2,1,,35,,391,68,,1,404,39,8,6,2,3,1969
11,69,6,7,3052,5355,S,10I,7e,3U,Up,0,2,4,1,53,,93,68,,1,405,40,8,6,2,4,1969
11,69,7,7,3053,5356,S,10I,7e,3U,Up,3,2,1,,64,,93,65,,1,1507,47,10,7,2,4,1969
11,69,6,7,3054,5357,S,10I,7e,3U,Up,1,2,1,,67,,93,67,,1,770,40,8,6,2,4,1969
11,69,6,7,3055,5358,S,10I,7e,3U,Up,0,2,2,,57,,93,68,,1,405,40,8,6,2,4,1969
11,69,9,1,502,5359,X,20E,2i,1L,Ja,2,1,,3,75,,419,66,,1,1150,55,11,8,1,2,1969
11,69,8,1,339,5360,V,11F,5e,2H,Vs,1,2,2,,55,,272,67,,1,778,48,10,7,2,4,1969
11,69,9,1,340,5361,V,11F,5e,2H,Vs,0,1,,3,65,,272,68,,1,420,55,11,8,1,4,1969
11,69,8,6,848,5362,D,09E,8a,2H,Vr,2,1,,3,77,,21,66,,1,1148,53,11,8,1,3,1969
11,69,8,7,3056,5363,V,11F,7h,2H,Vs,2,2,1,,52,,272,66,,1,1149,54,11,8,2,4,1969
11,69,8,5,2302,5364,V,11C,3i,2H,Vr,2,2,1,,43,,427,66,,1,1147,52,11,8,2,3,1969
11,69,7,6,341,5365,V,11D,1b,2H,Vr,0,1,,3,53,,427,68,,1,411,46,10,7,1,3,1969
11,69,8,1,226,5366,V,10D,9b,2H,Vr,0,2,4,1,63,,427,68,,1,413,48,10,7,2,3,1969
11,68,53,2,2303,5367,V,09I,8c,3U,So,0,1,,3,80,,291,68,,1,366,366,74,53,1,4,1968
11,68,45,4,2304,5368,V,09I,8c,3U,So,2,1,,3,60,,291,66,,1,1042,312,63,45,5,4,1968
11,69,6,2,2305,5369,V,09I,8c,3U,So,0,1,,,45,,291,68,,1,400,35,7,5,1,4,1969
11,69,5,3,2108,5370,V,09I,8c,3U,So,0,1,,,70,,291,68,,1,394,29,6,5,1,4,1969
11,69,5,4,446,5371,V,09I,8c,3U,So,0,,,,,,291,68,,1,395,30,6,5,,4,1969
11,69,1,9,3057,5372,U,09I,8c,3U,So,2,,,,,,291,66,,1,1097,2,-9,-9,,4,1969
11,69,1,9,3058,5373,U,09I,8c,3U,So,0,1,,,,,291,68,,1,367,2,-9,-9,1,4,1969
11,69,1,9,3059,5374,U,09I,8c,3U,So,2,,,,,,291,66,,1,1097,2,-9,-9,,4,1969
11,69,1,9,3000,5375,U,09I,8c,3U,So,0,,,,,,291,68,,1,367,2,-9,-9,,4,1969
11,69,9,1,750,5376,X,19D,5f,1L,Ja,3,2,,,56,,212,65,,1,1515,55,11,8,2,2,1969
11,69,8,7,849,5377,X,20E,4j,1L,Ja,0,1,,3,71,,352,68,,1,419,54,11,8,1,2,1969
11,69,8,2,1043,5378,X,18F,0c,1L,Ja,2,1,,3,60,,102,66,,1,1144,49,10,7,1,2,1969
11,69,7,2,342,5379,V,29J,7h,1L,Lp,0,2,,,25,,255,68,,1,407,42,9,6,2,2,1969
11,69,4,4,110,5380,V,29J,7h,1L,Lp,0,1,,,50,,255,68,,1,388,23,5,4,1,2,1969
11,69,2,6,227,5381,V,29J,7h,1L,Lp,3,1,,3,69,,255,65,,1,1471,11,3,2,1,2,1969
11,69,6,6,751,5382,X,18F,3c,1L,Ja,1,1,,3,59,,35,67,,1,769,39,8,6,1,2,1969
11,69,9,1,752,5383,X,18F,3c,1L,Ja,0,1,,3,63,,35,68,,1,420,55,11,8,1,2,1969
11,69,8,3,753,5384,X,20E,8e,1L,Ja,5,1,,3,58,,112,63,,1,2240,50,10,8,1,2,1969
11,69,8,7,754,5385,X,20E,8e,1L,Ja,2,2,2,,51,,112,66,,1,1149,54,11,8,2,2,1969
11,69,8,1,602,5386,F,19G,1e,1L,Ja,0,1,,3,51,,271,68,,1,413,48,10,7,1,2,1969
11,69,8,7,111,5387,V,19G,1e,1L,Ja,3,2,2,,58,,271,65,,1,1514,54,11,8,2,2,1969
11,69,8,5,755,5388,X,19E,5g,1L,Ja,1,1,,3,55,,179,67,,1,782,52,11,8,1,2,1969
11,69,8,3,756,5389,X,19E,5g,1L,Ja,1,1,,3,66,,179,67,,1,780,50,10,8,1,2,1969
11,69,8,4,757,5390,X,19E,5g,1L,Ja,1,1,,3,64,,179,67,,1,781,51,11,8,1,2,1969
11,69,8,6,758,5391,X,19E,5g,1L,Ja,2,2,1,,46,,179,66,,1,1148,53,11,8,2,2,1969
11,69,8,6,759,5392,X,19E,5g,1L,Ja,4,2,2,,54,,179,64,,1,1878,53,11,8,2,2,1969
11,69,8,7,850,5393,F,16E,6g,1L,Hr,2,1,,3,57,,103,66,,1,1149,54,11,8,1,2,1969
11,69,8,6,948,5394,G,11C,8a,2H,Vr,0,1,,3,71,,397,68,,1,418,53,11,8,1,3,1969
11,69,7,7,1454,5395,G,11C,8a,2H,Vr,1,1,,3,60,,397,67,,1,777,47,10,7,1,3,1969
11,69,9,1,700,5396,X,18E,3f,1L,Ja,2,2,1,,54,,297,66,,1,1150,55,11,8,2,2,1969
11,69,8,6,1255,5397,G,02D,2d,4S,Sk,2,2,5,,63,,60,66,,1,1148,53,11,8,2,5,1969
11,69,8,5,2306,5398,V,11D,5b,2H,Vr,3,1,,3,81,,312,65,,1,1512,52,11,8,1,3,1969
11,69,5,3,1325,5399,D,09F,5h,3U,Og,2,1,,3,,49,43,66,,1,1124,29,6,5,1,5,1969
11,69,5,7,1326,5400,D,09F,3g,3U,Og,0,1,,3,,77,43,68,,1,398,33,7,5,1,5,1969
11,69,7,3,949,5401,D,09F,2e,3U,Og,0,2,1,,,47,43,68,,1,408,43,9,7,2,5,1969
11,69,8,7,851,5402,D,09G,7a,3U,Og,1,2,,,59,,43,67,,1,784,54,11,8,2,5,1969
11,69,8,7,1528,5403,D,09G,7a,3U,Og,1,1,,3,63,,43,67,,1,784,54,11,8,1,5,1969
11,69,8,3,701,5404,X,18E,9j,1L,Ja,0,1,,3,75,,225,68,,1,415,50,10,8,1,2,1969
11,69,4,7,852,5405,X,18E,9j,1L,Ja,1,1,,3,55,,225,67,,1,756,26,6,4,1,2,1969
11,69,7,5,702,5406,X,18E,9j,1L,Ja,0,2,1,,39,,225,68,,1,410,45,9,7,2,2,1969
11,69,6,6,853,5407,X,18E,9j,1L,Ja,2,1,,3,58,,225,66,,1,1134,39,8,6,1,2,1969
11,69,9,3,703,5408,X,19F,6e,1L,Ja,1,1,,3,62,,217,67,,1,787,57,12,9,1,2,1969
11,69,9,2,603,5409,X,18E,2h,1L,Ja,0,2,1,,45,,268,68,,1,421,56,12,8,2,2,1969
11,69,8,7,854,5410,F,11E,8e,2H,Vs,5,1,,3,,41,188,63,,1,2244,54,11,8,1,4,1969
11,69,8,4,2227,5411,X,17F,5a,1L,Ja,0,2,1,,39,,16,68,,1,416,51,11,8,2,2,1969
11,69,8,6,604,5412,X,17F,5a,1L,Ja,1,1,,3,53,,16,67,,1,783,53,11,8,1,2,1969
11,69,9,1,605,5413,X,17F,5a,1L,Ja,2,1,,3,59,,16,66,,1,1150,55,11,8,1,2,1969
11,69,9,3,606,5414,X,17F,5a,1L,Ja,2,1,,3,69,,16,66,,1,1152,57,12,9,1,2,1969
11,69,6,7,855,5415,X,20E,3d,1L,Ja,5,1,,3,59,,259,63,,1,2230,40,8,6,1,2,1969
11,69,7,6,856,5416,X,20E,3d,1L,Ja,1,1,,3,72,,259,67,,1,776,46,10,7,1,2,1969
11,69,9,1,857,5417,X,20E,3d,1L,Ja,2,2,1,,55,,259,66,,1,1150,55,11,8,2,2,1969
11,69,9,3,503,5418,X,18E,2c,1L,Ja,1,2,1,,46,,470,67,,1,787,57,12,9,2,2,1969
11,69,8,5,607,5419,X,18E,2c,1L,Ja,1,1,,3,58,,470,67,,1,782,52,11,8,1,2,1969
11,69,8,4,504,5420,X,18E,2c,1L,Ja,5,2,1,,48,,470,63,,1,2241,51,11,8,2,2,1969
11,69,8,5,505,5421,X,18E,2c,1L,Ja,2,1,,3,52,,470,66,,1,1147,52,11,8,1,2,1969
11,69,9,2,704,5422,X,18E,2c,1L,Ja,1,1,,3,58,,470,67,,1,786,56,12,8,1,2,1969
11,69,8,7,343,5423,V,12D,4f,2H,Vr,0,2,1,,58,,425,68,,1,419,54,11,8,2,3,1969
11,69,8,1,28,5424,V,12D,4f,2H,Vr,4,1,,3,71,,425,64,,1,1873,48,10,7,1,3,1969
11,69,8,6,2307,5425,V,12D,4f,2H,Vr,5,2,1,,57,,425,63,,1,2243,53,11,8,2,3,1969
11,69,5,7,29,5426,V,12D,4f,2H,Vr,0,2,1,,52,,425,68,,1,398,33,7,5,2,3,1969
11,69,2,2,30,5427,V,11D,8g,2H,Vr,2,1,,1,75,,425,66,,1,1102,7,2,1,1,3,1969
11,69,7,4,2308,5428,V,12D,4f,2H,Vr,1,1,,3,62,,425,67,,1,774,44,9,7,1,3,1969
11,69,8,3,608,5429,V,12D,4f,2H,Vr,0,1,,3,69,,425,68,,1,415,50,10,8,1,3,1969
11,69,1,3,2228,5430,V,11D,8g,2H,Vr,0,1,,1,65,,425,68,,1,366,1,1,1,1,3,1969
11,69,1,4,2229,5431,V,11D,8g,2H,Vr,1,2,,,51,,425,67,,1,732,2,1,1,2,3,1969
11,69,5,2,705,5432,F,12D,4f,2H,Vr,1,1,,3,65,,425,67,,1,758,28,6,4,1,3,1969
11,69,8,6,3001,5433,V,28L,9d,1L,Lp,1,1,,3,,,122,67,,1,783,53,11,8,1,2,1969
11,69,9,6,1852,5434,V,10I,7h,3U,Up,3,2,5,,76,,76,65,,1,1520,60,12,9,2,4,1969
11,69,9,4,706,5435,X,19D,5f,1L,Ja,4,2,4,1,65,,212,64,,1,1883,58,12,9,2,2,1969
11,69,9,4,2309,5436,V,10G,4d,3U,So,0,1,,3,,,27,68,,1,423,58,12,9,1,4,1969
11,69,9,4,1707,5437,X,19E,1c,1L,Ja,0,2,1,,51,,310,68,,1,423,58,12,9,2,2,1969
11,69,9,6,707,5438,X,19E,1c,1L,Ja,0,1,,3,62,,310,68,,1,425,60,12,9,1,2,1969
11,69,9,5,858,5439,X,20F,8e,1L,Ja,2,1,,3,57,,250,66,,1,1154,59,12,9,1,2,1969
11,69,7,6,1455,5440,F,10E,1d,3U,Na,1,2,4,1,50,,406,67,,1,776,46,10,7,2,4,1969
11,69,7,3,1529,5441,F,10E,1d,3U,Na,0,1,,3,67,,406,68,,1,408,43,9,7,1,4,1969
11,69,3,2,1327,5442,F,10E,1d,3U,Na,1,2,1,,62,,406,67,,1,744,14,3,2,2,4,1969
11,69,5,7,2310,5443,V,11D,5f,2H,Vr,1,1,,3,77,,72,67,,1,763,33,7,5,1,3,1969
11,69,6,3,2230,5444,V,11D,5f,2H,Vr,5,1,,3,79,,72,63,,1,2226,36,8,6,1,3,1969
11,69,8,4,31,5445,V,11D,5f,2H,Vr,3,2,,,53,,72,65,,1,1511,51,11,8,2,3,1969
11,69,9,1,2231,5446,V,11D,5f,2H,Vr,0,1,,3,86,,72,68,,1,420,55,11,8,1,3,1969
11,69,9,3,2311,5447,V,11D,5f,2H,Vr,5,2,3,1,66,,72,63,,1,2247,57,12,9,2,3,1969
11,69,8,2,2312,5448,V,11D,5f,2H,Vr,4,1,,3,91,,72,64,,1,1874,49,10,7,1,3,1969
11,69,8,1,2232,5449,V,11D,5f,2H,Vr,1,2,,,52,,72,67,,1,778,48,10,7,2,3,1969
11,69,8,5,708,5450,X,18F,6a,1L,Ja,4,2,1,,50,,52,64,,1,1877,52,11,8,2,2,1969
11,69,8,3,709,5451,X,18F,6a,1L,Ja,0,1,,,50,,52,68,,1,415,50,10,8,1,2,1969
11,69,8,4,859,5452,X,18F,6a,1L,Ja,0,1,,,60,,52,68,,1,416,51,11,8,1,2,1969
11,69,8,4,609,5453,X,18F,6a,1L,Ja,0,2,1,,40,,52,68,,1,416,51,11,8,2,2,1969
11,69,8,5,710,5454,X,18F,6a,1L,Ja,4,2,1,,60,,52,64,,1,1877,52,11,8,2,2,1969
11,69,8,2,711,5455,X,18F,6a,1L,Ja,1,2,1,,50,,52,67,,1,779,49,10,7,2,2,1969
11,69,8,6,3002,5456,X,18F,6a,1L,Ja,1,1,,,50,,52,67,,1,783,53,11,8,1,2,1969
11,69,8,5,610,5457,U,18E,6h,1L,Ja,0,1,,,70,,52,68,,1,417,52,11,8,1,2,1969
11,69,8,5,611,5458,X,18F,6a,1L,Ja,2,1,,,70,,52,66,,1,1147,52,11,8,1,2,1969
11,69,9,1,712,5459,X,18F,6a,1L,Ja,2,1,,,90,,52,66,,1,1150,55,11,8,1,2,1969
11,69,8,5,713,5460,X,18F,6a,1L,Ja,5,2,2,,70,,52,63,,1,2242,52,11,8,2,2,1969
11,69,8,6,800,5461,X,18F,6a,1L,Ja,1,1,,,70,,52,67,,1,783,53,11,8,1,2,1969
11,69,8,5,1456,5462,S,01D,9j,4S,Sk,1,2,5,,78,,402,67,,1,782,52,11,8,2,5,1969
11,69,9,5,801,5463,X,20E,4j,1L,Ja,4,2,1,,50,,352,64,,1,1884,59,12,9,2,2,1969
11,69,9,4,714,5464,X,18F,6a,1L,Ja,6,2,1,,60,,52,62,,1,2613,58,12,9,2,2,1969
11,69,9,3,802,5465,X,18F,6a,1L,Ja,1,2,4,,50,,52,67,,1,787,57,12,9,2,2,1969
11,69,9,2,612,5466,X,18F,6a,1L,Ja,1,2,2,,50,,52,67,,1,786,56,12,8,2,2,1969
11,69,8,7,613,5467,X,18F,6a,1L,Ja,0,1,,,40,,52,68,,1,419,54,11,8,1,2,1969
11,69,9,3,715,5468,X,18F,6a,1L,Ja,1,1,,,80,,52,67,,1,787,57,12,9,1,2,1969
11,69,9,2,716,5469,X,18F,6a,1L,Ja,5,1,,,80,,52,63,,1,2246,56,12,8,1,2,1969
11,69,9,3,3003,5470,X,18F,6a,1L,Ja,1,1,,,70,,52,67,,1,787,57,12,9,1,2,1969
11,69,9,4,614,5471,S,18F,6a,1L,Ja,3,1,,,80,,52,65,,1,1518,58,12,9,1,2,1969
11,69,8,7,717,5472,X,18F,6a,1L,Ja,2,1,,,80,,52,66,,1,1149,54,11,8,1,2,1969
11,69,9,1,615,5473,X,19E,0h,1L,Ja,1,1,,3,69,,133,67,,1,785,55,11,8,1,2,1969
11,69,7,5,718,5474,X,19E,0g,1L,Ja,0,1,,3,53,,133,68,,1,410,45,9,7,1,2,1969
11,69,6,5,719,5475,X,19E,0g,1L,Ja,2,1,,3,66,,133,66,,1,1133,38,8,6,1,2,1969
11,69,7,3,720,5476,X,19E,0g,1L,Ja,1,2,1,,52,,133,67,,1,773,43,9,7,2,2,1969
11,69,7,5,721,5477,X,19E,0g,1L,Ja,0,2,1,,47,,133,68,,1,410,45,9,7,2,2,1969
11,69,7,6,722,5478,X,19E,0g,1L,Ja,1,1,,3,67,,133,67,,1,776,46,10,7,1,2,1969
11,69,7,6,723,5479,X,18E,9j,1L,Ja,2,2,1,,45,,133,66,,1,1141,46,10,7,2,2,1969
11,69,7,5,803,5480,X,19E,0h,1L,Ja,1,1,,3,62,,133,67,,1,775,45,9,7,1,2,1969
11,69,8,7,724,5481,X,19E,0g,1L,Ja,0,1,,3,52,,133,68,,1,419,54,11,8,1,2,1969
11,69,9,3,1328,5482,X,18E,7f,1L,Ja,2,1,,3,69,,133,66,,1,1152,57,12,9,1,2,1969
11,69,8,4,1530,5483,X,18G,2b,1L,Ja,2,1,,3,81,,242,66,,1,1146,51,11,8,1,2,1969
11,69,9,4,616,5484,U,20F,6h,1L,Ja,0,2,1,,,,313,68,,1,423,58,12,9,2,2,1969
11,69,9,3,725,5485,X,20F,6h,1L,Ja,0,2,1,,48,,313,68,,1,422,57,12,9,2,2,1969
11,69,9,2,617,5486,X,20F,6h,1L,Ja,0,1,,3,48,,313,68,,1,421,56,12,8,1,2,1969
11,69,9,1,726,5487,X,20F,6h,1L,Ja,0,1,,3,50,,313,68,,1,420,55,11,8,1,2,1969
11,69,9,1,727,5488,X,20F,6h,1L,Ja,1,2,1,,53,,313,67,,1,785,55,11,8,2,2,1969
11,69,8,7,728,5489,X,20F,6h,1L,Ja,5,2,1,,50,,313,63,,1,2244,54,11,8,2,2,1969
11,69,9,5,1457,5490,D,09I,9b,3U,So,3,2,4,1,57,,343,65,,1,1519,59,12,9,2,4,1969
11,69,9,5,1256,5491,D,09I,9b,3U,So,0,1,,3,63,,343,68,,1,424,59,12,9,1,4,1969
11,69,7,1,3004,5492,F,09I,9b,3U,So,0,2,1,,43,,343,68,,1,406,41,9,6,2,4,1969
11,69,7,3,1329,5493,S,09I,9b,3U,So,0,1,,3,57,,343,68,,1,408,43,9,7,1,4,1969
11,69,8,3,3005,5494,F,09I,9b,3U,So,2,1,,3,67,,343,66,,1,1145,50,10,8,1,4,1969
11,69,8,3,3006,5495,F,09I,9b,3U,So,0,2,4,1,55,,343,68,,1,415,50,10,8,2,4,1969
11,69,7,3,3007,5496,F,09I,9b,3U,So,2,1,,3,66,,343,66,,1,1138,43,9,7,1,4,1969
11,69,7,5,3008,5497,F,09I,9b,3U,So,0,2,1,,60,,343,68,,1,410,45,9,7,2,4,1969
11,69,7,4,1610,5498,S,09I,9b,3U,So,0,1,,3,53,,343,68,,1,409,44,9,7,1,4,1969
11,69,7,4,32,5499,V,10E,7f,2H,Vr,2,1,,,57,,249,66,,1,1139,44,9,7,1,3,1969
11,69,8,3,2233,5500,V,10E,7f,2H,Vr,0,1,,3,63,,249,68,,1,415,50,10,8,1,3,1969
11,69,9,4,344,5501,V,12I,8h,3U,Up,0,2,1,,43,,26,68,,1,423,58,12,9,2,4,1969
11,69,8,5,1458,5502,D,03C,6c,4S,Sk,0,1,,3,,,2,68,,1,417,52,11,8,1,5,1969
11,69,9,6,950,5503,F,11C,6j,2H,Vr,0,2,1,,40,,288,68,,1,425,60,12,9,2,3,1969
11,69,7,7,2109,5504,V,13I,2c,3U,Up,7,1,,3,69,,4,61,,1,2967,47,10,7,1,4,1969
11,69,9,7,729,5505,X,17D,4i,1L,Hr,1,2,1,,47,,222,67,,1,791,61,13,9,2,2,1969
11,69,9,4,1459,5506,X,17D,4i,1L,Hr,2,1,,3,46,,222,66,,1,1153,58,12,9,1,2,1969
11,69,9,7,804,5507,X,17D,4i,1L,Hr,1,1,,3,49,,222,67,,1,791,61,13,9,1,2,1969
11,69,9,7,730,5508,X,19E,5g,1L,Ja,2,1,,3,75,,179,66,,1,1156,61,13,9,1,2,1969
11,69,9,4,731,5509,X,19E,5g,1L,Ja,6,2,1,,51,,179,62,,1,2613,58,12,9,2,2,1969
11,69,9,4,732,5510,X,18E,3f,1L,Ja,2,2,1,,40,,297,66,,1,1153,58,12,9,2,2,1969
11,69,10,1,805,5511,F,10G,4d,3U,So,0,1,,3,,,27,68,,1,427,62,13,9,1,4,1969
11,69,9,6,2234,5512,V,10G,4d,3U,So,0,1,,3,,,27,68,,1,425,60,12,9,1,4,1969
11,69,9,5,951,5513,X,17D,5d,1L,Hr,2,1,,3,66,,426,66,,1,1154,59,12,9,1,2,1969
11,69,9,6,733,5514,X,20E,1j,1L,Ja,4,1,,3,,,108,64,,1,1885,60,12,9,1,2,1969
11,69,8,7,952,5516,X,20E,1j,1L,Ja,0,1,,3,,,108,68,,1,419,54,11,8,1,2,1969
11,69,9,3,1400,5517,F,11E,6f,2H,Vs,1,1,,3,60,,137,67,,1,787,57,12,9,1,4,1969
11,69,8,2,2313,5518,V,11I,9h,3U,Up,0,1,,3,68,,4,68,,1,414,49,10,7,1,4,1969
11,69,6,4,2110,5519,V,12H,4j,3U,Up,0,2,1,,56,,4,68,,1,402,37,8,6,2,4,1969
11,69,7,7,2235,5520,V,12H,4j,3U,Up,1,1,,3,72,,4,67,,1,777,47,10,7,1,4,1969
11,69,7,3,228,5521,V,13I,2c,3U,Up,0,2,1,,49,,4,68,,1,408,43,9,7,2,4,1969
11,69,7,7,2314,5522,V,11I,9h,3U,Up,0,2,1,,54,,4,68,,1,412,47,10,7,2,4,1969
11,69,5,7,2236,5523,V,12H,4j,3U,Up,1,1,,3,78,,4,67,,1,763,33,7,5,1,4,1969
11,69,7,5,2315,5524,V,12H,4j,3U,Up,0,1,,3,74,,4,68,,1,410,45,9,7,1,4,1969
11,69,9,3,3009,5525,S,10I,7e,3U,Up,0,2,4,2,52,,93,68,,1,422,57,12,9,2,4,1969
11,69,9,1,3010,5526,S,10I,7e,3U,Up,0,2,1,,48,,93,68,,1,420,55,11,8,2,4,1969
11,69,9,5,1401,5527,F,03E,6i,4S,Bl,4,2,5,,55,,182,64,,1,1884,59,12,9,2,5,1969
11,69,9,5,3011,5528,U,10I,7h,3U,Up,3,1,,3,67,,56,65,,1,1519,59,12,9,1,4,1969
11,69,9,7,3012,5529,S,10I,7e,3U,Up,0,1,,1,66,,93,68,,1,426,61,13,9,1,4,1969
11,69,6,6,1330,5530,F,09G,7h,3U,So,0,2,2,1,75,,400,68,,1,404,39,8,6,2,4,1969
11,69,9,7,2316,5531,S,10H,1b,3U,So,0,1,,3,55,,400,68,,1,426,61,13,9,1,4,1969
11,69,10,1,345,5532,V,11C,6j,2H,Vr,3,2,3,1,70,,288,65,,1,1522,62,13,9,2,3,1969
11,69,9,6,618,5533,X,18F,3f,1L,Ja,2,1,,3,71,,467,66,,1,1155,60,12,9,1,2,1969
11,69,10,1,619,5534,X,18F,3f,1L,Ja,1,1,,3,59,,467,67,,1,792,62,13,9,1,2,1969
11,69,10,1,620,5535,X,19E,6a,1L,Ja,5,1,,3,74,,45,63,,1,2252,62,13,9,1,2,1969
11,69,9,4,112,5536,V,10H,5g,3U,So,8,2,5,,62,,382,60,,1,3343,58,12,9,2,4,1969
11,69,9,7,2317,5537,V,10H,7e,3U,So,1,2,5,1,57,,382,67,,1,791,61,13,9,2,4,1969
11,69,10,1,113,5538,V,10H,7e,3U,So,1,1,,3,61,,382,67,,1,792,62,13,9,1,4,1969
11,69,9,5,735,5539,X,18G,7d,1L,Ja,7,1,,,57,,307,61,,1,2979,59,12,9,1,2,1969
11,69,9,7,806,5540,X,18G,7d,1L,Ja,5,2,1,,39,,307,63,,1,2251,61,13,9,2,2,1969
11,69,10,1,621,5541,X,18G,7d,1L,Ja,6,1,,3,58,,307,62,,1,2617,62,13,9,1,2,1969
11,69,9,1,736,5542,X,19F,6b,1L,Ja,2,1,,3,80,,461,66,,1,1150,55,11,8,1,2,1969
11,69,9,5,737,5543,X,19F,6b,1L,Ja,0,1,,3,46,,461,68,,1,424,59,12,9,1,2,1969
11,69,9,3,1044,5544,X,19F,6b,1L,Ja,0,2,1,,62,,461,68,,1,422,57,12,9,2,2,1969
11,69,8,2,807,5545,F,09F,5h,3U,Og,1,2,1,,,55,43,67,,1,779,49,10,7,2,5,1969
11,69,8,6,953,5546,F,09F,5h,3U,Og,2,1,,1,,48,43,66,,1,1148,53,11,8,1,5,1969
11,69,9,2,1331,5547,D,09F,2e,3U,Og,0,1,,3,,56,43,68,,1,421,56,12,8,1,5,1969
11,69,9,2,808,5548,F,09F,5h,3U,Og,2,1,,3,56,,43,66,,1,1151,56,12,8,1,5,1969
11,69,10,1,114,5549,V,19G,0c,1L,Ja,1,1,,3,68,,6,67,,1,792,62,13,9,1,2,1969
11,69,9,7,809,5550,X,19G,0c,1L,Ja,2,2,2,,50,,6,66,,1,1156,61,13,9,2,2,1969
11,69,9,6,738,5551,X,19E,4a,1L,Ja,1,2,1,,48,,342,67,,1,790,60,12,9,2,2,1969
11,69,10,1,810,5552,X,19E,4a,1L,Ja,5,2,2,,54,,342,63,,1,2252,62,13,9,2,2,1969
11,69,8,5,622,5553,X,18F,2g,1L,Ja,3,2,1,,,,115,65,,1,1512,52,11,8,2,2,1969
11,69,8,2,623,5554,X,18F,2g,1L,Ja,1,1,,3,56,,115,67,,1,779,49,10,7,1,2,1969
11,69,9,2,624,5555,V,18F,2g,1L,Ja,2,2,1,,49,,115,66,,1,1151,56,12,8,2,2,1969
11,69,7,2,739,5556,X,18F,2g,1L,Ja,1,2,1,,46,,115,67,,1,772,42,9,6,2,2,1969
11,69,9,1,506,5557,X,18E,3c,1L,Ja,2,2,1,,50,,470,66,,1,1150,55,11,8,2,2,1969
11,69,9,5,507,5558,X,18E,3c,1L,Ja,1,2,4,1,49,,470,67,,1,789,59,12,9,2,2,1969
11,69,9,4,625,5559,X,18E,3c,1L,Ja,1,2,1,,47,,470,67,,1,788,58,12,9,2,2,1969
11,69,9,5,508,5560,X,18E,3f,1L,Ja,5,2,1,,48,,470,63,,1,2249,59,12,9,2,2,1969
11,69,9,6,954,5561,X,18F,0c,1L,Ja,4,1,,3,60,,102,64,,1,1885,60,12,9,1,2,1969
11,69,9,7,1045,5562,X,18F,0c,1L,Ja,2,2,1,,41,,102,66,,1,1156,61,13,9,2,2,1969
11,69,9,3,740,5563,X,17F,5a,1L,Ja,4,2,1,,44,,311,64,,1,1882,57,12,9,2,2,1969
11,69,9,3,741,5564,X,17F,5a,1L,Ja,2,2,2,,49,,311,66,,1,1152,57,12,9,2,2,1969
11,69,9,7,626,5565,X,17F,5a,1L,Ja,2,2,2,,59,,311,66,,1,1156,61,13,9,2,2,1969
11,69,10,1,509,5566,X,17F,5a,1L,Ja,2,1,,3,68,,311,66,,1,1157,62,13,9,1,2,1969
11,69,9,6,742,5567,U,18F,5c,1L,Ja,0,1,,3,54,,420,68,,1,425,60,12,9,1,2,1969
11,69,10,4,3013,5568,S,10I,7e,3U,Up,0,1,,3,67,,93,68,,1,430,65,13,10,1,4,1969
11,69,8,5,2237,5569,V,10E,7e,2H,Vr,0,2,,,63,,239,68,,1,417,52,11,8,2,3,1969
11,69,8,7,2238,5570,V,10E,7e,2H,Vr,1,1,,3,74,,239,67,,1,784,54,11,8,1,3,1969
11,69,6,5,2239,5571,V,10E,7e,2H,Vr,0,2,1,,53,,239,68,,1,403,38,8,6,2,3,1969
11,69,9,4,955,5572,F,10E,7e,2H,Vr,1,1,,3,68,,239,67,,1,788,58,12,9,1,3,1969
11,69,8,7,2240,5573,V,10E,7e,2H,Vr,2,2,,,46,,239,66,,1,1149,54,11,8,2,3,1969
11,69,10,2,1708,5574,S,10I,7h,3U,Up,5,2,5,,73,,76,63,,1,2253,63,13,9,2,4,1969
11,69,9,3,1531,5575,K,02D,2d,4S,Sk,1,2,,,73,,60,67,,1,787,57,12,9,2,5,1969
11,69,9,3,1532,5576,K,02D,2d,4S,Sk,0,1,,3,81,,60,68,,1,422,57,12,9,1,5,1969
11,69,10,1,2047,5577,T,02D,2d,4S,Sk,0,1,,3,74,,60,68,,1,427,62,13,9,1,5,1969
11,69,10,1,743,5578,X,19F,6e,1L,Ja,3,2,1,,71,,217,65,,1,1522,62,13,9,2,2,1969
11,69,10,2,811,5579,X,19F,6e,1L,Ja,1,2,1,,45,,217,67,,1,793,63,13,9,2,2,1969
11,69,9,1,2318,5580,V,10E,7f,2H,Vr,6,1,,3,74,,249,62,,1,2610,55,11,8,1,3,1969
11,69,6,6,956,5581,X,17D,5g,1L,Hr,1,2,1,,52,,106,67,,1,769,39,8,6,2,2,1969
11,69,7,7,812,5582,X,17D,5g,1L,Hr,2,1,,3,54,,106,66,,1,1142,47,10,7,1,2,1969
11,69,8,2,813,5583,X,17D,5g,1L,Hr,2,1,,3,64,,106,66,,1,1144,49,10,7,1,2,1969
11,69,9,4,814,5584,X,17D,5g,1L,Hr,0,2,,,48,,106,68,,1,423,58,12,9,2,2,1969
11,69,10,1,744,5585,X,17D,5g,1L,Hr,3,1,,3,48,,106,65,,1,1522,62,13,9,1,2,1969
11,69,10,2,745,5586,X,16E,6g,1L,Hr,2,2,1,,45,,103,66,,1,1158,63,13,9,2,2,1969
11,69,10,2,1046,5587,X,18E,7f,1L,Ja,2,2,5,1,43,,401,66,,1,1158,63,13,9,2,2,1969
11,69,9,1,815,5588,X,18E,7f,1L,Ja,1,1,,3,57,,401,67,,1,785,55,11,8,1,2,1969
11,69,2,5,3014,5589,F,19E,3i,1L,Ja,0,2,1,,48,,401,68,,1,375,10,2,2,2,2,1969
11,69,9,2,816,5590,X,18E,7f,1L,Ja,4,1,,3,53,,401,64,,1,1881,56,12,8,1,2,1969
11,69,10,2,957,5591,X,18E,7f,1L,Ja,0,1,,3,45,,401,68,,1,428,63,13,9,1,2,1969
11,69,10,2,958,5592,X,18E,7f,1L,Ja,0,1,,3,45,,401,68,,1,428,63,13,9,1,2,1969
11,69,9,7,817,5593,X,18E,7f,1L,Ja,1,1,,3,50,,401,67,,1,791,61,13,9,1,2,1969
11,69,10,3,627,5594,X,16E,2b,1L,Hr,0,2,1,,39,,468,68,,1,429,64,13,10,2,2,1969
11,69,10,6,959,5595,F,11F,8b,2H,Vs,0,1,,3,53,,272,68,,1,432,67,14,10,1,4,1969
11,69,9,6,3015,5596,V,10E,7f,2H,Vr,0,1,,3,56,,249,68,,1,425,60,12,9,1,3,1969
11,69,9,7,33,5597,V,11D,3h,2H,Vr,5,2,4,1,60,,10,63,,1,2251,61,13,9,2,3,1969
11,67,37,5,3016,5598,U,11C,9a,2H,Vr,0,2,,,52,,10,67,,1,258,258,52,37,2,3,1967
11,69,9,3,3017,5599,F,11C,1j,2H,Vr,6,1,,,50,,366,62,,1,2612,57,12,9,1,3,1969
11,68,47,7,900,5600,D,10B,8i,2H,Vr,6,2,,,63,,10,62,,1,2519,329,66,47,2,3,1968
11,69,9,6,346,5601,V,09F,3g,3U,Og,1,2,,,,55,43,67,,1,790,60,12,9,2,5,1969
11,69,9,7,901,5602,D,09F,3g,3U,Og,7,2,5,1,,53,43,61,,1,2981,61,13,9,2,5,1969
11,69,9,6,2241,5603,V,09F,5h,3U,Og,0,2,4,1,,45,43,68,,1,425,60,12,9,2,5,1969
11,69,9,6,229,5604,V,09F,5h,3U,Og,0,1,,3,,56,43,68,,1,425,60,12,9,1,5,1969
11,69,9,7,818,5605,D,09F,3g,3U,Og,0,2,4,1,,51,43,68,,1,426,61,13,9,2,5,1969
11,69,9,6,3018,5606,F,19G,1e,1L,Ja,2,1,,3,75,,271,66,,1,1155,60,12,9,1,2,1969
11,69,10,2,230,5607,V,11C,3i,2H,Vr,5,2,5,,76,,427,63,,1,2253,63,13,9,2,3,1969
11,69,9,3,115,5608,V,11C,1i,2H,Vr,1,2,5,,57,,427,67,,1,787,57,12,9,2,3,1969
11,69,9,5,231,5609,V,11D,1b,2H,Vr,0,1,,3,55,,427,68,,1,424,59,12,9,1,3,1969
11,69,10,1,347,5610,V,11C,0i,2H,Vr,1,2,,,53,,427,67,,1,792,62,13,9,2,3,1969
11,69,10,3,2242,5611,V,11C,3i,2H,Vr,0,2,4,2,48,,427,68,,1,429,64,13,10,2,3,1969
11,69,9,6,2319,5612,V,09F,3g,3U,Og,0,1,,3,,68,43,68,,1,425,60,12,9,1,5,1969
11,69,9,6,232,5613,V,09F,3g,3U,Og,1,1,,3,,57,43,67,,1,790,60,12,9,1,5,1969
11,69,9,6,34,5614,V,09F,3g,3U,Og,0,1,,3,,55,43,68,,1,425,60,12,9,1,5,1969
11,69,9,6,2048,5615,V,09F,3g,3U,Og,0,1,,3,,60,43,68,,1,425,60,12,9,1,5,1969
11,69,5,7,1146,5616,K,03E,3e,4S,Bl,0,1,,3,71,,232,68,,1,398,33,7,5,1,5,1969
11,69,5,7,1147,5617,K,03E,3e,4S,Bl,3,2,,,73,,232,65,,1,1493,33,7,5,2,5,1969
11,69,9,5,348,5618,V,12C,5e,2H,Vr,1,2,1,,42,,295,67,,1,789,59,12,9,2,3,1969
11,69,10,2,349,5619,V,12C,5e,2H,Vr,1,2,2,,54,,295,67,,1,793,63,13,9,2,3,1969
11,69,8,5,2320,5620,V,12C,5e,2H,Vr,1,1,,3,56,,295,67,,1,782,52,11,8,1,3,1969
11,69,9,5,746,5621,X,18F,6a,1L,Ja,0,1,,,65,,52,68,,1,424,59,12,9,1,2,1969
11,69,10,1,628,5622,X,18F,6a,1L,Ja,2,1,,,100,,52,66,,1,1157,62,13,9,1,2,1969
11,69,9,7,629,5623,X,18F,6a,1L,Ja,2,2,,,70,,52,66,,1,1156,61,13,9,2,2,1969
11,69,9,5,747,5624,X,18E,6h,1L,Ja,1,2,2,1,50,,52,67,,1,789,59,12,9,2,2,1969
11,69,9,7,748,5625,X,18F,6a,1L,Ja,2,1,,,80,,52,66,,1,1156,61,13,9,1,2,1969
11,69,9,5,630,5626,X,18F,6a,1L,Ja,1,1,,,60,,52,67,,1,789,59,12,9,1,2,1969
11,69,9,5,819,5627,X,18E,6h,1L,Ja,3,2,,,55,,52,65,,1,1519,59,12,9,2,2,1969
11,69,10,1,116,5628,V,12C,5e,2H,Vr,1,2,2,,54,,295,67,,1,792,62,13,9,2,3,1969
11,69,10,6,35,5629,V,11C,6j,2H,Vr,1,1,,3,55,,288,67,,1,797,67,14,10,1,3,1969
11,69,10,2,631,5630,X,19F,6b,1L,Ja,2,2,3,,52,,461,66,,1,1158,63,13,9,2,2,1969
11,69,10,2,820,5631,X,19F,6b,1L,Ja,1,1,,3,58,,461,67,,1,793,63,13,9,1,2,1969
11,69,10,3,632,5632,X,19F,6b,1L,Ja,1,2,1,,43,,461,67,,1,794,64,13,10,2,2,1969
11,69,10,3,902,5633,X,19F,6b,1L,Ja,0,2,1,,53,,461,68,,1,429,64,13,10,2,2,1969
11,69,10,1,2243,5634,V,12D,4f,2H,Vr,0,1,,3,62,,425,68,,1,427,62,13,9,1,3,1969
11,69,6,1,117,5635,V,12D,3f,2H,Vr,0,1,,3,51,,425,68,,1,399,34,7,5,1,3,1969
11,69,9,4,2321,5636,V,12D,4f,2H,Vr,2,1,,3,65,,425,66,,1,1153,58,12,9,1,3,1969
11,69,9,5,36,5637,V,12D,4f,2H,Vr,2,1,,3,80,,425,66,,1,1154,59,12,9,1,3,1969
11,69,9,5,118,5638,V,12D,4f,2H,Vr,2,2,5,,58,,425,66,,1,1154,59,12,9,2,3,1969
11,69,9,3,749,5639,F,12D,4f,2H,Vr,3,2,3,,53,,425,65,,1,1517,57,12,9,2,3,1969
11,69,10,4,37,5640,V,12D,4f,2H,Vr,2,1,,3,67,,425,66,,1,1160,65,13,10,1,3,1969
11,69,9,7,2322,5641,V,10E,7f,2H,Vr,3,1,,3,68,,249,65,,1,1521,61,13,9,1,3,1969
11,69,10,7,1047,5642,G,09H,2a,3U,So,3,2,4,1,66,,280,65,,1,1528,68,14,10,2,4,1969
11,69,10,7,750,5643,X,19E,1c,1L,Ja,1,2,,,76,,310,67,,1,798,68,14,10,2,2,1969
11,69,10,5,2244,5644,V,11E,3f,2H,Vs,1,2,2,,50,,156,67,,1,796,66,14,10,2,4,1969
11,69,10,7,38,5645,V,11E,3f,2H,Vs,0,1,,3,58,,156,68,,1,433,68,14,10,1,4,1969
11,69,10,6,821,5646,S,10I,7h,3U,Up,0,1,,3,50,,76,68,,1,432,67,14,10,1,4,1969
11,69,10,3,39,5647,V,12H,7h,3U,Up,1,2,5,,44,,4,67,,1,794,64,13,10,2,4,1969
11,69,10,2,2111,5648,V,12H,7h,3U,Up,0,1,,3,72,,4,68,,1,428,63,13,9,1,4,1969
11,69,9,6,2112,5649,V,11I,5i,3U,Up,2,1,,3,74,,4,66,,1,1155,60,12,9,1,4,1969
11,69,9,7,2113,5650,V,11I,5i,3U,Up,0,1,,3,70,,4,68,,1,426,61,13,9,1,4,1969
11,69,9,6,2245,5651,V,11I,6h,3U,Up,0,2,4,1,59,,4,68,,1,425,60,12,9,2,4,1969
11,69,9,6,751,5652,D,11I,5i,3U,Up,0,1,,3,64,,4,68,,1,425,60,12,9,1,4,1969
11,69,10,1,822,5653,D,11I,5i,3U,Up,0,2,5,,65,,4,68,,1,427,62,13,9,2,4,1969
11,69,9,7,40,5654,V,11I,5i,3U,Up,6,2,3,1,60,,4,62,,1,2616,61,13,9,2,4,1969
11,69,10,1,119,5655,V,11I,5i,3U,Up,2,2,5,,69,,4,66,,1,1157,62,13,9,2,4,1969
11,69,9,7,233,5656,V,11H,9f,3U,Up,0,1,,3,45,,4,68,,1,426,61,13,9,1,4,1969
11,69,10,4,2246,5657,V,12I,2a,3U,Up,0,2,5,,66,,4,68,,1,430,65,13,10,2,4,1969
11,69,10,2,120,5658,V,11H,9f,3U,Up,3,2,3,1,51,,4,65,,1,1523,63,13,9,2,4,1969
11,69,9,7,752,5659,F,11H,3i,3U,Up,0,2,5,,61,,4,68,,1,426,61,13,9,2,4,1969
11,69,10,4,121,5660,V,09H,4c,3U,So,1,1,,3,71,,125,67,,1,795,65,13,10,1,4,1969
11,69,10,3,1709,5661,S,09H,4c,3U,So,0,1,,3,51,,125,68,,1,429,64,13,10,1,4,1969
11,69,9,7,1148,5662,K,10G,1g,3U,So,6,2,5,,63,,124,62,,1,2616,61,13,9,2,4,1969
11,69,10,6,1048,5663,K,10G,1g,3U,So,0,2,5,1,55,,124,68,,1,432,67,14,10,2,4,1969
11,69,10,6,1402,5664,K,10G,1g,3U,So,1,2,5,,70,,124,67,,1,797,67,14,10,2,4,1969
11,69,6,5,122,5665,V,10G,1g,3U,So,0,1,,3,55,,124,68,,1,403,38,8,6,1,4,1969
11,69,10,6,123,5666,V,10D,8h,2H,Vr,0,1,,3,54,,205,68,,1,432,67,14,10,1,3,1969
11,69,10,6,447,5667,V,10D,8h,2H,Vr,0,1,,3,63,,205,68,,1,432,67,14,10,1,3,1969
11,69,5,5,753,5668,F,18F,5c,1L,Ja,2,2,1,,69,,211,66,,1,1126,31,7,5,2,2,1969
11,69,8,5,754,5669,X,19E,2i,1L,Ja,1,2,2,,58,,211,67,,1,782,52,11,8,2,2,1969
11,69,9,5,755,5670,X,19E,2h,1L,Ja,0,2,4,1,48,,211,68,,1,424,59,12,9,2,2,1969
11,69,9,1,756,5671,X,19E,2h,1L,Ja,1,2,1,,45,,211,67,,1,785,55,11,8,2,2,1969
11,69,9,5,757,5672,X,19E,2h,1L,Ja,2,1,,3,67,,211,66,,1,1154,59,12,9,1,2,1969
11,69,9,6,633,5673,X,18E,8j,1L,Ja,2,2,2,,58,,211,66,,1,1155,60,12,9,2,2,1969
11,69,9,7,634,5674,X,18E,8j,1L,Ja,2,2,2,,54,,211,66,,1,1156,61,13,9,2,2,1969
11,69,9,4,758,5675,X,19E,2h,1L,Ja,0,2,1,,45,,424,68,,1,423,58,12,9,2,2,1969
11,69,9,5,635,5676,X,19E,2h,1L,Ja,0,1,,3,64,,211,68,,1,424,59,12,9,1,2,1969
11,69,9,6,759,5677,X,18E,8j,1L,Ja,1,2,1,,49,,211,67,,1,790,60,12,9,2,2,1969
11,69,10,5,1149,5678,V,11E,4f,2H,Vs,0,1,,3,57,,172,68,,1,431,66,14,10,1,4,1969
11,69,10,1,124,5679,V,11D,2d,2H,Vr,0,1,,3,64,,366,68,,1,427,62,13,9,1,3,1969
11,69,8,7,350,5680,V,11D,2d,2H,Vr,4,2,5,,,,366,64,,1,1879,54,11,8,2,3,1969
11,69,9,7,510,5681,X,18E,3c,1L,Ja,1,1,,3,45,,470,67,,1,791,61,13,9,1,2,1969
11,69,9,7,636,5682,X,18E,3c,1L,Ja,2,1,,3,71,,470,66,,1,1156,61,13,9,1,2,1969
11,69,9,7,823,5683,X,18E,3c,1L,Ja,1,2,1,,38,,470,67,,1,791,61,13,9,2,2,1969
11,69,9,7,511,5684,X,18E,3c,1L,Ja,6,1,,3,62,,470,62,,1,2616,61,13,9,1,2,1969
11,69,10,5,512,5685,X,18E,3c,1L,Ja,2,1,,3,68,,470,66,,1,1161,66,14,10,1,2,1969
11,69,10,6,513,5686,X,18E,3c,1L,Ja,2,2,2,,57,,470,66,,1,1162,67,14,10,2,2,1969
11,69,10,6,700,5687,F,10H,1g,3U,So,0,2,5,,46,,138,68,,1,432,67,14,10,2,4,1969
11,69,11,2,903,5688,F,10H,1g,3U,So,3,1,,3,54,,138,65,,1,1530,70,14,10,1,4,1969
11,69,10,6,351,5689,V,11F,8b,2H,Vs,0,1,,3,63,,272,68,,1,432,67,14,10,1,4,1969
11,69,10,5,125,5690,V,12F,6b,2H,Dr,1,1,,3,59,,184,67,,1,796,66,14,10,1,3,1969
11,69,10,7,904,5691,S,12F,6b,2H,Dr,0,1,,3,71,,184,68,,1,433,68,14,10,1,3,1969
11,69,10,4,234,5692,V,12I,6f,3U,Up,6,1,,3,68,,24,62,,1,2620,65,13,10,1,4,1969
11,69,10,5,235,5693,V,12I,6f,3U,Up,2,1,,3,62,,24,66,,1,1161,66,14,10,1,4,1969
11,69,10,6,448,5694,V,12I,6f,3U,Up,3,2,4,1,52,,24,65,,1,1527,67,14,10,2,4,1969
11,69,10,6,126,5695,V,12I,6f,3U,Up,0,1,,3,66,,24,68,,1,432,67,14,10,1,4,1969
11,69,11,1,236,5696,V,12I,6f,3U,Up,2,1,,3,70,,24,66,,1,1164,69,14,10,1,4,1969
11,69,9,2,3019,5697,V,12I,6f,3U,Up,3,1,,3,65,,24,65,,1,1516,56,12,8,1,4,1969
11,69,8,7,3020,5698,G,12I,6f,3U,Up,0,1,,3,55,,24,68,,1,419,54,11,8,1,4,1969
11,69,10,2,3021,5699,V,12I,6f,3U,Up,4,1,,3,75,,24,64,,1,1888,63,13,9,1,4,1969
11,69,9,5,3022,5700,G,12I,6f,3U,Up,3,2,5,,52,,24,65,,1,1519,59,12,9,2,4,1969
11,69,11,1,3023,5701,S,10I,7e,3U,Up,0,2,5,,51,,93,68,,1,434,69,14,10,2,4,1969
11,69,10,2,701,5702,X,20E,5j,1L,Ja,4,2,1,,43,,348,64,,1,1888,63,13,9,2,2,1969
11,69,11,2,702,5703,X,18E,3f,1L,Ja,1,2,2,,39,,297,67,,1,800,70,14,10,2,2,1969
11,69,11,1,703,5704,F,09G,7d,3U,So,1,1,,3,53,,210,67,,1,799,69,14,10,1,4,1969
11,69,11,2,704,5705,F,10G,4d,3U,So,2,1,,3,,,27,66,,1,1165,70,14,10,1,4,1969
11,69,10,2,2114,5706,V,10E,7f,2H,Vr,3,2,4,1,77,,249,65,,1,1523,63,13,9,2,3,1969
11,69,10,7,905,5707,X,20E,8e,1L,Ja,1,1,,3,62,,112,67,,1,798,68,14,10,1,2,1969
11,69,10,6,637,5708,X,18F,3c,1L,Ja,0,2,2,,52,,35,68,,1,432,67,14,10,2,2,1969
11,69,11,1,705,5709,X,18F,3c,1L,Ja,2,2,2,,53,,35,66,,1,1164,69,14,10,2,2,1969
11,69,10,4,237,5710,V,10E,7f,2H,Vr,7,1,,3,79,,249,61,,1,2985,65,13,10,1,3,1969
11,69,9,5,2247,5711,S,10I,2j,3U,So,0,2,4,1,59,,256,68,,1,424,59,12,9,2,4,1969
11,69,9,7,2115,5712,S,10I,2j,3U,So,0,1,,3,65,,256,68,,1,426,61,13,9,1,4,1969
11,69,10,1,41,5713,S,10I,2j,3U,So,2,1,,3,66,,256,66,,1,1157,62,13,9,1,4,1969
11,68,52,6,1403,5714,K,10I,2j,3U,So,3,1,,3,64,,256,65,,1,1458,363,73,52,1,4,1968
11,68,52,6,1049,5715,K,10I,2j,3U,So,2,2,1,,62,,256,66,,1,1093,363,73,52,2,4,1968
11,69,10,1,2248,5716,S,10I,2j,3U,So,1,2,4,1,58,,256,67,,1,792,62,13,9,2,4,1969
11,69,4,1,906,5717,D,10I,2j,3U,So,0,2,1,,57,,256,68,,1,385,20,4,3,2,4,1969
11,69,10,1,2116,5718,S,10I,2j,3U,So,4,2,2,,57,,256,64,,1,1887,62,13,9,2,4,1969
11,69,9,2,2323,5719,V,10I,2j,3U,So,0,1,,,68,,256,68,,1,421,56,12,8,1,4,1969
11,68,51,6,907,5720,F,10I,0c,3U,So,0,2,,,,,254,68,,1,356,356,72,51,2,4,1968
11,69,2,4,238,5721,V,10I,0c,3U,So,0,1,,3,78,,254,68,,1,374,9,2,2,1,4,1969
11,69,2,4,239,5722,V,10I,0c,3U,So,0,2,1,,65,,254,68,,1,374,9,2,2,2,4,1969
11,69,5,2,1404,5723,F,10I,0c,3U,So,0,1,,3,56,,254,68,,1,393,28,6,4,1,4,1969
11,69,6,7,127,5724,F,10I,0c,3U,So,3,1,,3,82,,254,65,,1,1500,40,8,6,1,4,1969
11,69,6,1,1710,5725,S,10I,0c,3U,So,5,1,,3,72,,254,63,,1,2224,34,7,5,1,4,1969
11,69,9,6,2249,5726,V,10I,0c,3U,So,0,2,5,,,,254,68,,1,425,60,12,9,2,4,1969
11,69,10,4,1332,5727,G,10I,0c,3U,So,2,1,,3,79,,254,66,,1,1160,65,13,10,1,4,1969
11,69,10,2,42,5728,V,10I,0c,3U,So,2,2,3,1,57,,254,66,,1,1158,63,13,9,2,4,1969
11,69,9,5,2250,5729,V,10I,0c,3U,So,4,2,4,3,79,,254,64,,1,1884,59,12,9,2,4,1969
11,69,10,7,240,5730,V,12E,1g,2H,Dr,2,2,,3,,,327,66,,1,1163,68,14,10,1,3,1969
11,69,7,6,3024,5731,V,11G,6d,3U,Vs,5,1,,3,64,,392,63,,1,2236,46,10,7,1,4,1969
11,69,10,2,241,5732,V,11D,2d,2H,Vr,3,2,5,,72,,366,65,,1,1523,63,13,9,2,3,1969
11,69,9,7,2324,5733,V,10E,7e,2H,Vr,1,2,4,1,66,,239,67,,1,791,61,13,9,2,3,1969
11,69,7,4,638,5734,X,19E,1c,1L,Ja,0,1,,3,59,,310,68,,1,409,44,9,7,1,2,1969
11,69,10,4,1611,5735,G,02C,7i,4S,Sk,0,1,,3,72,,263,68,,1,430,65,13,10,1,5,1969
11,69,8,7,1405,5736,K,02C,7i,4S,Sk,3,2,5,,86,,263,65,,1,1514,54,11,8,2,5,1969
11,69,6,7,1333,5737,K,02C,7i,4S,Sk,2,1,,3,97,,263,66,,1,1135,40,8,6,1,5,1969
11,69,6,7,1334,5738,K,02C,7i,4S,Sk,0,1,,3,73,,263,68,,1,405,40,8,6,1,5,1969
11,69,9,6,1335,5739,K,02C,7i,4S,Sk,0,1,,3,90,,263,68,,1,425,60,12,9,1,5,1969
11,69,9,5,706,5740,X,19E,4h,1L,Ja,1,1,,3,60,,451,67,,1,789,59,12,9,1,2,1969
11,69,6,3,824,5741,X,19E,2i,1L,Ja,2,1,,3,67,,451,66,,1,1131,36,8,6,1,2,1969
11,69,7,2,639,5742,X,19E,1c,1L,Ja,0,2,2,,67,,310,68,,1,407,42,9,6,2,2,1969
11,69,10,3,449,5743,V,18C,0f,1L,Hr,1,2,,,51,,299,67,,1,794,64,13,10,2,2,1969
11,69,11,2,707,5744,F,11E,4e,2H,Vs,0,1,,3,54,,473,68,,1,435,70,14,10,1,4,1969
11,69,11,2,242,5745,V,11F,7h,2H,Vs,8,2,4,3,51,,272,60,,1,3355,70,14,10,2,4,1969
11,69,11,1,640,5746,X,18G,7d,1L,Ja,3,1,,3,54,,307,65,,1,1529,69,14,10,1,2,1969
11,69,11,3,708,5747,X,18G,7d,1L,Ja,1,1,,3,46,,307,67,,1,801,71,15,11,1,2,1969
11,69,11,4,825,5748,X,19E,2g,1L,Ja,0,1,,3,,,171,68,,1,437,72,15,11,1,2,1969
11,69,11,1,514,5749,V,11C,8a,2H,Vr,2,1,,1,60,,397,66,,1,1164,69,14,10,1,3,1969
11,69,11,4,826,5750,X,20E,4j,1L,Ja,2,2,3,,55,,352,66,,1,1167,72,15,11,2,2,1969
11,69,10,6,2325,5751,V,09F,3g,3U,Og,0,2,4,1,,44,43,68,,1,432,67,14,10,2,5,1969
11,69,10,4,2117,5752,V,10G,1d,3U,So,2,1,,3,,59,43,66,,1,1160,65,13,10,1,4,1969
11,69,10,4,2118,5753,V,10G,1d,3U,So,0,1,,3,,64,43,68,,1,430,65,13,10,1,4,1969
11,69,10,4,2251,5754,V,10G,1d,3U,So,0,2,1,,,40,43,68,,1,430,65,13,10,2,4,1969
11,69,10,4,43,5755,V,10G,1d,3U,So,1,1,,3,,65,43,67,,1,795,65,13,10,1,4,1969
11,69,10,4,128,5756,V,10G,1d,3U,So,1,1,,3,,55,43,67,,1,795,65,13,10,1,4,1969
11,69,10,4,2049,5757,V,09F,2e,3U,Og,1,2,4,2,,47,43,67,,1,795,65,13,10,2,5,1969
11,69,10,4,2326,5758,V,09F,2e,3U,Og,0,2,4,1,,53,43,68,,1,430,65,13,10,2,5,1969
11,69,10,5,44,5759,V,09F,2e,3U,Og,0,1,,3,,71,43,68,,1,431,66,14,10,1,5,1969
11,69,10,7,2252,5760,V,09F,2e,3U,Og,2,2,4,1,,50,43,66,,1,1163,68,14,10,2,5,1969
11,69,10,7,45,5761,V,09F,2e,3U,Og,2,2,2,1,,60,43,66,,1,1163,68,14,10,2,5,1969
11,69,11,1,827,5762,F,09G,6c,3U,Og,5,1,,3,,55,43,63,,1,2259,69,14,10,1,5,1969
11,69,11,3,828,5763,F,09G,6c,3U,Og,7,2,4,1,,40,43,61,,1,2991,71,15,11,2,5,1969
11,69,11,3,2253,5764,V,09F,3g,3U,Og,4,1,,3,73,,43,64,,1,1896,71,15,11,1,5,1969
11,69,10,3,2119,5765,V,09F,5h,3U,Og,2,2,1,,,39,43,66,,1,1159,64,13,10,2,5,1969
11,69,11,5,829,5766,X,20E,4j,1L,Ja,2,1,,3,66,,352,66,,1,1168,73,15,11,1,2,1969
11,69,11,1,641,5767,F,18F,3c,1L,Ja,0,2,4,2,57,,35,68,,1,434,69,14,10,2,2,1969
11,69,11,5,709,5768,X,18F,3c,1L,Ja,0,1,,3,54,,35,68,,1,438,73,15,11,1,2,1969
11,69,9,1,642,5769,X,16E,2b,1L,Hr,2,2,1,,,,204,66,,1,1150,55,11,8,2,2,1969
11,69,9,3,643,5770,X,16E,2b,1L,Hr,2,2,1,,,,204,66,,1,1152,57,12,9,2,2,1969
11,69,8,3,710,5771,X,16E,2b,1L,Hr,1,2,2,,,,204,67,,1,780,50,10,8,2,2,1969
11,69,9,6,830,5772,X,16E,2b,1L,Hr,3,1,,3,54,,204,65,,1,1520,60,12,9,1,2,1969
11,69,9,5,515,5773,X,16E,2b,1L,Hr,2,1,,3,63,,204,66,,1,1154,59,12,9,1,2,1969
11,69,10,3,644,5774,X,16E,2b,1L,Hr,1,1,,3,55,,204,67,,1,794,64,13,10,1,2,1969
11,69,10,7,1406,5775,D,11I,0a,3U,Up,2,2,2,1,51,,62,66,,1,1163,68,14,10,2,4,1969
11,69,10,7,1050,5776,G,09G,7a,3U,Og,0,2,1,,47,,43,68,,1,433,68,14,10,2,5,1969
11,69,11,1,2120,5777,V,10E,7f,2H,Vr,0,1,,3,60,,249,68,,1,434,69,14,10,1,3,1969
11,69,10,0,3025,5778,U,02D,8c,4S,Sk,0,1,,3,78,,278,68,,1,430,65,13,10,1,5,1969
11,69,6,5,3026,5779,U,02D,8c,4S,Sk,0,2,4,1,60,,278,68,,1,403,38,8,6,2,5,1969
11,69,10,3,3027,5780,U,02D,8c,4S,Sk,0,1,,3,80,,278,68,,1,429,64,13,10,1,5,1969
11,69,9,6,3028,5781,U,02D,8c,4S,Sk,1,1,,3,90,,278,67,,1,790,60,12,9,1,5,1969
11,69,10,6,3029,5782,U,02D,8c,4S,Sk,1,1,,3,80,,278,67,,1,797,67,14,10,1,5,1969
11,69,9,3,2327,5783,V,10I,1b,3U,So,1,2,2,,63,,206,67,,1,787,57,12,9,2,4,1969
11,69,9,2,2254,5784,V,10I,1b,3U,So,0,1,,3,54,,206,68,,1,421,56,12,8,1,4,1969
11,69,7,6,2328,5785,V,10I,1b,3U,So,2,1,,3,75,,206,66,,1,1141,46,10,7,1,4,1969
11,69,9,6,129,5786,V,10I,1b,3U,So,2,1,,3,68,,206,66,,1,1155,60,12,9,1,4,1969
11,69,11,3,2329,5787,V,10E,7f,2H,Vr,0,1,,3,62,,249,68,,1,436,71,15,11,1,3,1969
11,69,11,4,1853,5788,S,09H,1e,3U,So,3,2,5,,65,,125,65,,1,1532,72,15,11,2,4,1969
11,69,10,5,3030,5789,F,10E,7c,2H,Vr,0,2,,,,,46,68,,1,440,75,15,11,2,3,1969
11,69,10,4,711,5790,X,18F,5c,1L,Ja,5,2,2,,45,,420,63,,1,2255,65,13,10,2,2,1969
11,69,11,6,1336,5791,D,12H,7h,3U,Up,1,1,,3,66,,4,67,,1,804,74,15,11,1,4,1969
11,69,10,5,2255,5792,V,12I,5i,3U,Up,1,1,,3,66,,4,67,,1,796,66,14,10,1,4,1969
11,69,11,3,46,5793,V,12I,5i,3U,Up,0,1,,3,64,,4,68,,1,436,71,15,11,1,4,1969
11,69,10,6,243,5794,V,12I,5i,3U,Up,1,1,,3,69,,4,67,,1,797,67,14,10,1,4,1969
11,69,10,6,2121,5795,V,12H,4j,3U,Up,0,1,,3,64,,4,68,,1,432,67,14,10,1,4,1969
11,69,10,1,244,5796,V,12H,4j,3U,Up,1,2,4,1,66,,4,67,,1,792,62,13,9,2,4,1969
11,69,11,1,516,5797,V,11H,9f,3U,Up,4,2,3,1,56,,4,64,,1,1894,69,14,10,2,4,1969
11,69,10,4,47,5798,V,12H,4j,3U,Up,0,1,,3,57,,4,68,,1,430,65,13,10,1,4,1969
11,69,11,4,1854,5799,S,10I,7e,3U,Up,0,1,,3,62,,93,68,,1,437,72,15,11,1,4,1969
11,69,11,6,712,5800,X,18E,3f,1L,Ja,0,2,1,,35,,297,68,,1,439,74,15,11,2,2,1969
11,69,11,6,713,5801,X,20F,8e,1L,Ja,2,2,1,,53,,250,66,,1,1169,74,15,11,2,2,1969
11,69,11,2,517,5802,X,18E,3d,1L,Ja,1,2,2,,58,,470,67,,1,800,70,14,10,2,2,1969
11,69,11,4,645,5803,X,18G,7d,1L,Ja,2,1,,3,61,,307,66,,1,1167,72,15,11,1,2,1969
11,69,11,6,714,5804,X,18G,7d,1L,Ja,4,2,4,1,50,,307,64,,1,1899,74,15,11,2,2,1969
11,69,11,7,715,5805,X,16E,2b,1L,Hr,2,1,,3,54,,204,66,,1,1170,75,15,11,1,2,1969
11,69,10,2,646,5806,X,17F,5a,1L,Ja,2,1,,3,59,,16,66,,1,1158,63,13,9,1,2,1969
11,69,10,5,716,5807,X,17F,5a,1L,Ja,2,2,1,,49,,16,66,,1,1161,66,14,10,2,2,1969
11,69,11,2,1051,5808,X,17F,5a,1L,Ja,5,2,1,,46,,16,63,,1,2260,70,14,10,2,2,1969
11,69,11,7,518,5809,X,17F,5a,1L,Ja,2,1,,3,59,,16,66,,1,1170,75,15,11,1,2,1969
11,69,11,2,1941,5810,S,10I,7h,3U,Up,0,2,5,,59,,76,68,,1,435,70,14,10,2,4,1969
11,69,12,2,647,5811,X,19E,1c,1L,Ja,2,1,,3,74,,310,66,,1,1172,77,16,11,1,2,1969
11,69,11,3,2330,5812,V,09G,3e,3U,Og,0,2,4,1,54,,280,68,,1,436,71,15,11,2,5,1969
11,69,11,7,648,5813,X,19D,5f,1L,Ja,1,1,,3,75,,212,67,,1,805,75,15,11,1,2,1969
11,69,10,1,2122,5814,V,10E,1d,3U,Na,0,1,,3,61,,406,68,,1,427,62,13,9,1,4,1969
11,69,11,5,717,5815,X,18F,0c,1L,Ja,0,1,,3,48,,102,68,,1,438,73,15,11,1,2,1969
11,69,11,7,718,5816,X,18F,0c,1L,Ja,2,1,,3,62,,102,66,,1,1170,75,15,11,1,2,1969
11,69,11,4,719,5817,X,18F,0c,1L,Ja,2,1,,3,72,,102,66,,1,1167,72,15,11,1,2,1969
11,69,10,7,649,5818,F,19G,1e,1L,Ja,0,1,,3,65,,271,68,,1,433,68,14,10,1,2,1969
11,69,11,7,650,5819,F,19G,1e,1L,Ja,2,1,,3,75,,271,66,,1,1170,75,15,11,1,2,1969
11,69,5,7,130,5820,S,08F,3j,3U,Og,0,1,,3,56,,196,68,,1,398,33,7,5,1,5,1969
11,69,5,6,651,5821,S,08F,3j,3U,Og,1,1,,2,80,,196,67,,1,762,32,7,5,1,5,1969
11,69,11,3,1533,5822,S,08F,3j,3U,Og,4,2,,,60,,196,64,,1,1896,71,15,11,2,5,1969
11,69,11,3,1534,5823,S,08F,3j,3U,Og,1,1,,3,80,,196,67,,1,801,71,15,11,1,5,1969
11,69,12,1,1535,5824,L,11H,3j,3U,Up,0,2,5,,55,,341,68,,1,441,76,16,11,2,4,1969
11,69,9,3,831,5825,X,18D,4c,1L,Hr,0,1,,3,46,,19,68,,1,422,57,12,9,1,2,1969
11,69,11,3,720,5826,X,18D,4c,1L,Hr,3,2,3,1,43,,19,65,,1,1531,71,15,11,2,2,1969
11,69,11,6,721,5827,X,18D,4c,1L,Hr,1,1,,3,52,,19,67,,1,804,74,15,11,1,2,1969
11,69,10,1,722,5828,X,18D,4c,1L,Hr,1,2,1,,54,,19,67,,1,792,62,13,9,2,2,1969
11,69,11,4,723,5829,X,18D,4c,1L,Hr,1,2,,,46,,19,67,,1,802,72,15,11,2,2,1969
11,69,11,5,352,5830,V,11C,3i,2H,Vr,3,2,5,,58,,427,65,,1,1533,73,15,11,2,3,1969
11,69,11,2,48,5831,V,11C,0i,2H,Vr,3,1,,3,54,,427,65,,1,1530,70,14,10,1,3,1969
11,69,11,6,353,5832,V,11C,5g,2H,Vr,2,2,4,1,61,,427,66,,1,1169,74,15,11,2,3,1969
11,69,11,6,49,5833,V,10E,4c,2H,Vr,0,1,,,,55,361,68,,1,439,74,15,11,1,3,1969
11,69,11,6,245,5834,V,10E,4c,2H,Vr,1,2,5,,,55,361,67,,1,804,74,15,11,2,3,1969
11,69,9,2,1052,5835,D,11I,4f,3U,Up,1,1,,3,49,,23,67,,1,786,56,12,8,1,4,1969
11,69,11,5,1855,5836,S,11I,4f,3U,Up,0,1,,3,54,,23,68,,1,438,73,15,11,1,4,1969
11,69,11,5,1407,5837,S,11I,4f,3U,Up,1,1,,3,57,,23,67,,1,803,73,15,11,1,4,1969
11,69,11,3,131,5838,V,11F,2f,2H,Vs,1,2,1,,54,,410,67,,1,801,71,15,11,2,4,1969
11,69,11,1,3031,5839,F,11F,2f,2H,Vs,2,1,,3,68,,410,66,,1,1164,69,14,10,1,4,1969
11,69,8,8,3032,5840,U,29K,4j,1L,Lp,1,1,,3,,,368,67,,1,781,51,-9,-9,1,2,1969
11,69,8,8,3033,5841,U,29K,4j,1L,Lp,2,1,,3,,,368,66,,1,1146,51,-9,-9,1,2,1969
11,69,8,8,3034,5842,U,29K,4j,1L,Lp,1,1,,3,,,368,67,,1,781,51,-9,-9,1,2,1969
11,69,8,8,3035,5843,U,29K,4j,1L,Lp,2,1,,3,,,368,66,,1,1146,51,-9,-9,1,2,1969
11,69,8,8,3036,5844,U,29K,4j,1L,Lp,1,1,,3,,,368,67,,1,781,51,-9,-9,1,2,1969
11,68,49,9,3037,5845,U,29K,4j,1L,Lp,1,1,,1,,,368,67,,1,705,340,-9,-9,1,2,1968
11,68,49,9,3038,5846,U,29K,4j,1L,Lp,0,2,1,,,,368,68,,1,340,340,-9,-9,2,2,1968
11,69,8,8,3039,5847,U,29K,4j,1L,Lp,0,1,,3,,,368,68,,1,416,51,-9,-9,1,2,1969
11,68,49,9,3040,5848,U,29K,4j,1L,Lp,1,2,1,,,,368,67,,1,705,340,-9,-9,2,2,1968
11,68,49,9,3041,5849,U,29K,4j,1L,Lp,1,2,1,,,,368,67,,1,705,340,-9,-9,2,2,1968
11,68,49,9,3042,5850,U,29K,4j,1L,Lp,0,1,,1,,,368,68,,1,340,340,-9,-9,1,2,1968
11,68,49,9,3043,5851,U,29K,4j,1L,Lp,7,1,,,,,368,61,,1,2895,340,-9,-9,1,2,1968
11,68,49,9,3044,5852,U,29K,4j,1L,Lp,1,2,,,,,368,67,,1,705,340,-9,-9,2,2,1968
11,69,12,2,724,5853,X,20F,8e,1L,Ja,0,2,2,,46,,250,68,,1,442,77,16,11,2,2,1969
11,69,11,6,832,5854,K,10G,1g,3U,So,2,2,5,,52,,124,66,,1,1169,74,15,11,2,4,1969
11,69,11,6,1053,5855,K,10G,1g,3U,So,0,1,,3,65,,124,68,,1,439,74,15,11,1,4,1969
11,69,11,6,1054,5856,K,10G,1g,3U,So,0,1,,3,58,,124,68,,1,439,74,15,11,1,4,1969
11,69,10,6,725,5857,X,18F,6a,1L,Ja,5,2,1,,,,52,63,,1,2257,67,14,10,2,2,1969
11,69,11,6,3045,5858,X,18F,5c,1L,Ja,2,2,2,,45,,52,66,,1,1169,74,15,11,2,2,1969
11,69,10,6,652,5859,X,18E,6h,1L,Ja,2,2,1,,,,52,66,,1,1162,67,14,10,2,2,1969
11,69,11,3,653,5860,X,18F,5c,1L,Ja,0,1,,,40,,52,68,,1,436,71,15,11,1,2,1969
11,69,11,6,654,5861,X,18F,6a,1L,Ja,2,2,3,1,55,,52,66,,1,1169,74,15,11,2,2,1969
11,69,9,1,1150,5862,V,11D,3h,2H,Vr,0,1,,3,63,,170,68,,1,420,55,11,8,1,3,1969
11,69,8,7,354,5863,V,11C,1j,2H,Vr,6,1,,3,67,,170,62,,1,2609,54,11,8,1,3,1969
11,69,9,1,50,5864,V,11D,3h,2H,Vr,2,1,,3,65,,170,66,,1,1150,55,11,8,1,3,1969
11,69,10,3,2256,5865,V,11D,3h,2H,Vr,0,1,,3,55,,170,68,,1,429,64,13,10,1,3,1969
11,69,9,7,132,5866,V,10D,8c,2H,Vr,3,2,,,,,140,65,,1,1521,61,13,9,2,3,1969
11,69,10,2,1942,5867,V,10D,8b,2H,Vr,0,1,,3,53,,170,68,,1,428,63,13,9,1,3,1969
11,69,9,4,246,5868,V,11C,1j,2H,Vr,3,2,,,53,,170,65,,1,1518,58,12,9,2,3,1969
11,69,7,3,1337,5869,G,10D,8c,2H,Vr,2,1,,3,,,140,66,,1,1138,43,9,7,1,3,1969
11,69,9,3,450,5870,V,10D,8b,2H,Vr,0,2,1,,54,,170,68,,1,422,57,12,9,2,3,1969
11,69,9,3,247,5871,V,10D,8c,2H,Vr,1,1,,,,,140,67,,1,787,57,12,9,1,3,1969
11,69,11,6,1856,5872,S,10I,2j,3U,So,0,2,5,,55,,256,68,,1,439,74,15,11,2,4,1969
11,69,12,4,726,5873,X,16E,6g,1L,Hr,2,2,4,1,51,,103,66,,1,1174,79,16,12,2,2,1969
11,69,12,1,833,5874,X,18F,5c,1L,Ja,0,1,,,60,,52,68,,1,441,76,16,11,1,2,1969
11,69,11,7,908,5875,X,18F,5c,1L,Ja,2,1,,,90,,52,66,,1,1170,75,15,11,1,2,1969
11,69,11,2,655,5876,X,18E,6h,1L,Ja,1,1,,,80,,52,67,,1,800,70,14,10,1,2,1969
11,69,10,7,519,5877,X,18E,6h,1L,Ja,2,1,,,50,,52,66,,1,1163,68,14,10,1,2,1969
11,69,11,7,656,5878,X,18F,5c,1L,Ja,2,1,,,90,,52,66,,1,1170,75,15,11,1,2,1969
11,69,11,1,727,5879,X,18F,6a,1L,Ja,4,1,,,70,,52,64,,1,1894,69,14,10,1,2,1969
11,69,10,7,657,5880,X,18F,6a,1L,Ja,5,1,,,55,,52,63,,1,2258,68,14,10,1,2,1969
11,69,12,2,1943,5881,S,10I,7h,3U,Up,3,2,5,,59,,76,65,,1,1537,77,16,11,2,4,1969
11,69,10,3,728,5882,X,19F,6e,1L,Ja,2,2,1,,61,,217,66,,1,1159,64,13,10,2,2,1969
11,69,12,4,658,5883,X,19F,6e,1L,Ja,1,2,3,,45,,217,67,,1,809,79,16,12,2,2,1969
11,69,12,5,834,5884,F,11H,2j,3U,Up,0,1,,3,61,,341,68,,1,445,80,16,12,1,4,1969
11,69,11,6,659,5885,X,18E,7f,1L,Ja,1,1,,3,63,,67,67,,1,804,74,15,11,1,2,1969
11,69,11,3,600,5886,X,18E,7f,1L,Ja,1,1,,3,53,,67,67,,1,801,71,15,11,1,2,1969
11,69,12,4,3046,5887,F,09G,7d,3U,So,1,1,,3,56,,210,67,,1,809,79,16,12,1,4,1969
11,69,12,1,520,5888,X,18E,3d,1L,Ja,4,1,,3,58,,470,64,,1,1901,76,16,11,1,2,1969
11,69,11,7,601,5889,X,18E,3d,1L,Ja,2,1,,3,62,,470,66,,1,1170,75,15,11,1,2,1969
11,69,11,7,521,5890,X,18E,3d,1L,Ja,0,2,4,1,54,,470,68,,1,440,75,15,11,2,2,1969
11,69,12,2,522,5891,X,18E,3c,1L,Ja,4,1,,3,61,,470,64,,1,1902,77,16,11,1,2,1969
11,69,11,5,729,5892,X,20E,8e,1L,Ja,2,2,2,,52,,112,66,,1,1168,73,15,11,2,2,1969
11,69,12,2,602,5893,X,20E,8e,1L,Ja,0,2,2,,47,,112,68,,1,442,77,16,11,2,2,1969
11,69,12,3,1857,5894,X,18E,3f,1L,Ja,1,1,,3,49,,297,67,,1,808,78,16,12,1,2,1969
11,69,12,2,1151,5895,X,19E,7d,1L,Ja,3,1,,3,59,,333,65,,1,1537,77,16,11,1,2,1969
11,69,12,3,523,5896,X,18E,3c,1L,Ja,2,1,,3,58,,470,66,,1,1173,78,16,12,1,2,1969
11,69,12,4,524,5897,X,18E,3c,1L,Ja,1,1,,3,72,,470,67,,1,809,79,16,12,1,2,1969
11,69,12,5,730,5898,X,18E,3c,1L,Ja,8,2,4,1,55,,470,58,,1,4095,80,16,12,2,2,1969
11,69,12,5,525,5899,X,18E,3d,1L,Ja,1,1,,3,71,,470,67,,1,810,80,16,12,1,2,1969
11,69,12,7,1408,5900,K,11I,1h,3U,Up,2,1,,3,68,,70,66,,1,1177,82,17,12,1,4,1969
11,69,12,4,2257,5901,V,10D,8h,2H,Vr,2,1,,3,64,,205,66,,1,1174,79,16,12,1,3,1969
11,69,12,4,133,5902,V,11C,5g,2H,Vr,0,1,,3,58,,427,68,,1,444,79,16,12,1,3,1969
11,69,12,4,51,5903,V,11C,3i,2H,Vr,0,1,,3,71,,427,68,,1,444,79,16,12,1,3,1969
11,69,12,5,603,5904,X,18F,3c,1L,Ja,4,2,5,,51,,35,64,,1,1905,80,16,12,2,2,1969
11,69,12,5,604,5905,X,19E,1c,1L,Ja,0,2,2,,41,,310,68,,1,445,80,16,12,2,2,1969
11,69,12,6,605,5906,X,19E,1c,1L,Ja,1,1,,3,74,,310,67,,1,811,81,17,12,1,2,1969
11,69,11,4,2258,5907,V,10I,7b,3U,Up,1,1,,3,90,,126,67,,1,802,72,15,11,1,4,1969
11,69,11,6,1055,5908,D,10I,7b,3U,Up,0,2,4,,56,,126,68,,1,439,74,15,11,2,4,1969
11,69,11,5,3047,5909,F,11E,4b,2H,Vr,0,1,,3,51,,95,68,,1,438,73,15,11,1,3,1969
11,69,12,6,731,5910,X,20E,4j,1L,Ja,1,2,3,1,55,,352,67,,1,811,81,17,12,2,2,1969
11,69,12,6,606,5911,X,20E,4j,1L,Ja,2,1,,3,57,,352,66,,1,1176,81,17,12,1,2,1969
11,69,11,4,607,5912,X,19E,3g,1L,Ja,0,2,4,1,49,,211,68,,1,437,72,15,11,2,2,1969
11,69,11,6,732,5913,X,19E,3g,1L,Ja,0,1,,3,50,,211,68,,1,439,74,15,11,1,2,1969
11,69,11,5,608,5914,F,19E,3i,1L,Ja,3,2,5,,65,,211,65,,1,1533,73,15,11,2,2,1969
11,69,10,5,733,5915,X,18F,8a,1L,Ja,2,2,2,,52,,211,66,,1,1161,66,14,10,2,2,1969
11,69,13,1,609,5916,X,19E,1c,1L,Ja,2,2,4,1,72,,310,66,,1,1178,83,17,12,2,2,1969
11,69,12,6,1536,5917,S,11C,6j,2H,Vr,0,1,,3,58,,288,68,,1,446,81,17,12,1,3,1969
11,69,12,6,734,5918,X,19E,4a,1L,Ja,7,2,4,1,56,,342,61,,1,3001,81,17,12,2,2,1969
11,69,13,1,134,5919,V,10H,7e,3U,So,0,2,5,,61,,382,68,,1,448,83,17,12,2,4,1969
11,69,11,4,2259,5920,V,10H,7e,3U,So,0,2,5,,61,,382,68,,1,437,72,15,11,2,4,1969
11,69,10,3,52,5921,V,10H,5g,3U,So,1,1,,3,68,,382,67,,1,794,64,13,10,1,4,1969
11,69,12,7,2331,5922,V,10H,7e,3U,So,0,1,,3,60,,382,68,,1,447,82,17,12,1,4,1969
11,69,13,1,53,5923,V,10H,7e,3U,So,0,1,,3,55,,382,68,,1,448,83,17,12,1,4,1969
11,69,12,5,526,5924,V,18F,2g,1L,Ja,0,1,,3,,,115,68,,1,445,80,16,12,1,2,1969
11,69,10,1,248,5925,V,19G,1e,1L,Ja,1,1,,3,69,,399,67,,1,792,62,13,9,1,2,1969
11,69,12,3,135,5926,V,19G,1e,1L,Ja,2,2,4,1,52,,399,66,,1,1173,78,16,12,2,2,1969
11,69,12,4,1612,5927,S,12F,6b,2H,Dr,6,1,,3,59,,184,62,,1,2634,79,16,12,1,3,1969
11,69,12,5,2332,5928,V,10E,7f,2H,Vr,0,2,6,1,49,,249,68,,1,445,80,16,12,2,3,1969
11,69,12,6,1537,5929,L,09H,2a,3U,So,2,2,5,,52,,280,66,,1,1176,81,17,12,2,4,1969
11,69,12,4,136,5930,V,13I,2c,3U,Up,1,2,4,1,59,,4,67,,1,809,79,16,12,2,4,1969
11,69,12,2,1711,5931,V,13I,2c,3U,Up,5,2,5,,45,,4,63,,1,2267,77,16,11,2,4,1969
11,69,11,5,2123,5932,V,11I,6h,3U,Up,0,1,,3,65,,4,68,,1,438,73,15,11,1,4,1969
11,69,12,2,1257,5933,F,11I,6h,3U,Up,0,1,,3,64,,4,68,,1,442,77,16,11,1,4,1969
11,69,12,6,735,5934,F,20E,0e,1L,Ja,8,2,5,,61,,403,60,,1,3366,81,17,12,2,2,1969
11,69,12,6,2200,5935,V,10E,7f,2H,Vr,2,2,4,1,43,,249,66,,1,1176,81,17,12,2,3,1969
11,69,13,2,736,5936,F,10D,8g,2H,Vr,0,2,5,,80,,144,68,,1,449,84,17,12,2,3,1969
11,69,10,6,54,5937,V,12D,4f,2H,Vr,5,2,4,1,79,,425,63,,1,2257,67,14,10,2,3,1969
11,69,12,5,610,5938,X,20E,8e,1L,Ja,1,1,,3,64,,112,67,,1,810,80,16,12,1,2,1969
11,69,12,7,1258,5939,K,02D,8c,4S,Sk,0,2,5,,82,,278,68,,1,447,82,17,12,2,5,1969
11,69,12,3,2333,5940,V,11D,5b,2H,Vr,6,1,,3,78,,312,62,,1,2633,78,16,12,1,3,1969
11,69,12,6,249,5941,V,10E,7e,2H,Vr,1,1,,,72,,239,67,,1,811,81,17,12,1,3,1969
11,69,11,6,250,5942,V,10E,7e,2H,Vr,4,1,,,75,,239,64,,1,1899,74,15,11,1,3,1969
11,69,11,5,55,5943,V,10E,7e,2H,Vr,0,1,,3,65,,239,68,,1,438,73,15,11,1,3,1969
11,69,13,2,2334,5944,V,10E,7f,2H,Vr,5,2,5,,85,,249,63,,1,2274,84,17,12,2,3,1969
11,69,13,2,527,5945,X,18F,6a,1L,Ja,0,2,4,1,45,,52,68,,1,449,84,17,12,2,2,1969
11,69,12,6,528,5946,X,18F,5c,1L,Ja,4,1,,,50,,52,64,,1,1906,81,17,12,1,2,1969
11,69,12,3,1056,5947,X,18F,6a,1L,Ja,0,2,4,3,30,,52,68,,1,443,78,16,12,2,2,1969
11,69,12,5,611,5948,X,18F,5c,1L,Ja,1,2,4,1,40,,52,67,,1,810,80,16,12,2,2,1969
11,69,12,7,529,5949,X,18F,5c,1L,Ja,2,1,,,85,,52,66,,1,1177,82,17,12,1,2,1969
11,69,12,6,3048,5950,X,18F,5c,1L,Ja,1,2,3,1,60,,52,67,,1,811,81,17,12,2,2,1969
11,69,12,5,737,5951,X,18F,5c,1L,Ja,2,1,,,80,,52,66,,1,1175,80,16,12,1,2,1969
11,69,8,7,451,5952,V,10I,0g,3U,So,0,1,,3,81,,245,68,,1,419,54,11,8,1,4,1969
11,69,9,3,452,5953,V,10I,0g,3U,So,6,1,,3,70,,245,62,,1,2612,57,12,9,1,4,1969
11,69,9,7,453,5954,V,10I,0g,3U,So,0,1,,3,59,,245,68,,1,426,61,13,9,1,4,1969
11,69,8,2,3049,5955,U,10I,0g,3U,So,0,2,1,,54,,245,68,,1,414,49,10,7,2,4,1969
11,69,8,2,3050,5956,U,10I,0g,3U,So,1,2,1,,55,,245,67,,1,779,49,10,7,2,4,1969
11,69,11,6,454,5957,V,10H,5g,3U,So,5,1,,3,75,,355,63,,1,2264,74,15,11,1,4,1969
11,69,11,7,455,5958,U,10H,5g,3U,So,0,1,,3,52,,355,68,,1,440,75,15,11,1,4,1969
11,69,13,7,1338,5959,K,10I,0g,3U,So,1,2,5,,69,,245,67,,1,819,89,18,13,2,4,1969
11,69,10,7,909,5960,G,12I,1f,3U,Up,2,2,5,,70,,434,66,,1,1163,68,14,10,2,4,1969
11,69,13,6,1712,5961,S,10I,7a,3U,So,4,1,,3,82,,444,64,,1,1913,88,18,13,1,4,1969
11,69,10,3,137,5962,V,11I,2b,3U,Up,2,2,5,,,,89,66,,1,1159,64,13,10,2,4,1969
11,69,13,2,2201,5963,V,11I,4c,3U,Up,2,2,5,,,,89,66,,1,1179,84,17,12,2,4,1969
11,69,11,7,3051,5964,U,09H,7f,3U,So,4,1,,,,,117,64,,1,1900,75,15,11,1,4,1969
11,69,5,7,835,5965,X,19E,0g,1L,Ja,0,1,,3,53,,133,68,,1,398,33,7,5,1,2,1969
11,69,6,0,3052,5966,X,19E,0g,1L,Ja,2,1,,3,69,,133,66,,1,1132,37,8,6,1,2,1969
11,69,6,4,738,5967,X,19E,3h,1L,Ja,1,1,,3,61,,133,67,,1,767,37,8,6,1,2,1969
11,69,12,6,3053,5968,V,11C,3i,2H,Vr,0,2,4,1,62,,427,68,,1,446,81,17,12,2,3,1969
11,69,13,1,3054,5969,K,11C,0i,2H,Vr,0,1,,3,68,,427,68,,1,448,83,17,12,1,3,1969
11,69,13,4,56,5970,V,10D,8h,2H,Vr,0,1,,3,56,,205,68,,1,451,86,18,13,1,3,1969
11,69,12,6,739,5971,X,18D,4c,1L,Hr,5,2,2,,54,,19,63,,1,2271,81,17,12,2,2,1969
11,69,13,5,612,5972,X,19D,5f,1L,Ja,0,2,5,1,43,,212,68,,1,452,87,18,13,2,2,1969
11,69,13,4,740,5973,X,18E,3f,1L,Ja,1,2,4,2,44,,297,67,,1,816,86,18,13,2,2,1969
11,69,13,4,251,5974,V,11F,8b,2H,Vs,1,1,,3,70,,272,67,,1,816,86,18,13,1,4,1969
11,69,11,5,355,5975,V,11F,7h,2H,Vs,5,2,4,1,55,,272,63,,1,2263,73,15,11,2,4,1969
11,69,11,3,910,5976,F,11F,8b,2H,Vs,3,1,,3,60,,272,65,,1,1531,71,15,11,1,4,1969
11,69,13,6,836,5977,S,10H,7e,3U,So,1,2,5,,66,,382,67,,1,818,88,18,13,2,4,1969
11,69,13,3,2202,5978,V,12I,6f,3U,Up,0,2,4,1,50,,24,68,,1,450,85,17,13,2,4,1969
11,69,13,3,2335,5979,V,12I,6f,3U,Up,0,1,,3,51,,24,68,,1,450,85,17,13,1,4,1969
11,69,13,1,741,5980,F,12I,6f,3U,Up,0,2,1,,40,,24,68,,1,448,83,17,12,2,4,1969
11,69,13,4,2336,5981,V,11E,8d,2H,Vr,3,2,4,1,,,162,65,,1,1546,86,18,13,2,3,1969
11,69,13,6,456,5982,V,10C,8i,2H,Vr,4,2,5,,76,,151,64,,1,1913,88,18,13,2,3,1969
11,69,13,4,2337,5983,V,10G,1g,3U,So,2,2,5,,72,,124,66,,1,1181,86,18,13,2,4,1969
11,69,13,6,911,5984,K,10G,1g,3U,So,0,2,5,,60,,124,68,,1,453,88,18,13,2,4,1969
11,69,12,6,252,5985,V,19G,1e,1L,Ja,2,2,5,,65,,271,66,,1,1176,81,17,12,2,2,1969
11,69,13,6,742,5986,X,16E,6g,1L,Hr,1,1,,3,55,,103,67,,1,818,88,18,13,1,2,1969
11,69,13,6,253,5987,V,11D,2d,2H,Vr,2,1,,3,,,366,66,,1,1183,88,18,13,1,3,1969
11,69,13,6,2338,5988,V,11D,2d,2H,Vr,1,1,,3,80,,366,67,,1,818,88,18,13,1,3,1969
11,69,13,5,613,5989,V,11C,0b,2H,Vr,2,2,4,1,50,,187,66,,1,1182,87,18,13,2,3,1969
11,69,13,3,57,5990,V,12F,6b,2H,Dr,1,2,5,,64,,184,67,,1,815,85,17,13,2,3,1969
11,69,13,6,58,5991,V,12F,6b,2H,Dr,0,2,4,2,52,,184,68,,1,453,88,18,13,2,3,1969
11,69,12,6,59,5992,V,09F,9g,3U,Na,2,1,,3,73,,369,66,,1,1176,81,17,12,1,4,1969
11,69,12,7,138,5993,V,09F,9g,3U,Na,0,1,,3,61,,369,68,,1,447,82,17,12,1,4,1969
11,69,13,1,254,5994,V,09F,8f,3U,Na,2,2,5,,79,,369,66,,1,1178,83,17,12,2,4,1969
11,69,13,7,2124,5995,V,11E,3f,2H,Vs,2,1,,3,56,,156,66,,1,1184,89,18,13,1,4,1969
11,69,13,4,2203,5996,V,10E,7f,2H,Vr,2,2,5,,48,,249,66,,1,1181,86,18,13,2,3,1969
11,69,13,5,2204,5997,V,10E,7f,2H,Vr,2,2,4,2,53,,249,66,,1,1182,87,18,13,2,3,1969
11,69,13,6,614,5998,X,20E,4c,1L,Ja,1,2,2,,,,458,67,,1,818,88,18,13,2,2,1969
11,69,13,7,837,5999,X,18F,0c,1L,Ja,1,2,4,1,54,,102,67,,1,819,89,18,13,2,2,1969
11,69,12,4,3055,6000,V,19E,6a,1L,Ja,3,2,3,1,,,340,65,,1,1539,79,16,12,2,2,1969
11,69,12,2,3056,6001,V,19E,6a,1L,Ja,2,2,4,1,,,340,66,,1,1172,77,16,11,2,2,1969
11,69,12,1,356,6002,V,29J,6e,1L,Lp,2,1,,,46,,167,66,,1,1171,76,16,11,1,2,1969
11,69,10,4,139,6003,V,29J,6e,1L,Lp,1,1,,3,59,,167,67,,1,795,65,13,10,1,2,1969
11,69,12,4,357,6004,V,29J,6e,1L,Lp,1,2,4,1,42,,167,67,,1,809,79,16,12,2,2,1969
11,69,11,5,255,6005,V,29J,6e,1L,Lp,4,1,,3,62,,167,64,,1,1898,73,15,11,1,2,1969
11,69,14,6,530,6006,S,12I,9j,3U,Up,0,1,,3,59,,192,68,,1,460,95,19,14,1,4,1969
11,69,12,7,3057,6007,U,11I,3h,3U,Up,1,1,,3,,,373,67,,1,812,82,17,12,1,4,1969
11,69,15,1,3058,6008,T,11I,0h,3U,Up,0,1,,3,,,373,68,,1,462,97,20,14,1,4,1969
11,69,10,1,2125,6009,V,12D,2h,2H,Vr,3,2,,,46,,391,65,,1,1522,62,13,9,2,3,1969
11,69,13,1,1858,6010,V,12D,2h,2H,Vr,2,1,,,46,,391,66,,1,1178,83,17,12,1,3,1969
11,69,13,5,2050,6011,V,12D,2h,2H,Vr,7,2,5,,73,,391,61,,1,3007,87,18,13,2,3,1969
11,69,14,1,2339,6012,V,12D,2h,2H,Vr,4,1,,3,55,,391,64,,1,1915,90,18,13,1,3,1969
11,69,13,5,2126,6013,V,12D,2h,2H,Vr,3,2,4,1,46,,391,65,,1,1547,87,18,13,2,3,1969
11,69,15,6,615,6014,S,10I,9i,3U,Up,1,1,,3,86,,7,67,,1,832,102,21,15,1,4,1969
11,69,7,6,838,6015,X,20E,4c,1L,Ja,2,1,,,,,458,66,,1,1141,46,10,7,1,2,1969
11,69,7,6,839,6016,X,20E,4c,1L,Ja,1,1,,,,,458,67,,1,776,46,10,7,1,2,1969
11,69,11,6,743,6017,X,20E,4c,1L,Ja,2,2,,,,,458,66,,1,1169,74,15,11,2,2,1969
11,69,15,4,1339,6018,S,08F,3j,3U,Og,0,1,,2,66,,196,68,,1,465,100,20,15,1,5,1969
11,69,14,4,1259,6019,G,20E,4c,1L,Ja,1,1,,3,80,,458,67,,1,823,93,19,14,1,2,1969
11,69,15,1,2340,6020,V,09F,2e,3U,Og,1,2,5,,,50,43,67,,1,827,97,20,14,2,5,1969
11,69,13,1,1057,6021,K,08G,9i,3U,Og,0,1,,3,,55,43,68,,1,448,83,17,12,1,5,1969
11,69,14,1,2205,6022,V,09G,1a,3U,Og,0,2,5,,,62,43,68,,1,455,90,18,13,2,5,1969
11,69,13,7,2127,6023,V,09F,5h,3U,Og,7,2,4,1,,46,43,61,,1,3009,89,18,13,2,5,1969
11,69,14,1,0,6024,V,09G,1a,3U,Og,0,1,,3,,63,43,68,,1,455,90,18,13,1,5,1969
11,69,13,7,2128,6025,V,12D,2h,2H,Vr,1,2,5,,44,,391,67,,1,819,89,18,13,2,3,1969
11,69,13,5,2206,6026,V,12D,2h,2H,Vr,2,2,4,1,45,,391,66,,1,1182,87,18,13,2,3,1969
11,69,13,3,2341,6027,V,12D,2h,2H,Vr,1,2,5,,45,,391,67,,1,815,85,17,13,2,3,1969
11,69,13,5,2342,6028,V,12D,2h,2H,Vr,2,1,,3,63,,391,66,,1,1182,87,18,13,1,3,1969
11,69,13,5,2129,6029,V,12D,2h,2H,Vr,0,1,,3,67,,391,68,,1,452,87,18,13,1,3,1969
11,69,13,5,2207,6030,V,12H,3f,3U,Up,1,2,1,,69,,4,67,,1,817,87,18,13,2,4,1969
11,69,13,5,2208,6031,V,11I,6h,3U,Up,1,2,4,1,63,,4,67,,1,817,87,18,13,2,4,1969
11,69,13,2,2051,6032,V,12H,7h,3U,Up,3,2,5,,79,,4,65,,1,1544,84,17,12,2,4,1969
11,69,14,1,140,6033,V,12H,3f,3U,Up,2,1,,3,82,,4,66,,1,1185,90,18,13,1,4,1969
11,69,14,1,2130,6034,V,11H,9f,3U,Up,1,2,5,,56,,4,67,,1,820,90,18,13,2,4,1969
11,69,14,2,840,6035,F,11H,9f,3U,Up,4,2,4,1,57,,4,64,,1,1916,91,19,13,2,4,1969
11,69,13,4,2052,6036,V,09I,9b,3U,So,0,2,,,57,,343,68,,1,451,86,18,13,2,4,1969
11,69,12,7,1,6037,F,09I,9b,3U,So,3,2,5,,60,,343,65,,1,1542,82,17,12,2,4,1969
11,69,12,4,3059,6038,F,09I,9b,3U,So,0,1,,3,55,,343,68,,1,444,79,16,12,1,4,1969
11,69,11,1,3000,6039,F,09I,9b,3U,So,0,1,,3,57,,343,68,,1,434,69,14,10,1,4,1969
11,69,12,6,3001,6040,F,09I,9b,3U,So,0,2,5,,63,,343,68,,1,446,81,17,12,2,4,1969
11,69,12,5,2343,6041,V,12C,5e,2H,Vr,0,2,5,,,,295,68,,1,445,80,16,12,2,3,1969
11,69,14,1,2344,6042,V,12C,5e,2H,Vr,2,2,2,,48,,295,66,,1,1185,90,18,13,2,3,1969
11,69,13,2,141,6043,V,12C,5e,2H,Vr,2,2,4,3,54,,295,66,,1,1179,84,17,12,2,3,1969
11,69,14,1,2209,6044,V,12C,5e,2H,Vr,1,2,5,,45,,295,67,,1,820,90,18,13,2,3,1969
11,69,12,1,2345,6045,V,11D,3h,2H,Vr,3,1,,3,62,,170,65,,1,1536,76,16,11,1,3,1969
11,69,11,7,1944,6046,F,11D,3h,2H,Vr,0,1,,3,68,,170,68,,1,440,75,15,11,1,3,1969
11,69,13,6,142,6047,U,12C,5e,2H,Vr,2,1,,3,68,,295,66,,1,1183,88,18,13,1,3,1969
11,69,11,7,2346,6048,V,09F,2e,3U,Og,2,2,5,,,57,43,66,,1,1170,75,15,11,2,5,1969
11,69,12,1,2347,6049,V,09F,2e,3U,Og,3,1,,3,,57,43,65,,1,1536,76,16,11,1,5,1969
11,69,13,1,2210,6050,V,09F,2e,3U,Og,1,1,,3,,58,43,67,,1,813,83,17,12,1,5,1969
11,69,13,6,2131,6051,V,09F,2e,3U,Og,0,1,,3,,58,43,68,,1,453,88,18,13,1,5,1969
11,69,13,6,2,6052,V,09F,2e,3U,Og,3,2,5,,,60,43,65,,1,1548,88,18,13,2,5,1969
11,69,12,6,841,6053,K,09F,2e,3U,Og,0,1,,3,,55,43,68,,1,446,81,17,12,1,5,1969
11,69,12,6,912,6054,K,09F,2e,3U,Og,1,1,,3,,61,43,67,,1,811,81,17,12,1,5,1969
11,69,12,6,913,6055,K,09F,2e,3U,Og,1,2,4,1,,47,43,67,,1,811,81,17,12,2,5,1969
11,69,13,7,3,6056,V,09F,5h,3U,Og,0,2,5,,,54,43,68,,1,454,89,18,13,2,5,1969
11,69,14,3,1859,6057,S,10I,1b,3U,So,3,2,5,,60,,206,65,,1,1552,92,19,14,2,4,1969
11,69,13,5,4,6058,V,10I,1b,3U,So,0,1,,3,57,,206,68,,1,452,87,18,13,1,4,1969
11,69,13,5,143,6059,V,10I,1b,3U,So,1,2,5,,64,,206,67,,1,817,87,18,13,2,4,1969
11,69,13,1,2348,6060,V,10I,1b,3U,So,0,2,5,,57,,206,68,,1,448,83,17,12,2,4,1969
11,69,13,2,1945,6061,S,10I,1b,3U,So,0,2,,,51,,206,68,,1,449,84,17,12,2,4,1969
11,69,14,7,616,6062,S,10I,9i,3U,Up,0,1,,3,60,,7,68,,1,461,96,20,14,1,4,1969
11,69,10,3,3002,6063,F,09I,9b,3U,So,6,1,,3,75,,343,62,,1,2619,64,13,10,1,4,1969
11,69,8,7,1152,6064,S,30K,3d,1L,Lp,3,1,,3,,46,238,65,,1,1514,54,11,8,1,2,1969
11,69,10,5,1340,6065,+,09I,9b,3U,So,5,2,4,1,53,,343,63,,1,2256,66,14,10,2,4,1969
11,69,11,3,2211,6066,V,10D,6d,2H,Vr,0,1,,3,57,,170,68,,1,436,71,15,11,1,3,1969
11,69,11,4,358,6067,V,11C,1j,2H,Vr,2,2,5,,63,,170,66,,1,1167,72,15,11,2,3,1969
11,69,12,1,256,6069,V,11D,3h,2H,Vr,1,1,,3,62,,170,67,,1,806,76,16,11,1,3,1969
11,69,7,1,531,6070,V,29L,6f,1L,Lp,0,2,1,,40,,388,68,,1,406,41,9,6,2,2,1969
11,69,11,4,1200,6071,T,29L,6f,1L,Lp,1,1,,3,35,,388,67,,1,802,72,15,11,1,2,1969
11,69,8,6,359,6072,V,29L,6f,1L,Lp,1,2,1,,35,,388,67,,1,783,53,11,8,2,2,1969
11,68,52,3,144,6073,V,29L,6f,1L,Lp,2,2,1,,30,,388,66,,1,1090,360,72,52,2,2,1968
11,69,14,4,914,6074,F,10H,1g,3U,So,0,1,,3,55,,138,68,,1,458,93,19,14,1,4,1969
11,69,14,5,744,6075,S,10E,7c,2H,Vr,2,2,5,,61,,46,66,,1,1189,94,19,14,2,3,1969
11,69,14,3,1946,6076,S,10I,2j,3U,So,3,2,5,,52,,256,65,,1,1552,92,19,14,2,4,1969
11,69,13,6,1713,6077,S,02D,9f,4S,Sk,0,1,,3,78,,278,68,,1,453,88,18,13,1,5,1969
11,69,14,2,1341,6078,D,02D,8c,4S,Sk,0,1,,3,87,,278,68,,1,456,91,19,13,1,5,1969
11,69,14,4,257,6079,V,19G,1e,1L,Ja,2,1,,3,,,271,66,,1,1188,93,19,14,1,2,1969
11,69,14,6,3003,6080,F,09I,9b,3U,So,2,2,7,,58,,343,66,,1,1190,95,19,14,2,4,1969
11,69,14,4,2212,6081,V,10E,7f,2H,Vr,1,2,5,,38,,249,67,,1,823,93,19,14,2,3,1969
11,69,14,3,1613,6082,S,13D,0c,2H,Vr,2,2,4,1,50,,57,66,,1,1187,92,19,14,2,3,1969
11,69,14,2,1614,6083,G,11C,6j,2H,Vr,0,2,5,,53,,288,68,,1,456,91,19,13,2,3,1969
11,69,14,6,145,6084,V,11C,6j,2H,Vr,2,2,5,,53,,288,66,,1,1190,95,19,14,2,3,1969
11,69,14,3,617,6085,F,19E,4a,1L,Ja,2,1,,3,62,,342,66,,1,1187,92,19,14,1,2,1969
11,69,15,2,532,6086,S,09H,4c,3U,So,0,2,5,,70,,125,68,,1,463,98,20,14,2,4,1969
11,69,14,4,5,6087,V,09H,4c,3U,So,0,1,,3,53,,125,68,,1,458,93,19,14,1,4,1969
11,69,14,4,258,6088,V,18G,7d,1L,Ja,2,2,,,,,307,66,,1,1188,93,19,14,2,2,1969
11,69,10,5,2213,6089,V,10I,0c,3U,So,1,1,,3,81,,254,67,,1,796,66,14,10,1,4,1969
11,69,11,3,1615,6090,S,10I,0c,3U,So,0,2,4,1,,,254,68,,1,436,71,15,11,2,4,1969
11,69,11,6,2214,6091,V,10I,0c,3U,So,0,2,5,,72,,254,68,,1,439,74,15,11,2,4,1969
11,69,12,4,1538,6092,S,10I,0c,3U,So,0,1,,3,73,,254,68,,1,444,79,16,12,1,4,1969
11,69,12,5,2349,6093,V,10I,0c,3U,So,1,2,5,,,,254,67,,1,810,80,16,12,2,4,1969
11,69,14,4,6,6094,V,10I,0c,3U,So,1,2,5,,75,,254,67,,1,823,93,19,14,2,4,1969
11,69,15,3,7,6095,V,10E,7f,2H,Vr,0,2,4,1,51,,249,68,,1,464,99,20,15,2,3,1969
11,69,10,8,3004,6096,V,18F,6a,1L,Ja,1,1,,,70,,52,67,,1,795,65,-9,-9,1,2,1969
11,68,40,9,3005,6097,V,18F,6a,1L,Ja,0,1,,,90,,52,68,,1,277,277,-9,-9,1,2,1968
11,68,40,9,3006,6098,V,18F,6a,1L,Ja,0,1,,,35,,52,68,,1,277,277,-9,-9,1,2,1968
11,69,9,6,3007,6099,X,18F,6a,1L,Ja,0,2,4,3,50,,52,68,,1,425,60,12,9,2,2,1969
11,68,40,9,3008,6100,V,18F,6a,1L,Ja,0,1,,,35,,52,68,,1,277,277,-9,-9,1,2,1968
11,69,9,7,3009,6101,X,18F,6a,1L,Ja,1,1,,,70,,52,67,,1,791,61,13,9,1,2,1969
11,69,15,6,842,6102,F,20E,0e,1L,Ja,0,2,5,,53,,403,68,,1,467,102,21,15,2,2,1969
11,69,6,5,3010,6103,T,12I,4c,3U,Up,2,2,3,1,58,,329,66,,1,1133,38,8,6,2,4,1969
11,69,6,2,259,6104,V,12I,4c,3U,Up,3,2,,,65,,329,65,,1,1495,35,7,5,2,4,1969
11,69,4,2,146,6105,V,12I,4c,3U,Up,0,1,,3,63,,329,68,,1,386,21,5,3,1,4,1969
11,69,10,3,8,6106,V,12I,4c,3U,Up,5,2,2,1,49,,329,63,,1,2254,64,13,10,2,4,1969
11,69,2,4,9,6107,V,12I,4c,3U,Up,3,2,,,63,,329,65,,1,1469,9,2,2,2,4,1969
11,69,14,2,1409,6108,D,10I,7b,3U,Up,0,2,6,1,58,,33,68,,1,456,91,19,13,2,4,1969
11,69,16,1,745,6109,F,18F,3f,1L,Ja,0,1,,3,62,,467,68,,1,469,104,21,15,1,2,1969
11,69,16,6,1616,6110,G,11H,8e,3U,Vs,0,2,7,,,,71,68,,1,474,109,22,16,2,4,1969
11,69,16,5,915,6111,S,10I,2j,3U,So,3,2,7,,49,,256,65,,1,1568,108,22,16,2,4,1969
11,69,16,6,1410,6112,G,11H,8e,3U,Vs,0,2,7,,,,71,68,,1,474,109,22,16,2,4,1969
11,69,16,1,3011,6113,T,09F,5h,3U,Og,0,2,5,,,48,43,68,,1,469,104,21,15,2,5,1969
11,69,16,4,457,6114,T,10E,1d,3U,Na,0,2,7,,57,,406,68,,1,472,107,22,16,2,4,1969
11,69,17,4,746,6116,F,10H,1g,3U,So,0,2,5,,50,,138,68,,1,479,114,23,17,2,4,1969
11,69,16,6,1800,6117,S,09I,9b,3U,So,0,1,,1,67,,343,68,,1,474,109,22,16,1,4,1969
11,69,16,2,843,6118,F,18F,3f,1L,Ja,2,1,,3,71,,467,66,,1,1200,105,21,15,1,2,1969
11,69,17,1,3012,6119,V,18F,6a,1L,Ja,0,1,,,70,,52,68,,1,476,111,23,16,1,2,1969
11,69,16,4,1201,6120,S,10I,1b,3U,So,0,2,6,1,62,,206,68,,1,472,107,22,16,2,4,1969
11,69,16,1,3013,6121,V,18F,6a,1L,Ja,2,2,5,,98,,52,66,,1,1199,104,21,15,2,2,1969
11,69,17,3,1058,6122,F,11E,8e,2H,Vr,2,2,5,,,,188,66,,1,1208,113,23,17,2,3,1969
11,69,7,6,916,6123,G,12I,4c,3U,Up,2,2,1,,49,,329,66,,1,1141,46,10,7,2,4,1969
11,68,50,2,1411,6124,D,12I,4c,3U,Up,0,2,1,,60,,329,68,,1,345,345,69,50,2,4,1968
11,69,13,2,10,6125,V,12D,4f,2H,Vr,0,2,4,1,57,,425,68,,1,449,84,17,12,2,3,1969
11,69,13,6,2350,6126,V,12D,4f,2H,Vr,2,1,,3,69,,425,66,,1,1183,88,18,13,1,3,1969
11,69,13,5,2351,6127,V,12D,4f,2H,Vr,6,2,5,,61,,425,62,,1,2642,87,18,13,2,3,1969
11,69,20,3,747,6128,F,10I,2j,3U,So,2,1,,1,76,,256,66,,1,1229,134,27,20,1,4,1969
11,69,6,6,1202,6129,S,11G,3b,3U,Vs,1,1,,3,83,,193,67,,1,769,39,8,6,1,4,1969
11,69,20,3,1153,6130,V,11G,3b,3U,Vs,2,2,7,,61,,193,66,,1,1229,134,27,20,2,4,1969
11,69,18,2,1412,6131,L,10H,1g,3U,So,4,2,7,,73,,138,64,,1,1944,119,24,17,2,4,1969
11,69,28,1,2054,6132,S,08G,2a,3U,Og,2,1,,1,69,,196,67,,1,918,188,38,27,1,5,1969
11,69,28,1,2055,6133,S,08G,2a,3U,Og,0,1,,1,37,,196,69,,1,188,188,38,27,1,5,1969
11,69,28,1,2056,6134,S,08G,2a,3U,Og,0,2,,,36,,196,69,,1,188,188,38,27,2,5,1969
11,69,29,3,533,6135,S,09H,4c,3U,So,1,2,1,,53,,125,68,,1,562,197,40,29,2,4,1969
11,69,28,1,1801,6136,U,10I,2j,3U,So,2,1,,1,62,,256,67,,1,918,188,38,27,1,4,1969
11,69,23,3,2057,6137,S,10I,9i,3U,Up,1,1,,1,65,,7,67,,1,885,155,31,23,1,4,1969
11,69,22,5,1947,6138,L,10H,1g,3U,So,0,1,,1,70,,138,68,,1,515,150,30,22,1,4,1969
11,69,27,4,2058,6141,S,09H,7f,3U,So,0,2,,,23,,117,69,,1,184,184,37,27,2,4,1969
11,69,23,2,1948,6149,S,10I,9i,3U,Up,0,2,7,,45,,7,68,,1,519,154,31,22,2,4,1969
11,69,26,2,534,6150,S,09H,4c,3U,So,1,2,7,,51,,125,67,,1,905,175,35,25,2,4,1969
11,69,26,2,1154,6151,S,10I,1b,3U,So,0,2,7,,40,,206,68,,1,540,175,35,25,2,4,1969
11,69,24,2,200,6153,S,10E,7c,2H,Vr,0,2,7,,50,,46,68,,1,526,161,33,23,2,3,1969
11,69,23,7,1949,6154,S,10E,7c,2H,Vr,4,2,7,,53,,46,64,,1,1984,159,32,23,2,3,1969
11,69,24,6,1950,6155,S,10C,8i,2H,Vr,1,1,,1,69,,151,67,,1,895,165,33,24,1,3,1969
11,69,24,7,2134,6156,U,10I,2j,3U,So,0,2,7,,56,,256,68,,1,531,166,34,24,2,4,1969
11,69,24,5,2059,6157,S,10I,2j,3U,So,0,2,7,,57,,256,68,,1,529,164,33,24,2,4,1969
11,69,23,2,1342,6158,S,10I,2j,3U,So,0,2,6,,59,,256,68,,1,519,154,31,22,2,4,1969
11,69,26,1,2135,6160,S,10I,7h,3U,Up,3,2,7,,59,,76,65,,1,1634,174,35,25,2,4,1969
11,69,29,5,2136,6161,S,09G,2g,3U,Og,3,2,1,,55,,396,66,,1,1294,199,40,29,2,5,1969
11,69,29,6,2137,6162,S,09G,2g,3U,Og,4,1,,1,70,,396,65,,1,1660,200,40,29,1,5,1969
11,69,25,3,2138,6163,S,10I,7h,3U,Up,0,1,,1,55,,76,68,,1,534,169,34,25,1,4,1969
11,69,27,2,2139,6164,S,11I,1h,3U,Up,0,1,,1,32,,70,69,,1,182,182,37,26,1,4,1969
11,69,22,7,2141,6171,S,10I,7h,3U,Up,1,2,7,,66,,417,67,,1,882,152,31,22,2,4,1969
11,69,30,7,1059,6174,F,11H,2j,3U,Up,2,1,,1,67,,341,67,,1,938,208,42,30,1,4,1969
11,69,30,7,1000,6175,S,10I,1b,3U,So,1,1,,1,53,,206,68,,1,573,208,42,30,1,4,1969
11,69,35,1,3017,6176,T,10I,7e,3U,Up,1,2,1,,,,344,68,,1,602,237,48,34,2,4,1969
11,69,33,3,2001,6177,S,09H,7f,3U,So,3,2,1,,62,,117,66,,1,1320,225,45,33,2,4,1969
11,69,31,2,2002,6178,S,09H,7f,3U,So,0,2,1,,33,,117,69,,1,210,210,42,30,2,4,1969
11,69,31,3,844,6179,F,10I,2j,3U,So,2,1,,1,60,,256,67,,1,941,211,43,31,1,4,1969
11,69,31,5,917,6180,F,11H,2j,3U,Up,1,1,,1,57,,341,68,,1,578,213,43,31,1,4,1969
11,69,31,3,918,6181,F,11H,2j,3U,Up,0,2,,,43,,341,69,,1,211,211,43,31,2,4,1969
11,69,32,7,2142,6182,S,09G,2g,3U,Og,0,1,,1,39,,396,69,,1,222,222,45,32,1,5,1969
11,69,31,3,748,6183,F,12D,1a,2H,Vr,0,1,,1,42,,216,69,,1,211,211,43,31,1,3,1969
11,69,31,7,3018,6184,F,10G,4d,3U,So,1,1,,1,,,27,68,,1,580,215,43,31,1,4,1969
11,69,34,3,535,6185,D,11H,4h,3U,Up,1,2,1,,59,,174,68,,1,597,232,47,34,2,4,1969
11,69,34,3,1951,6186,U,10I,2j,3U,So,3,1,,,75,,256,66,,1,1327,232,47,34,1,4,1969
11,69,37,5,3019,6187,T,09H,7f,3U,So,0,1,,1,37,,117,69,,1,255,255,51,37,1,4,1969
11,69,37,2,1809,6188,S,09H,7f,3U,So,0,1,,1,65,,117,69,,1,252,252,51,36,1,4,1969
11,69,38,6,3020,6189,U,11H,1h,3U,Up,2,2,1,,62,,207,67,,1,993,263,53,38,2,4,1969
11,69,37,1,3021,6190,T,11H,1h,3U,Up,0,2,1,,46,,207,69,,1,251,251,51,36,2,4,1969
11,69,37,1,1001,6191,F,09H,7f,3U,So,0,2,1,,,,117,69,,1,251,251,51,36,2,4,1969
11,69,38,7,536,6192,D,11E,9e,2H,Vs,0,2,1,,35,,55,69,,1,264,264,53,38,2,4,1969
11,69,28,3,845,6193,S,02D,4c,4S,Sk,0,1,,1,36,,263,69,,1,190,190,38,28,1,5,1969
11,69,28,3,749,6194,S,02D,4c,4S,Sk,0,1,,1,35,,263,69,,1,190,190,38,28,1,5,1969
11,69,37,2,1343,6195,K,02C,7i,4S,Sk,1,2,,,67,,263,68,,1,617,252,51,36,2,5,1969
11,69,37,2,919,6196,U,02C,7i,4S,Sk,0,1,,1,38,,263,69,,1,252,252,51,36,1,5,1969
11,69,30,5,750,6197,F,11E,4e,2H,Vs,2,1,,1,57,,473,67,,1,936,206,42,30,1,4,1969
11,69,36,7,751,6198,F,11E,4e,2H,Vs,0,1,,1,35,,473,69,,1,250,250,50,36,1,4,1969
11,69,38,4,1413,6199,G,11E,4e,2H,Vs,2,1,,1,50,,473,67,,1,991,261,53,38,1,4,1969
11,69,38,3,752,6200,F,11E,4e,2H,Vs,0,2,,,43,,473,69,,1,260,260,52,38,2,4,1969
11,69,37,4,3022,6201,F,12D,1a,2H,Vr,0,1,,1,55,,216,69,,1,254,254,51,37,1,3,1969
11,69,36,1,458,6202,S,09H,4c,3U,So,1,1,,1,75,,125,68,,1,609,244,49,35,1,4,1969
11,69,39,5,846,6203,F,12D,1a,2H,Vr,0,2,,,38,,216,69,,1,269,269,54,39,2,3,1969
11,69,39,4,1618,6204,F,12D,1a,2H,Vr,0,1,,1,40,,216,69,,1,268,268,54,39,1,3,1969
11,69,38,7,847,6205,F,12D,1a,2H,Vr,0,2,,,48,,216,69,,1,264,264,53,38,2,3,1969
11,69,38,5,1002,6206,F,12D,1a,2H,Vr,0,1,,1,34,,216,69,,1,262,262,53,38,1,3,1969
11,69,35,2,1952,6208,S,09H,4c,3U,So,4,2,1,,63,,125,65,,1,1698,238,48,34,2,4,1969
11,69,37,5,920,6209,F,11H,2j,3U,Up,0,1,,1,63,,341,69,,1,255,255,51,37,1,4,1969
11,69,36,7,618,6210,D,12I,8h,3U,Up,0,1,,1,51,,26,69,,1,250,250,50,36,1,4,1969
11,69,36,1,921,6211,D,11E,2f,2H,Vs,4,1,,1,57,,88,65,,1,1704,244,49,35,1,4,1969
11,69,36,5,3023,6212,F,12D,1a,2H,Vr,0,1,,1,36,,216,69,,1,248,248,50,36,1,3,1969
11,69,35,2,459,6213,D,10E,7c,2H,Vr,0,1,,1,44,,46,69,,1,238,238,48,34,1,3,1969
11,69,36,5,922,6214,D,12D,1a,2H,Vr,1,1,,1,53,,216,68,,1,613,248,50,36,1,3,1969
11,69,38,6,619,6215,D,10E,7c,2H,Vr,0,2,1,,45,,46,69,,1,263,263,53,38,2,3,1969
11,69,39,7,848,6216,D,11F,8b,2H,Vs,0,2,1,,65,,272,69,,1,271,271,55,39,2,4,1969
11,69,39,5,3024,6217,D,11F,8b,3U,Na,0,2,1,,59,,272,69,,1,269,269,54,39,2,4,1969
11,69,39,2,3025,6218,F,11D,2d,2H,Vr,0,1,,1,52,,366,69,,1,266,266,54,38,1,3,1969
11,69,39,3,3026,6219,F,11D,2d,2H,Vr,0,1,,1,53,,366,69,,1,267,267,54,39,1,3,1969
11,69,40,1,1810,6220,S,09H,7f,3U,So,0,2,,,,,117,69,,1,272,272,55,39,2,4,1969
11,69,41,2,1003,6221,D,10I,2e,3U,So,4,2,1,,,,126,65,,1,1740,280,56,40,2,4,1969
11,69,41,2,3027,6222,U,09H,7f,3U,So,4,1,,1,87,,117,65,,1,1740,280,56,40,1,4,1969
11,69,40,7,753,6223,D,11F,8b,2H,Vs,0,1,,1,62,,272,69,,1,278,278,56,40,1,4,1969
11,69,40,5,620,6224,D,11F,8b,2H,Vs,0,1,,1,65,,272,69,,1,276,276,56,40,1,4,1969
11,69,40,4,201,6225,V,18C,0f,1L,Hr,1,1,,1,80,,299,68,,1,640,275,55,40,1,2,1969
11,69,40,4,147,6226,V,18C,0f,1L,Hr,0,1,,1,51,,299,69,,1,275,275,55,40,1,2,1969
11,69,40,1,11,6227,V,18C,0f,1L,Hr,0,1,,1,53,,299,69,,1,272,272,55,39,1,2,1969
11,69,41,1,754,6228,F,12D,1a,2H,Vr,0,2,,,46,,216,69,,1,279,279,56,40,2,3,1969
11,69,40,6,621,6229,S,10E,7c,2H,Vr,0,1,,1,61,,46,69,,1,277,277,56,40,1,3,1969
11,69,40,4,537,6230,S,11F,3d,2H,Vs,0,2,1,,55,,410,69,,1,275,275,55,40,2,4,1969
11,69,39,7,2003,6231,T,10E,7c,2H,Vr,0,2,,,26,,46,69,,1,271,271,55,39,2,3,1969
11,69,40,6,622,6232,D,10E,7c,2H,Vr,0,1,,1,57,,46,69,,1,277,277,56,40,1,3,1969
11,69,41,1,755,6233,F,10G,4d,3U,So,0,2,1,,,,27,69,,1,279,279,56,40,2,4,1969
11,69,40,4,538,6234,S,10I,1b,3U,So,2,1,,1,66,,206,67,,1,1005,275,55,40,1,4,1969
11,69,42,1,623,6235,S,10G,4d,3U,So,2,1,,1,,,27,67,,1,1016,286,58,41,1,4,1969
11,69,41,7,756,6236,F,10G,4d,3U,So,0,2,1,,,,27,69,,1,285,285,57,41,2,4,1969
11,69,40,3,1717,6237,S,01D,9j,4S,Sk,0,1,,1,86,,402,69,,1,274,274,55,40,1,5,1969
11,69,40,3,757,6238,F,11E,4e,2H,Vs,0,2,,,46,,473,69,,1,274,274,55,40,2,4,1969
11,69,41,2,1414,6239,S,10I,1b,3U,So,2,1,,1,61,,206,67,1,1,1010,280,56,40,1,4,1969
11,69,37,2,1811,6240,L,10H,1g,3U,So,1,1,,,65,,138,68,,1,617,252,51,36,1,4,1969
11,69,32,4,2004,6241,S,10H,1g,3U,So,3,2,1,,53,,138,66,,1,1314,219,44,32,2,4,1969
11,69,42,1,1415,6242,D,10H,1g,3U,So,2,1,,1,82,,138,67,,1,1016,286,58,41,1,4,1969
11,69,39,5,624,6243,F,10H,1g,3U,So,0,2,1,,55,,138,69,,1,269,269,54,39,2,4,1969
11,69,25,1,2005,6244,L,10H,1g,3U,So,3,1,,,55,,138,65,1,1,1627,167,34,24,1,4,1969
11,69,38,7,758,6245,S,10H,1g,3U,So,4,1,,1,60,,138,65,,1,1724,264,53,38,1,4,1969
11,69,28,1,625,6246,F,10H,1g,3U,So,1,2,1,,47,,138,68,,1,553,188,38,27,2,4,1969
11,69,34,6,1812,6247,S,10H,1g,3U,So,0,1,,1,58,,138,69,,1,235,235,47,34,1,4,1969
11,69,44,6,1540,6248,U,12I,9j,3U,Up,0,2,1,,,,126,69,,1,305,305,61,44,2,4,1969
11,69,41,7,1416,6249,K,02C,7i,4S,Sk,0,1,,1,80,,263,69,,1,285,285,57,41,1,5,1969
11,69,43,6,1004,6250,D,02D,5e,4S,Sk,0,1,,1,90,,263,69,,1,298,298,60,43,1,5,1969
11,69,45,7,1541,6251,D,22E,1e,1L,Ja,0,1,,1,54,,73,69,,1,313,313,63,45,1,2,1969
11,69,43,4,759,6252,S,18E,8j,1L,Ja,0,1,,1,56,,52,69,,1,296,296,60,43,1,2,1969
11,69,44,7,700,6253,D,19D,7c,1L,Ja,0,2,,,47,,104,69,,1,306,306,62,44,2,2,1969
11,69,44,7,1005,6254,G,17E,7f,1L,Ja,0,2,1,,41,,353,69,,1,306,306,62,44,2,2,1969
11,69,45,2,3028,6255,V,18E,4e,1L,Ja,0,2,1,,56,,293,69,,1,308,308,62,44,2,2,1969
11,69,44,5,1417,6256,S,18E,8f,1L,Ja,0,1,,,55,,300,69,,1,304,304,61,44,1,2,1969
11,69,45,3,849,6257,F,18E,6f,1L,Ja,0,1,,,48,,294,69,,1,309,309,62,45,1,2,1969
11,69,45,3,701,6258,F,18E,7f,1L,Ja,0,1,,,70,,67,69,,1,309,309,62,45,1,2,1969
11,69,44,5,3029,6259,D,18F,9a,1L,Ja,0,1,,,50,,215,69,,1,304,304,61,44,1,2,1969
11,69,44,5,3030,6260,D,18F,9a,1L,Ja,0,1,,,55,,215,69,,1,304,304,61,44,1,2,1969
11,69,45,3,702,6261,X,18E,7f,1L,Ja,2,,,,70,,67,67,,1,1039,309,62,45,,2,1969
11,69,44,6,923,6262,D,18E,8j,1L,Ja,0,2,1,,43,,52,69,,1,305,305,61,44,2,2,1969
11,69,44,9,1006,6263,S,20F,0b,1L,Ja,0,2,1,,40,,472,69,,1,303,303,-9,-9,2,2,1969
11,69,44,6,850,6264,S,19E,1c,1L,Ja,0,2,1,,45,,279,69,,1,305,305,61,44,2,2,1969
11,69,43,1,1542,6265,S,19G,0f,1L,Ja,0,1,,,63,,330,69,,1,293,293,59,42,1,2,1969
11,69,44,7,924,6266,D,19E,2g,1L,Ja,2,2,1,,50,,171,67,,1,1036,306,62,44,2,2,1969
11,69,44,5,1344,6267,D,19G,0f,1L,Ja,0,1,,,47,,213,69,,1,304,304,61,44,1,2,1969
11,69,44,1,626,6268,F,19G,0f,1L,Ja,0,2,1,,37,,330,69,,1,300,300,60,43,2,2,1969
11,69,44,7,1007,6269,D,19E,2h,1L,Ja,0,2,1,,50,,357,69,,1,306,306,62,44,2,2,1969
11,69,44,7,1203,6270,F,19E,2g,1L,Ja,1,1,,,60,,171,68,,1,671,306,62,44,1,2,1969
11,69,45,3,1008,6271,D,18G,7d,1L,Ja,0,2,,,43,,307,69,,1,309,309,62,45,2,2,1969
11,69,45,5,301,6272,V,18G,7d,1L,Ja,0,2,1,,47,,307,69,,1,311,311,63,45,2,2,1969
11,69,45,4,703,6273,X,20E,8e,1L,Ja,2,1,,,65,,112,67,,1,1040,310,62,45,1,2,1969
11,69,46,1,851,6274,F,18F,3c,1L,Ja,0,1,,1,58,,35,69,,1,314,314,63,45,1,2,1969
11,69,38,4,3031,6275,F,19F,6b,1L,Ja,0,1,,1,41,,211,69,,1,261,261,53,38,1,2,1969
11,69,38,4,627,6276,S,18E,6f,1L,Ja,1,2,1,,53,,211,68,,1,626,261,53,38,2,2,1969
11,69,38,4,1718,6277,S,18E,8f,1L,Ja,0,1,,1,,,211,69,,1,261,261,53,38,1,2,1969
11,69,41,7,628,6278,S,18E,8f,1L,Ja,2,1,,1,58,,211,67,,1,1015,285,57,41,1,2,1969
11,69,38,3,852,6279,D,18E,8h,1L,Ja,2,2,1,,55,,211,67,,1,990,260,52,38,2,2,1969
11,69,38,4,539,6280,T,18F,2g,1L,Ja,0,1,,1,30,,211,69,,1,261,261,53,38,1,2,1969
11,69,42,2,704,6281,F,19F,4a,1L,Ja,0,2,1,,59,,211,69,,1,287,287,58,41,2,2,1969
11,69,41,1,853,6282,D,18E,8f,1L,Ja,0,1,,,56,,211,69,,1,279,279,56,40,1,2,1969
11,69,38,3,629,6283,F,18E,8f,1L,Ja,0,2,,,36,,211,69,,1,260,260,52,38,2,2,1969
11,69,41,1,630,6284,D,18F,2g,1L,Ja,3,1,,1,76,,211,66,,1,1374,279,56,40,1,2,1969
11,69,23,1,3032,6285,T,11D,3h,2H,Vr,1,1,,1,56,,10,67,,1,883,153,31,22,1,3,1969
11,69,28,1,854,6288,S,11D,3h,2H,Vr,0,1,,1,28,,10,69,,1,188,188,38,27,1,3,1969
11,69,29,2,3034,6289,T,11D,0d,2H,Vr,0,1,,1,28,,10,69,,1,196,196,40,28,1,3,1969
11,69,29,3,3035,6290,T,11D,3h,2H,Vr,0,1,,1,39,,10,69,,1,197,197,40,29,1,3,1969
11,69,30,7,3036,6291,T,11D,0d,2H,Vr,0,1,,1,35,,10,69,,1,208,208,42,30,1,3,1969
11,69,44,5,925,6292,D,11D,3h,2H,Vr,3,2,1,,55,,10,66,,1,1399,304,61,44,2,3,1969
11,69,28,6,3037,6293,S,11D,3h,2H,Vr,0,1,,,,,10,69,,1,193,193,39,28,1,3,1969
11,69,28,6,3038,6294,S,11D,3h,2H,Vr,0,2,,,,,10,69,,1,193,193,39,28,2,3,1969
11,69,28,6,3039,6295,S,11D,3h,2H,Vr,0,2,,,,,10,69,,1,193,193,39,28,2,3,1969
11,69,45,6,705,6296,S,18F,0c,1L,Ja,0,2,1,,45,,102,69,,1,312,312,63,45,2,2,1969
11,69,44,5,855,6297,F,11H,2j,3U,Up,0,1,,1,70,,341,69,,1,304,304,61,44,1,4,1969
11,69,35,4,631,6298,F,10D,8g,2H,Vr,0,2,,,,,144,69,,1,240,240,48,35,2,3,1969
11,69,40,4,706,6299,S,10D,8g,2H,Vr,0,2,,,,,144,69,,1,275,275,55,40,2,3,1969
11,69,40,7,707,6300,F,10D,8g,2H,Vr,2,1,,,,,144,67,,1,1008,278,56,40,1,3,1969
11,69,45,7,856,6301,X,20E,4j,1L,Ja,0,1,,,72,,352,69,,1,313,313,63,45,1,2,1969
11,69,46,1,708,6302,F,20E,4j,1L,Ja,0,1,,,61,,352,69,,1,314,314,63,45,1,2,1969
11,69,44,3,1345,6303,S,20E,4c,1L,Ja,1,1,,,,54,458,68,,1,667,302,61,44,1,2,1969
11,69,37,3,926,6304,F,11G,3b,3U,Vs,0,1,,1,37,,193,69,,1,253,253,51,37,1,4,1969
11,69,39,4,1719,6305,S,11G,3b,3U,Vs,3,1,,1,56,,193,66,,1,1363,268,54,39,1,4,1969
11,69,40,5,857,6306,F,11G,3b,3U,Vs,0,1,,1,41,,193,69,,1,276,276,56,40,1,4,1969
11,69,45,3,858,6307,S,19F,6b,1L,Ja,0,2,1,,50,,461,69,,1,309,309,62,45,2,2,1969
11,69,45,6,859,6308,F,11C,1i,2H,Vr,2,2,1,,48,,427,67,,1,1042,312,63,45,2,3,1969
11,69,45,4,800,6309,F,11C,1i,2H,Vr,0,2,,,46,,427,69,,1,310,310,62,45,2,3,1969
11,69,44,9,3040,6310,U,11C,1i,2H,Vr,0,1,,1,,,427,69,,1,303,303,-9,-9,1,3,1969
11,69,43,5,927,6311,D,11C,1i,2H,Vr,0,1,,1,62,,427,69,,1,297,297,60,43,1,3,1969
11,69,44,5,1619,6312,F,10E,1d,3U,Na,0,1,,1,62,,406,69,,1,304,304,61,44,1,4,1969
11,69,44,6,632,6313,F,18F,3f,1L,Ja,0,2,,,51,,467,69,,1,305,305,61,44,2,2,1969
11,69,46,1,709,6314,X,16E,6g,1L,Hr,0,1,,,45,,354,69,,1,314,314,63,45,1,2,1969
11,69,44,7,1155,6315,D,12D,1a,2H,Vr,0,2,,,51,,216,69,,1,306,306,62,44,2,3,1969
11,69,43,4,710,6316,F,11H,2j,3U,Up,0,1,,1,60,,341,69,,1,296,296,60,43,1,4,1969
11,69,36,5,1813,6317,V,10E,1d,3U,Na,2,1,,1,69,,406,67,,1,978,248,50,36,1,4,1969
11,69,39,5,1814,6318,V,10E,1d,3U,Na,0,1,,1,65,,406,69,,1,269,269,54,39,1,4,1969
11,69,42,7,1418,6319,D,12I,8h,3U,Up,0,1,,1,72,,26,69,,1,292,292,59,42,1,4,1969
11,69,43,5,711,6320,F,11E,4e,2H,Vs,0,1,,1,54,,473,69,,1,297,297,60,43,1,4,1969
11,69,43,5,1156,6321,G,09G,7h,3U,So,0,2,,,67,,400,69,,1,297,297,60,43,2,4,1969
11,69,40,5,712,6322,S,10I,0c,3U,So,1,2,1,,,,254,68,,1,641,276,56,40,2,4,1969
11,69,44,4,928,6323,F,10I,0c,3U,So,0,1,,1,,,254,69,,1,303,303,61,44,1,4,1969
11,69,44,3,3041,6324,F,11F,8b,2H,Vs,0,1,,1,41,,272,69,,1,302,302,61,44,1,4,1969
11,69,45,6,713,6325,F,19E,4a,1L,Ja,4,1,,1,70,,342,65,,1,1772,312,63,45,1,2,1969
11,69,42,6,1419,6326,S,09E,8a,2H,Vr,2,1,,1,86,,21,67,,1,1021,291,59,42,1,3,1969
11,69,44,4,1620,6327,S,10C,8i,2H,Vr,0,1,,1,63,,151,69,,1,303,303,61,44,1,3,1969
11,69,42,2,3042,6328,D,11F,8b,2H,Vs,4,1,,1,76,,272,65,,1,1747,287,58,41,1,4,1969
11,69,43,4,633,6329,F,10H,1g,3U,So,2,1,,1,55,,138,67,,1,1026,296,60,43,1,4,1969
11,69,43,5,634,6330,S,10E,7c,2H,Vr,2,1,,1,70,,46,67,,1,1027,297,60,43,1,3,1969
11,69,42,4,2216,6331,V,10C,8i,2H,Vr,0,2,1,,45,,151,69,,1,289,289,58,42,2,3,1969
11,69,42,7,714,6332,F,10G,4d,3U,So,0,1,,1,,,27,69,,1,292,292,59,42,1,4,1969
11,69,43,1,1009,6333,S,09H,4c,3U,So,1,1,,1,59,,125,68,,1,658,293,59,42,1,4,1969
11,69,46,1,1420,6334,S,20E,8e,1L,Ja,0,1,,,85,,112,69,,1,314,314,63,45,1,2,1969
11,69,46,6,715,6335,X,20E,4c,1L,Ja,0,2,1,,,,458,69,,1,319,319,64,46,2,2,1969
11,69,46,7,1157,6336,D,20E,4c,1L,Ja,0,1,,,37,,458,69,,1,320,320,64,46,1,2,1969
11,69,48,1,635,6337,X,20E,4c,1L,Ja,0,2,1,,62,,458,69,,1,328,328,66,47,2,2,1969
11,69,45,7,1204,6338,D,20E,4c,1L,Ja,0,1,,1,,,458,69,,1,313,313,63,45,1,2,1969
11,69,48,3,716,6339,X,19E,6a,1L,Ja,0,1,,,60,,340,69,,1,330,330,66,48,1,2,1969
11,69,48,4,717,6340,X,19E,5a,1L,Ja,0,2,1,,56,,340,69,,1,331,331,67,48,2,2,1969
11,69,48,4,929,6341,X,19E,5a,1L,Ja,0,2,1,,58,,340,69,,1,331,331,67,48,2,2,1969
11,69,44,7,1543,6342,D,19E,5e,1L,Ja,0,2,,,46,,432,69,,1,306,306,62,44,2,2,1969
11,69,46,5,1158,6343,F,19D,4f,1L,Ja,0,1,,1,52,,208,69,,1,318,318,64,46,1,2,1969
11,69,46,7,801,6344,D,18G,8i,1L,Ja,0,1,,1,,44,404,69,,1,320,320,64,46,1,2,1969
11,69,46,7,718,6345,F,18F,7d,1L,Ja,0,2,1,,60,,102,69,,1,320,320,64,46,2,2,1969
11,69,46,4,3043,6346,X,18E,7f,1L,Ja,1,2,1,,63,,67,68,,1,682,317,64,46,2,2,1969
11,69,46,1,1205,6347,D,19G,0f,1L,Ja,6,1,,1,45,,79,63,1,1,2504,314,63,45,1,2,1969
11,69,46,6,802,6348,D,19E,2i,1L,Ja,0,1,,,,43,215,69,,1,319,319,64,46,1,2,1969
11,69,45,6,1010,6349,D,18G,8i,1L,Ja,3,2,1,,,58,404,66,,1,1407,312,63,45,2,2,1969
11,69,45,7,1011,6350,D,19E,2h,1L,Ja,0,2,1,,,30,215,69,,1,313,313,63,45,2,2,1969
11,69,45,7,1206,6351,D,19E,2h,1L,Ja,0,,,,,30,215,69,,1,313,313,63,45,,2,1969
11,69,45,6,1012,6352,F,18E,6f,1L,Ja,0,2,1,,41,,292,69,,1,312,312,63,45,2,2,1969
11,69,44,6,1159,6353,D,19F,6b,1L,Ja,0,2,1,,55,,380,69,,1,305,305,61,44,2,2,1969
11,69,44,7,930,6354,D,18G,8i,1L,Ja,1,1,,1,,62,404,68,,1,671,306,62,44,1,2,1969
11,69,44,6,931,6355,D,19E,3g,1L,Ja,0,2,1,,52,,423,69,,1,305,305,61,44,2,2,1969
11,69,45,6,803,6356,U,18G,8i,1L,Ja,3,1,,,,57,404,66,,1,1407,312,63,45,1,2,1969
11,69,47,1,1207,6357,D,18F,5c,1L,Ja,0,2,1,,,39,325,69,,1,321,321,65,46,2,2,1969
11,69,46,7,932,6358,D,18G,8i,1L,Ja,0,1,,1,,56,404,69,,1,320,320,64,46,1,2,1969
11,69,44,6,804,6359,D,19E,1h,1L,Ja,1,1,,1,64,,154,68,,1,670,305,61,44,1,2,1969
11,69,48,7,805,6360,S,11J,0b,3U,Up,3,1,,1,,,148,66,,1,1429,334,67,48,1,4,1969
11,69,46,7,1346,6361,G,19D,5i,1L,Ja,0,2,1,,45,,220,69,,1,320,320,64,46,2,2,1969
11,69,46,7,1347,6362,G,19D,5i,1L,Ja,0,2,1,,39,,220,69,,1,320,320,64,46,2,2,1969
11,69,46,7,1348,6363,G,19D,5i,1L,Ja,3,2,1,,52,,220,66,,1,1415,320,64,46,2,2,1969
11,69,46,7,1544,6364,G,19D,5i,1L,Ja,0,1,,,55,,220,69,,1,320,320,64,46,1,2,1969
11,69,46,7,1100,6365,G,19D,5i,1L,Ja,0,2,1,,42,,220,69,,1,320,320,64,46,2,2,1969
11,69,47,3,1349,6366,D,19D,5i,1L,Ja,2,1,,,59,,220,67,,1,1053,323,65,47,1,2,1969
11,69,47,7,1208,6367,D,19D,5i,1L,Ja,0,2,1,,50,,220,69,,1,327,327,66,47,2,2,1969
11,69,47,7,1013,6368,D,19D,5i,1L,Ja,0,2,1,,45,,220,69,,1,327,327,66,47,2,2,1969
11,69,47,6,933,6369,S,10I,7h,3U,Up,0,1,,1,68,,76,69,,1,326,326,66,47,1,4,1969
11,69,46,6,934,6370,D,11D,3h,2H,Vr,0,1,,1,71,,10,69,,1,319,319,64,46,1,3,1969
11,69,46,6,935,6371,D,11D,3h,2H,Vr,0,1,,3,76,,10,69,,1,319,319,64,46,1,3,1969
11,69,48,5,540,6372,X,20E,2i,1L,Ja,3,1,,3,70,,419,66,,1,1427,332,67,48,1,2,1969
11,69,48,2,541,6373,X,20E,2i,1L,Ja,0,2,,,52,,419,69,,1,329,329,66,47,2,2,1969
11,69,46,8,3044,6374,X,19E,6a,1L,Ja,0,1,,1,75,,45,69,,1,317,317,-9,-9,1,2,1969
11,69,48,3,719,6375,X,19E,6a,1L,Ja,0,2,,,65,,45,69,,1,330,330,66,48,2,2,1969
11,69,47,6,1209,6376,G,19E,6a,1L,Ja,0,1,,1,64,,45,69,,1,326,326,66,47,1,2,1969
11,69,47,4,806,6377,X,18E,2d,1L,Ja,0,1,,1,58,,470,69,,1,324,324,65,47,1,2,1969
11,69,45,6,1421,6378,G,16E,2b,1L,Hr,5,2,,,56,,204,64,,1,2137,312,63,45,2,2,1969
11,69,45,7,1210,6379,G,16E,2b,1L,Hr,0,1,,1,68,,204,69,,1,313,313,63,45,1,2,1969
11,69,47,2,807,6380,X,20E,8e,1L,Ja,0,2,1,,46,,112,69,,1,322,322,65,46,2,2,1969
11,69,46,7,2352,6381,V,18C,0f,1L,Hr,0,1,,1,74,,299,69,,1,320,320,64,46,1,2,1969
11,69,46,6,3045,6382,F,16E,6g,1L,Hr,0,2,1,,52,,103,69,,1,319,319,64,46,2,2,1969
11,69,47,7,1211,6383,X,18F,0c,1L,Ja,1,1,,1,61,,102,68,,1,692,327,66,47,1,2,1969
11,69,46,4,720,6384,F,16E,6g,1L,Hr,2,1,,1,80,,354,67,,1,1047,317,64,46,1,2,1969
11,69,46,3,1101,6385,D,20E,8e,1L,Ja,5,2,1,,61,,112,64,,1,2141,316,64,46,2,2,1969
11,69,48,5,721,6386,D,17D,5d,1L,Hr,0,2,,,42,,426,69,,1,332,332,67,48,2,2,1969
11,69,48,7,808,6387,F,18F,3f,1L,Ja,0,1,,1,71,,467,69,,1,334,334,67,48,1,2,1969
11,69,45,3,936,6388,F,18C,4j,1L,Hr,0,2,,,35,,363,69,,1,309,309,62,45,2,2,1969
11,69,47,7,809,6389,X,19E,1c,1L,Ja,0,1,,1,56,,310,69,,1,327,327,66,47,1,2,1969
11,69,48,6,400,6390,V,18C,0f,1L,Hr,0,1,,1,55,,299,69,,1,333,333,67,48,1,2,1969
11,69,51,6,636,6391,X,16E,2b,1L,Hr,0,1,,,48,,204,69,,1,354,354,71,51,1,2,1969
11,69,52,3,937,6392,X,18F,0c,1L,Ja,0,1,,2,56,,102,69,,1,358,358,72,52,1,2,1969
11,69,51,6,938,6393,X,20E,4j,1L,Ja,6,2,,,60,,352,63,,1,2544,354,71,51,2,2,1969
11,69,48,7,722,6394,F,17D,5d,1L,Hr,3,2,,,49,,426,66,,1,1429,334,67,48,2,2,1969
11,69,49,1,1953,6395,X,17D,5d,1L,Hr,1,1,,1,51,,426,68,,1,700,335,67,48,1,2,1969
11,69,48,6,810,6396,X,20E,7j,1L,Ja,5,2,1,,59,,362,64,,1,2158,333,67,48,2,2,1969
11,69,49,2,811,6397,X,19E,2i,1L,Ja,0,2,1,,56,,211,69,,1,336,336,68,48,2,2,1969
11,69,48,5,812,6398,X,19E,2i,1L,Ja,2,2,1,,58,,211,67,,1,1062,332,67,48,2,2,1969
11,69,48,3,813,6399,X,20E,7j,1L,Ja,0,1,,,54,,362,69,,1,330,330,66,48,5,2,1969
11,69,49,7,939,6400,X,18F,0c,1L,Ja,0,1,,1,59,,102,69,,1,341,341,69,49,1,2,1969
11,69,50,2,814,6401,X,18E,8f,1L,Ja,4,1,,,77,,314,65,,1,1803,343,69,49,1,2,1969
11,69,49,1,1102,6402,G,16E,6g,1L,Hr,0,2,,,42,,103,69,,1,335,335,67,48,2,2,1969
11,69,47,7,2353,6403,V,16E,6g,1L,Hr,0,1,,,49,,103,69,,1,327,327,66,47,1,2,1969
11,69,50,5,815,6404,X,18G,7d,1L,Ja,0,2,,,47,,307,69,,1,346,346,70,50,2,2,1969
11,69,49,5,816,6405,X,20E,8e,1L,Ja,1,1,,,68,,112,68,,1,704,339,68,49,1,2,1969
11,69,41,6,1422,6406,D,19E,0i,1L,Ja,0,1,,,41,,429,69,,1,284,284,57,41,1,2,1969
11,69,49,1,817,6407,X,19E,0i,1L,Ja,0,2,,,40,,429,69,,1,335,335,67,48,2,2,1969
11,69,44,7,1350,6408,D,19E,0i,1L,Ja,0,1,,,47,,429,69,,1,306,306,62,44,1,2,1969
11,69,49,2,723,6409,X,17D,5d,1L,Hr,0,1,,,54,,426,69,,1,336,336,68,48,1,2,1969
11,69,49,2,818,6410,X,17D,5d,1L,Hr,0,2,,,50,,426,69,,1,336,336,68,48,2,2,1969
11,69,49,2,3046,6411,X,17D,5d,1L,Hr,2,1,,2,70,,426,67,,1,1066,336,68,48,1,2,1969
11,69,50,3,542,6412,X,18F,3f,1L,Ja,3,1,,1,92,,467,66,,1,1439,344,69,50,1,2,1969
11,69,49,1,819,6413,X,20E,8e,1L,Ja,0,2,1,,48,,112,69,,1,335,335,67,48,2,2,1969
11,69,50,2,820,6414,X,18G,5a,1L,Ja,3,2,1,,49,,243,66,,1,1438,343,69,49,2,2,1969
11,69,49,4,724,6415,X,17D,5d,1L,Hr,0,2,,,41,,426,69,,1,338,338,68,49,2,2,1969
11,69,48,7,821,6416,X,18F,5c,1L,Ja,3,1,,,71,,420,66,,1,1429,334,67,48,1,2,1969
11,69,52,2,2143,6417,X,18G,7d,1L,Ja,0,2,,,44,,307,69,,1,357,357,72,51,2,2,1969
11,69,52,5,822,6418,X,18G,7d,1L,Ja,1,2,1,,45,,307,68,1,1,725,360,72,52,2,2,1969
11,69,52,6,940,6419,X,18G,7d,1L,Ja,0,2,1,,42,,307,69,,1,361,361,73,52,2,2,1969
11,69,51,6,941,6420,X,17E,7d,1L,Ja,0,2,1,,45,,321,69,,1,354,354,71,51,2,2,1969
11,69,51,6,942,6421,X,17E,7d,1L,Ja,0,1,,1,68,,321,69,,1,354,354,71,51,1,2,1969
11,69,49,5,148,6422,V,19G,0c,1L,Ja,1,1,,2,51,,6,68,,1,704,339,68,49,1,2,1969
11,69,50,3,725,6423,X,18F,3f,1L,Ja,0,2,,,61,,467,69,,1,344,344,69,50,2,2,1969
11,69,50,1,637,6424,X,18F,3f,1L,Ja,4,2,,,57,,467,65,,1,1802,342,69,49,2,2,1969
11,69,52,3,726,6425,X,20E,4c,1L,Ja,0,1,,1,67,,458,69,,1,358,358,72,52,1,2,1969
11,69,49,3,638,6426,X,20E,4c,1L,Ja,0,2,1,,60,,458,69,,1,337,337,68,49,2,2,1969
11,69,50,6,1212,6427,X,18F,5c,1L,Ja,0,1,,,63,,420,69,,1,347,347,70,50,1,2,1969
11,69,49,6,727,6428,X,17D,5d,1L,Hr,2,1,,2,61,,426,67,,1,1070,340,68,49,1,2,1969
11,69,50,1,823,6429,X,17D,5d,1L,Hr,0,2,,,40,,426,69,,1,342,342,69,49,2,2,1969
11,69,49,5,149,6430,V,18C,0f,1L,Hr,0,2,,,50,,299,69,,1,339,339,68,49,2,2,1969
11,69,51,1,3047,6431,X,17F,8b,1L,Ja,0,1,,2,50,,152,69,,1,349,349,70,50,1,2,1969
11,69,49,5,824,6432,X,20F,8e,1L,Ja,0,2,1,,56,,250,69,,1,339,339,68,49,2,2,1969
11,69,51,3,639,6433,X,18F,3f,1L,Ja,0,1,,2,,,467,69,,1,351,351,71,51,1,2,1969
11,69,52,2,825,6434,X,20E,4j,1L,Ja,0,1,,2,58,,352,69,,1,357,357,72,51,1,2,1969
11,69,46,7,1103,6435,S,19G,1e,1L,Ja,5,2,1,,58,,399,64,,1,2145,320,64,46,2,2,1969
11,69,51,2,826,6436,X,19G,1e,1L,Ja,3,2,1,,46,,399,66,,1,1445,350,70,50,2,2,1969
11,69,51,3,827,6437,X,18G,5a,1L,Ja,0,2,1,,54,,243,69,,1,351,351,71,51,2,2,1969
11,69,51,5,943,6438,X,18G,7d,1L,Ja,0,1,,3,59,,307,69,,1,353,353,71,51,1,2,1969
11,69,50,7,828,6439,X,19E,5g,1L,Ja,0,2,1,,56,,179,69,,1,348,348,70,50,2,2,1969
11,69,51,5,829,6440,X,19E,1c,1L,Ja,1,1,,2,67,,310,68,,1,718,353,71,51,1,2,1969
11,69,50,7,1014,6441,X,18E,8f,1L,Ja,0,1,,,42,,314,69,,1,348,348,70,50,1,2,1969
11,69,52,3,830,6442,X,19E,1c,1L,Ja,0,1,,3,70,,310,69,,1,358,358,72,52,1,2,1969
11,69,49,1,640,6443,V,19E,4a,1L,Ja,3,1,,,62,,342,66,,1,1430,335,67,48,1,2,1969
11,69,49,5,401,6444,V,19E,4a,1L,Ja,0,1,,1,78,,342,69,,1,339,339,68,49,1,2,1969
11,69,48,7,1015,6445,G,19E,6a,1L,Ja,0,2,1,,45,,340,69,,1,334,334,67,48,2,2,1969
11,69,49,1,641,6446,X,19E,6a,1L,Ja,2,1,,,,,340,67,,1,1065,335,67,48,1,2,1969
11,69,49,6,728,6447,X,18E,3d,1L,Ja,0,1,,1,75,,470,69,,1,340,340,68,49,1,2,1969
11,69,48,7,729,6448,X,18E,3d,1L,Ja,3,2,1,,70,,470,66,,1,1429,334,67,48,2,2,1969
11,69,49,7,730,6449,X,19E,5g,1L,Ja,0,1,,,64,,179,69,,1,341,341,69,49,1,2,1969
11,69,49,7,831,6450,X,19E,5g,1L,Ja,0,2,,,48,,179,69,,1,341,341,69,49,2,2,1969
11,69,47,4,731,6451,X,17F,5a,1L,Ja,0,1,,1,49,,16,69,,1,324,324,65,47,1,2,1969
11,69,49,5,832,6452,X,17F,5a,1L,Ja,0,2,,,48,,16,69,,1,339,339,68,49,2,2,1969
11,69,50,3,833,6453,X,17F,5a,1L,Ja,0,2,1,,54,,16,69,,1,344,344,69,50,2,2,1969
11,69,50,1,834,6454,X,22E,4a,1L,Ja,0,2,1,,52,,211,69,,1,342,342,69,49,2,2,1969
11,69,48,6,732,6455,F,18E,7f,1L,Ja,0,1,,,,43,65,69,,1,333,333,67,48,1,2,1969
11,69,48,4,733,6456,F,18F,5c,1L,Ja,0,1,,1,63,,430,69,,1,331,331,67,48,1,2,1969
11,69,52,2,1016,6457,X,20E,8e,1L,Ja,8,1,,,54,,112,60,,1,3642,357,72,51,1,2,1969
11,69,49,7,835,6458,X,16E,6g,1L,Hr,0,1,,1,55,,354,69,,1,341,341,69,49,1,2,1969
11,69,47,5,1423,6459,S,19E,7j,1L,Ja,0,1,,,,51,209,69,,1,325,325,65,47,1,2,1969
11,69,48,4,734,6460,F,19F,9a,1L,Ja,0,1,,,,43,398,69,,1,331,331,67,48,1,2,1969
11,69,47,1,836,6461,F,19F,9a,1L,Ja,0,1,,1,,41,398,69,,1,321,321,65,46,1,2,1969
11,69,46,5,735,6462,F,19F,9a,1L,Ja,0,2,1,,,40,398,69,,1,318,318,64,46,2,2,1969
11,69,48,3,736,6463,F,19E,2g,1L,Ja,3,1,,,,39,171,66,,1,1425,330,66,48,1,2,1969
11,69,49,7,944,6464,X,22E,4a,1L,Ja,3,1,,1,73,,211,66,,1,1436,341,69,49,1,2,1969
11,69,46,7,1351,6465,D,19E,8c,1L,Ja,0,1,,,,54,114,69,,1,320,320,64,46,1,2,1969
11,69,50,4,2217,6466,V,17D,5g,1L,Hr,0,1,,1,56,,302,69,,1,345,345,69,50,1,2,1969
11,69,46,7,737,6467,F,17E,7f,1L,Ja,0,2,,,,63,358,69,,1,320,320,64,46,2,2,1969
11,70,2,4,837,6468,X,20E,8e,1L,Ja,0,1,,,70,,112,69,,1,373,8,2,2,1,2,1970
11,70,2,7,838,6469,X,20F,9g,1L,Ja,0,1,,,47,,386,69,,1,376,11,3,2,1,2,1970
11,70,2,6,839,6470,X,17D,5d,1L,Hr,0,1,,,49,,426,69,,1,375,10,2,2,1,2,1970
11,70,2,2,840,6471,X,18G,7d,1L,Ja,3,1,,3,62,,307,66,,1,1466,6,2,1,1,2,1970
11,69,51,4,150,6472,V,18C,0f,1L,Hr,0,,,,40,,299,69,,1,352,352,71,51,,2,1969
11,69,52,5,841,6473,X,20F,7h,1L,Ja,0,2,1,,51,,147,69,,1,360,360,72,52,2,2,1969
11,70,1,5,945,6474,X,20E,4j,1L,Ja,2,1,,,68,,352,67,,1,1097,2,1,1,1,2,1970
11,70,2,4,842,6475,X,17D,5d,1L,Hr,0,2,,,40,,426,69,,1,373,8,2,2,2,2,1970
11,70,2,6,843,6476,X,20E,1j,1L,Ja,0,1,,,77,,108,69,,1,375,10,2,2,1,2,1970
11,69,51,5,738,6477,X,16E,6g,1L,Hr,0,1,,,74,,103,69,,1,353,353,71,51,1,2,1969
11,70,2,4,739,6478,X,16E,6g,1L,Hr,0,2,1,,52,,103,69,,1,373,8,2,2,2,2,1970
11,69,51,7,740,6479,X,16E,6g,1L,Hr,0,1,,,47,,103,69,,1,355,355,71,51,1,2,1969
11,69,52,2,741,6480,X,16E,6g,1L,Hr,0,1,,,50,,103,69,,1,357,357,72,51,1,2,1969
11,69,47,3,2354,6481,V,17D,5g,1L,Hr,0,2,1,,40,,106,69,,1,323,323,65,47,2,2,1969
11,69,47,6,946,6482,F,17D,5g,1L,Hr,0,2,1,,41,,106,69,,1,326,326,66,47,2,2,1969
11,69,48,2,302,6483,V,17D,5g,1L,Hr,2,1,,,74,,106,67,,1,1059,329,66,47,1,2,1969
11,69,51,3,742,6484,X,17D,5g,1L,Hr,1,1,,,62,,106,68,,1,716,351,71,51,1,2,1969
11,69,52,2,947,6485,X,17D,5g,1L,Hr,2,2,1,,44,,106,67,,1,1087,357,72,51,2,2,1969
11,69,52,6,1017,6486,X,17D,5g,1L,Hr,2,1,,,54,,106,67,,1,1091,361,73,52,1,2,1969
11,69,52,7,948,6487,X,17D,5g,1L,Hr,0,2,1,,53,,106,69,,1,362,362,73,52,2,2,1969
11,69,49,7,743,6488,X,16E,1c,1L,Hr,0,1,,,49,,319,69,,1,341,341,69,49,1,2,1969
11,69,50,6,744,6489,X,16E,1c,1L,Hr,0,1,,,55,,319,69,,1,347,347,70,50,1,2,1969
11,69,50,7,1352,6490,X,16E,1c,1L,Hr,0,2,1,,59,,319,69,,1,348,348,70,50,2,2,1969
11,69,51,4,745,6491,X,16E,1c,1L,Hr,0,2,,,57,,319,69,,1,352,352,71,51,2,2,1969
11,69,51,5,746,6492,X,16E,1c,1L,Hr,2,2,1,,58,,319,67,,1,1083,353,71,51,2,2,1969
11,69,51,4,844,6493,X,16E,1c,1L,Hr,0,1,,,56,,319,69,,1,352,352,71,51,1,2,1969
11,69,51,4,845,6494,X,16E,1c,1L,Hr,4,1,,,64,,319,65,,1,1812,352,71,51,1,2,1969
11,70,2,2,747,6495,X,16E,1c,1L,Hr,0,2,1,,35,,319,69,,1,371,6,2,1,2,2,1970
11,70,2,6,748,6496,X,16E,1c,1L,Hr,0,2,1,,48,,319,69,,1,375,10,2,2,2,2,1970
11,70,3,4,846,6497,X,18G,5a,1L,Ja,7,2,1,,49,,243,62,,1,2935,15,3,3,2,2,1970
11,70,3,6,847,6498,X,18G,5a,1L,Ja,0,2,1,,50,,243,69,,1,382,17,4,3,2,2,1970
11,70,3,7,749,6499,X,18G,5a,1L,Ja,0,1,,,51,,243,69,,1,383,18,4,3,1,2,1970
11,69,53,2,151,6500,V,19E,6a,1L,Ja,0,1,,,73,,340,69,,1,364,364,73,52,1,2,1969
11,70,2,1,1018,6501,S,19E,6a,1L,Ja,1,1,,,64,,340,68,,1,735,5,1,1,1,2,1970
11,69,51,5,3048,6502,S,18F,5c,1L,Ja,3,2,,,50,,52,66,,1,1448,353,71,51,2,2,1969
11,70,3,1,3049,6503,X,18F,6a,1L,Ja,0,1,,,70,,52,69,,1,377,12,3,2,1,2,1970
11,70,3,1,3050,6504,X,18F,6a,1L,Ja,3,2,,,50,,52,66,,1,1472,12,3,2,2,2,1970
11,70,3,1,3051,6505,X,18F,6a,1L,Ja,1,1,,,80,,52,68,,1,742,12,3,2,1,2,1970
11,70,3,1,949,6506,X,19D,8e,1L,Ja,0,1,,1,,,456,69,,1,377,12,3,2,1,2,1970
11,70,3,6,1019,6507,X,18G,7d,1L,Ja,0,1,,,44,,307,69,,1,382,17,4,3,1,2,1970
11,69,53,1,848,6508,X,17F,5a,1L,Ja,0,2,1,,50,,16,69,,1,363,363,73,52,2,2,1969
11,70,2,7,750,6509,X,17F,5a,1L,Ja,0,2,1,,54,,16,69,,1,376,11,3,2,2,2,1970
11,70,3,1,751,6510,X,17F,5a,1L,Ja,6,2,1,,58,,16,63,,1,2567,12,3,2,2,2,1970
11,70,3,2,849,6511,X,17F,5a,1L,Ja,0,1,,,,,16,69,,1,378,13,3,2,1,2,1970
11,70,3,2,850,6512,X,16E,2b,1L,Hr,8,1,,,64,,204,60,,1,3663,13,3,2,1,2,1970
11,70,3,2,950,6513,X,18F,0c,1L,Ja,0,1,,,52,,102,69,,1,378,13,3,2,1,2,1970
11,70,2,7,951,6514,X,18F,0c,1L,Ja,0,1,,,72,,102,69,,1,376,11,3,2,1,2,1970
11,70,2,4,952,6515,X,18F,0c,1L,Ja,0,1,,,54,,102,69,,1,373,8,2,2,1,2,1970
11,70,2,2,953,6516,X,18F,0c,1L,Ja,0,2,1,,47,,102,69,,1,371,6,2,1,2,2,1970
11,70,3,1,851,6517,X,18G,5a,1L,Ja,0,1,,,62,,243,69,,1,377,12,3,2,1,2,1970
11,70,2,7,852,6518,X,18G,5a,1L,Ja,3,2,1,,53,,243,66,,1,1471,11,3,2,2,2,1970
11,69,51,6,954,6519,X,16E,6g,1L,Hr,0,1,,,65,,354,69,,1,354,354,71,51,1,2,1969
11,69,53,2,853,6520,X,16E,6g,1L,Hr,0,2,1,,36,,354,69,,1,364,364,73,52,2,2,1969
11,69,52,1,955,6521,X,16E,6g,1L,Hr,0,1,,,44,,354,69,,1,356,356,72,51,1,2,1969
11,70,3,6,854,6522,X,20F,7h,1L,Ja,0,1,,,55,,147,69,,1,382,17,4,3,1,2,1970
11,69,51,3,642,6523,X,18E,3d,1L,Ja,0,1,,,62,,470,69,,1,351,351,71,51,1,2,1969
11,70,4,2,855,6524,X,19E,5a,1L,Ja,3,2,1,,57,,340,66,,1,1480,20,4,3,2,2,1970
11,70,3,6,752,6525,X,19E,6a,1L,Ja,0,1,,,76,,340,69,,1,382,17,4,3,1,2,1970
11,70,3,6,856,6526,X,19E,1c,1L,Ja,0,1,,,66,,310,69,,1,382,17,4,3,1,2,1970
11,70,3,1,753,6527,X,18F,2g,1L,Ja,0,2,,,,,115,69,,1,377,12,3,2,2,2,1970
11,70,3,7,956,6528,X,17E,7d,1L,Ja,0,2,1,,50,,321,69,,1,383,18,4,3,2,2,1970
11,70,4,1,957,6529,X,17E,7d,1L,Ja,3,2,1,,50,,321,66,,1,1479,19,4,3,2,2,1970
11,69,51,2,754,6530,X,18F,2g,1L,Ja,2,2,1,,,,115,67,,1,1080,350,70,50,2,2,1969
11,70,3,6,1213,6531,X,19E,4a,1L,Ja,0,2,1,,54,,342,69,,1,382,17,4,3,2,2,1970
11,70,3,5,857,6532,X,17D,5d,1L,Hr,0,1,,,51,,426,69,,1,381,16,4,3,1,2,1970
11,70,3,7,858,6533,X,17D,5d,1L,Hr,0,1,,,50,,426,69,,1,383,18,4,3,1,2,1970
11,70,3,7,859,6534,X,17D,5d,1L,Hr,2,1,,,60,,426,67,,1,1113,18,4,3,1,2,1970
11,70,3,7,800,6535,X,19E,5g,1L,Ja,3,2,1,,62,,179,66,,1,1478,18,4,3,2,2,1970
11,70,2,6,801,6536,X,19E,5g,1L,Ja,0,1,,,61,,179,69,,1,375,10,2,2,1,2,1970
11,70,3,5,802,6537,X,19E,5g,1L,Ja,0,1,,,59,,179,69,,1,381,16,4,3,1,2,1970
11,70,3,4,1104,6538,X,19E,5g,1L,Ja,0,2,1,,58,,179,69,,1,380,15,3,3,2,2,1970
11,70,3,3,1353,6539,S,20E,4c,1L,Ja,0,1,,,64,,458,69,,1,379,14,3,2,1,2,1970
11,69,53,2,643,6540,T,20E,4c,1L,Ja,0,1,,,,,458,69,,1,364,364,73,52,1,2,1969
11,70,3,5,803,6541,X,20F,7h,1L,Ja,0,1,,,80,,147,69,,1,381,16,4,3,1,2,1970
11,70,3,6,1105,6542,X,16E,6g,1L,Hr,0,1,,,62,,354,69,,1,382,17,4,3,1,2,1970
11,70,4,2,804,6543,X,16E,6g,1L,Hr,0,1,,,56,,354,69,,1,385,20,4,3,1,2,1970
11,70,4,3,805,6544,X,16E,6g,1L,Hr,0,1,,,62,,354,69,,1,386,21,5,3,1,2,1970
11,69,51,7,806,6545,X,19E,6a,1L,Ja,0,2,1,,57,,340,69,,1,355,355,71,51,2,2,1969
11,70,3,7,807,6546,X,21F,3i,1L,Ja,0,1,,,64,,242,69,,1,383,18,4,3,1,2,1970
11,70,4,1,808,6547,X,21F,3i,1L,Ja,0,2,1,,61,,242,69,,1,384,19,4,3,2,2,1970
11,70,4,5,809,6548,X,19E,1c,1L,Ja,0,2,1,,59,,310,69,,1,388,23,5,4,2,2,1970
11,70,4,6,810,6549,X,19E,1c,1L,Ja,2,2,1,,53,,310,67,,1,1119,24,5,4,2,2,1970
11,70,4,3,811,6550,X,17F,8b,1L,Ja,6,1,,,48,,152,63,,1,2576,21,5,3,1,2,1970
11,70,3,7,812,6551,X,18F,5c,1L,Ja,0,1,,,55,,420,69,,1,383,18,4,3,1,2,1970
11,70,3,5,813,6552,X,18F,5c,1L,Ja,0,1,,,60,,420,69,,1,381,16,4,3,1,2,1970
11,70,3,2,814,6553,X,18F,5c,1L,Ja,0,2,1,,51,,420,69,,1,378,13,3,2,2,2,1970
11,70,3,6,815,6554,X,18F,5c,1L,Ja,0,1,,,62,,420,69,,1,382,17,4,3,1,2,1970
11,70,1,6,958,6555,X,19G,1e,1L,Ja,3,1,,,82,,399,66,,1,1463,3,1,1,1,2,1970
11,70,3,1,816,6556,X,19G,1e,1L,Ja,0,1,,,74,,399,69,,1,377,12,3,2,1,2,1970
11,70,4,1,755,6557,X,19G,1e,1L,Ja,0,1,,,55,,399,69,,1,384,19,4,3,1,2,1970
11,70,4,1,817,6558,X,19G,1e,1L,Ja,2,1,,,53,,399,67,,1,1114,19,4,3,1,2,1970
11,70,4,2,818,6559,X,17D,5d,1L,Hr,0,2,1,,41,,426,69,,1,385,20,4,3,2,2,1970
11,70,4,5,819,6560,X,17D,5d,1L,Hr,1,1,,,50,,426,68,,1,753,23,5,4,1,2,1970
11,70,4,7,820,6561,X,17D,5d,1L,Hr,3,2,1,,45,,426,66,,1,1485,25,5,4,2,2,1970
11,70,4,7,959,6562,X,17D,5d,1L,Hr,6,1,,,60,,426,63,,1,2580,25,5,4,1,2,1970
11,70,4,7,644,6563,X,18F,3f,1L,Ja,2,2,,,58,,467,67,,1,1120,25,5,4,2,2,1970
11,70,3,5,1020,6564,X,17F,5a,1L,Ja,0,1,,,68,,16,69,,1,381,16,4,3,1,2,1970
11,70,3,7,756,6565,X,17F,5a,1L,Ja,0,2,1,,43,,16,69,,1,383,18,4,3,2,2,1970
11,70,3,7,821,6566,X,17F,5a,1L,Ja,2,1,,,72,,16,67,,1,1113,18,4,3,1,2,1970
11,70,3,7,1021,6567,X,17F,5a,1L,Ja,2,1,,,58,,16,67,,1,1113,18,4,3,1,2,1970
11,70,4,5,757,6568,X,17F,5a,1L,Ja,0,1,,,66,,16,69,,1,388,23,5,4,1,2,1970
11,69,52,1,645,6569,X,18E,3d,1L,Ja,0,2,1,,46,,470,69,,1,356,356,72,51,2,2,1969
11,69,52,5,646,6570,X,18E,2d,1L,Ja,3,1,,,64,,470,66,,1,1455,360,72,52,1,2,1969
11,69,51,5,758,6571,X,18E,2d,1L,Ja,0,1,,,60,,470,69,,1,353,353,71,51,1,2,1969
11,70,4,2,759,6572,X,18G,5a,1L,Ja,2,2,1,,48,,243,67,,1,1115,20,4,3,2,2,1970
11,70,4,4,700,6573,X,18G,5a,1L,Ja,0,2,1,,49,,243,69,,1,387,22,5,4,2,2,1970
11,70,4,4,822,6574,X,18G,5a,1L,Ja,5,1,,,67,,243,64,,1,2212,22,5,4,1,2,1970
11,70,3,8,152,6575,V,18C,0f,1L,Hr,0,1,,,55,,299,69,,1,380,15,-9,-9,1,2,1970
11,70,5,1,823,6576,X,17E,7d,1L,Ja,0,2,1,,54,,321,69,,1,391,26,6,4,2,2,1970
11,70,4,3,824,6577,X,17E,7d,1L,Ja,0,1,,,51,,321,69,,1,386,21,5,3,1,2,1970
11,70,4,4,701,6578,X,20E,4c,1L,Ja,0,1,,,60,,458,69,,1,387,22,5,4,1,2,1970
11,70,3,6,702,6579,X,20E,4c,1L,Ja,3,1,,,75,,458,66,,1,1477,17,4,3,1,2,1970
11,70,4,3,1621,6580,X,18F,5c,1L,Ja,1,2,1,,40,,420,68,,1,751,21,5,3,2,2,1970
11,70,3,7,825,6581,X,18F,5c,1L,Ja,0,2,1,,45,,420,69,,1,383,18,4,3,2,2,1970
11,70,2,4,826,6582,X,17D,5g,1L,Hr,0,1,,,50,,106,69,,1,373,8,2,2,1,2,1970
11,70,2,5,827,6583,X,17D,5g,1L,Hr,0,1,,,57,,106,69,,1,374,9,2,2,1,2,1970
11,69,53,3,703,6584,X,17D,5g,1L,Hr,2,2,1,,58,,106,67,,1,1095,365,73,53,2,2,1969
11,70,3,2,828,6585,X,17D,5g,1L,Hr,0,1,,,60,,106,69,,1,378,13,3,2,1,2,1970
11,70,3,3,829,6586,X,17D,5g,1L,Hr,3,1,,,67,,106,66,,1,1474,14,3,2,1,2,1970
11,70,2,3,830,6587,X,17D,5g,1L,Hr,3,1,,,55,,106,66,,1,1467,7,2,1,1,2,1970
11,69,50,5,3052,6588,F,17E,7f,1L,Ja,3,1,,,,,358,66,,1,1441,346,70,50,1,2,1969
11,70,5,3,831,6589,X,19E,6a,1L,Ja,3,2,2,,67,,45,66,,1,1488,28,6,4,2,2,1970
11,70,4,7,900,6590,X,19F,7e,1L,Ja,0,1,,,67,,217,69,,1,390,25,5,4,1,2,1970
11,70,4,5,1106,6591,X,19E,4a,1L,Ja,2,1,,,55,,342,67,,1,1118,23,5,4,1,2,1970
11,70,5,2,832,6592,X,19E,1c,1L,Ja,0,2,1,,57,,310,69,,1,392,27,6,4,2,2,1970
11,70,5,3,833,6593,X,19E,1c,1L,Ja,0,2,1,,55,,310,69,,1,393,28,6,4,2,2,1970
11,70,5,3,834,6594,X,17E,7d,1L,Ja,2,1,,,57,,321,67,,1,1123,28,6,4,1,2,1970
11,70,4,7,901,6595,X,17E,7d,1L,Ja,3,1,,,77,,321,66,,1,1485,25,5,4,1,2,1970
11,70,4,3,647,6596,X,19G,0c,1L,Ja,0,1,,,54,,6,69,,1,386,21,5,3,1,2,1970
11,70,4,5,835,6597,X,19G,0c,1L,Ja,0,2,1,,46,,6,69,,1,388,23,5,4,2,2,1970
11,70,5,2,648,6598,X,19G,0c,1L,Ja,0,1,,,56,,6,69,,1,392,27,6,4,1,2,1970
11,70,3,6,836,6599,X,19E,2g,1L,Ja,0,2,1,,52,,171,69,,1,382,17,4,3,2,2,1970
11,70,5,1,1022,6600,X,19E,4a,1L,Ja,0,1,,,69,,342,69,,1,391,26,6,4,1,2,1970
11,70,5,2,837,6601,X,17F,8b,1L,Ja,3,2,1,,42,,152,66,,1,1487,27,6,4,2,2,1970
11,70,4,7,838,6602,X,19E,5a,1L,Ja,4,1,,,78,,340,65,,1,1850,25,5,4,1,2,1970
11,70,4,7,704,6603,X,20E,4c,1L,Ja,0,1,,,57,,458,69,,1,390,25,5,4,1,2,1970
11,70,4,6,839,6604,X,20E,4c,1L,Ja,0,2,1,,47,,458,69,,1,389,24,5,4,2,2,1970
11,70,3,7,840,6605,X,19F,4a,1L,Ja,0,1,,,54,,211,69,,1,383,18,4,3,1,2,1970
11,69,48,6,1424,6606,S,19E,2i,1L,Ja,0,2,,,,,211,69,,1,333,333,67,48,2,2,1969
11,70,4,2,1425,6607,X,19E,2h,1L,Ja,0,1,,,70,,211,69,,1,385,20,4,3,1,2,1970
11,70,2,3,705,6608,F,17E,7f,1L,Ja,0,2,,,,,358,69,,1,372,7,2,1,2,2,1970
11,70,2,1,3053,6609,F,18F,5c,1L,Ja,0,1,,,70,,430,69,,1,370,5,1,1,1,2,1970
11,70,2,5,841,6610,X,19F,4a,1L,Ja,0,1,,,63,,211,69,,1,374,9,2,2,1,2,1970
11,70,3,6,842,6611,X,19E,2g,1L,Ja,0,1,,,55,,171,69,,1,382,17,4,3,1,2,1970
11,70,4,5,843,6612,X,18F,9a,1L,Ja,0,2,2,,61,,211,69,,1,388,23,5,4,2,2,1970
11,70,4,6,844,6613,X,19F,4a,1L,Ja,0,1,,,67,,211,69,,1,389,24,5,4,1,2,1970
11,69,51,8,845,6614,X,18F,3c,1L,Ja,5,2,1,,69,,35,64,,1,2177,352,-9,-9,2,2,1969
11,69,47,7,1023,6615,F,18F,3c,1L,Ja,0,1,,,65,,35,69,,1,327,327,66,47,1,2,1969
11,70,3,7,1622,6616,X,20E,1j,1L,Ja,0,1,,,66,,108,69,,1,383,18,4,3,1,2,1970
11,70,3,4,1024,6617,X,20E,1j,1L,Ja,4,1,,,58,,108,65,1,1,1840,15,3,3,1,2,1970
11,70,4,4,902,6618,X,20E,1j,1L,Ja,0,1,,,64,,108,69,,1,387,22,5,4,1,2,1970
11,70,4,5,1025,6619,X,20E,1j,1L,Ja,0,1,,,49,,108,69,,1,388,23,5,4,1,2,1970
11,69,53,1,846,6620,X,20F,9g,1L,Ja,0,2,1,,50,,386,69,,1,363,363,73,52,2,2,1969
11,70,5,5,1426,6621,G,11H,2j,3U,Up,0,2,1,,46,,341,69,,1,395,30,6,5,2,4,1970
11,70,4,4,649,6622,X,18F,0c,1L,Ja,0,,,,56,,102,69,,1,387,22,5,4,,2,1970
11,70,4,6,847,6623,X,20E,8e,1L,Ja,0,1,,,62,,112,69,,1,389,24,5,4,1,2,1970
11,70,4,3,848,6624,X,20E,8e,1L,Ja,0,1,,,52,,112,69,,1,386,21,5,3,1,2,1970
11,70,4,7,903,6625,X,20E,8e,1L,Ja,0,1,,,60,,112,69,,1,390,25,5,4,1,2,1970
11,70,5,1,904,6626,X,20E,8e,1L,Ja,3,1,,,75,,112,66,,1,1486,26,6,4,1,2,1970
11,70,3,4,1107,6627,D,09G,6c,3U,Og,0,2,1,,,43,43,69,,1,380,15,3,3,2,5,1970
11,70,2,6,3054,6628,U,09F,3g,3U,Og,0,2,1,,,49,43,69,,1,375,10,2,2,2,5,1970
11,70,4,7,3055,6629,F,09F,5h,3U,Og,0,2,,,,54,43,69,,1,390,25,5,4,2,5,1970
11,70,4,7,3056,6630,F,09F,5h,3U,Og,3,2,1,,,45,43,66,,1,1485,25,5,4,2,5,1970
11,70,4,2,3057,6631,D,09G,0d,3U,Og,0,2,1,,,46,43,69,,1,385,20,4,3,2,5,1970
11,70,4,7,3058,6632,V,09G,2a,3U,Og,0,2,1,,,58,43,69,,1,390,25,5,4,2,5,1970
11,70,4,7,3059,6633,V,09G,7a,3U,Og,0,2,1,,,42,43,69,,1,390,25,5,4,2,5,1970
11,70,3,4,3000,6634,V,09G,0d,3U,Og,2,2,1,,,45,43,67,,1,1110,15,3,3,2,5,1970
11,70,4,2,3001,6635,V,09G,0d,3U,Og,0,2,1,,,39,43,69,,1,385,20,4,3,2,5,1970
11,70,2,6,3002,6636,U,09F,3g,3U,Og,3,2,1,,,36,43,66,,1,1470,10,2,2,2,5,1970
11,70,4,6,3003,6637,D,09G,0d,3U,Og,3,1,,,,83,43,66,,1,1484,24,5,4,1,5,1970
11,69,52,6,2218,6638,X,19G,1e,1L,Ja,0,2,1,,54,,399,69,,1,361,361,73,52,2,2,1969
11,69,52,1,849,6639,X,19G,1e,1L,Ja,1,2,1,,48,,399,68,,1,721,356,72,51,2,2,1969
11,70,3,6,905,6640,X,20E,1j,1L,Ja,0,2,1,,49,,108,69,,1,382,17,4,3,2,2,1970
11,70,5,3,850,6641,X,20E,1j,1L,Ja,0,1,,,63,,108,69,,1,393,28,6,4,1,2,1970
11,70,5,2,1720,6642,X,20E,1j,1L,Ja,0,2,1,,43,,108,69,,1,392,27,6,4,2,2,1970
11,69,53,1,3004,6643,T,11F,4e,2H,Vs,0,1,,,63,,272,69,,1,363,363,73,52,1,4,1969
11,69,51,6,3005,6644,V,11F,6h,2H,Vs,0,2,1,,62,,272,69,,1,354,354,71,51,2,4,1969
11,70,3,4,3006,6645,F,11F,8b,2H,Vs,0,1,,,52,,272,69,,1,380,15,3,3,1,4,1970
11,69,50,3,3007,6646,F,11F,8b,2H,Vs,0,1,,,67,,272,69,,1,344,344,69,50,1,4,1969
11,70,6,3,3008,6647,V,11F,6h,2H,Vs,1,1,,,60,,272,68,,1,765,35,7,5,1,4,1970
11,69,52,3,3009,6648,F,11F,8b,2H,Vs,3,1,,,61,,272,66,,1,1453,358,72,52,1,4,1969
11,70,4,2,3010,6649,F,11F,8b,2H,Vs,0,1,,,62,,272,69,,1,385,20,4,3,1,4,1970
11,70,5,5,1108,6650,X,19E,7d,1L,Ja,0,1,,,58,,333,69,,1,395,30,6,5,1,2,1970
11,70,5,4,851,6651,X,18G,5a,1L,Ja,3,1,,,62,,243,66,,1,1489,29,6,5,1,2,1970
11,70,5,7,706,6652,X,18G,5a,1L,Ja,0,1,,,61,,243,69,,1,397,32,7,5,1,2,1970
11,70,6,3,852,6653,X,19E,1c,1L,Ja,0,1,,,63,,310,69,,1,400,35,7,5,1,2,1970
11,70,6,2,402,6654,X,19E,5a,1L,Ja,6,1,,,67,,340,63,,1,2589,34,7,5,1,2,1970
11,70,6,1,853,6655,X,18G,5a,1L,Ja,1,2,1,,51,,243,68,,1,763,33,7,5,2,2,1970
11,70,6,2,854,6656,X,18G,5a,1L,Ja,3,2,2,,60,,243,66,,1,1494,34,7,5,2,2,1970
11,70,6,1,650,6657,X,19G,0c,1L,Ja,6,2,3,1,52,,6,63,,1,2588,33,7,5,2,2,1970
11,70,5,5,855,6658,X,17D,5d,1L,Hr,4,2,1,,59,,426,65,,1,1855,30,6,5,2,2,1970
11,70,5,5,707,6659,X,17D,5d,1L,Hr,0,1,,,60,,426,69,,1,395,30,6,5,1,2,1970
11,70,5,7,708,6660,X,19E,6a,1L,Ja,0,2,2,,49,,340,69,,1,397,32,7,5,2,2,1970
11,70,5,7,303,6661,V,19E,6a,1L,Ja,0,2,1,,48,,340,69,,1,397,32,7,5,2,2,1970
11,70,5,1,153,6662,V,19E,5a,1L,Ja,0,1,,,65,,340,69,,1,391,26,6,4,1,2,1970
11,70,5,2,154,6663,V,19E,5a,1L,Ja,0,1,,,60,,340,69,,1,392,27,6,4,1,2,1970
11,70,3,7,906,6664,X,19D,8e,1L,Ja,4,1,,,,,456,65,,1,1843,18,4,3,1,2,1970
11,70,6,1,203,6665,V,18G,7d,1L,Ja,1,2,2,,53,,307,68,,1,763,33,7,5,2,2,1970
11,70,5,3,856,6666,X,18G,7d,1L,Ja,0,1,,,57,,307,69,,1,393,28,6,4,1,2,1970
11,70,5,5,857,6667,X,18G,7d,1L,Ja,0,1,,,53,,307,69,,1,395,30,6,5,1,2,1970
11,70,5,6,155,6668,V,18G,7d,1L,Ja,0,2,2,,47,,307,69,,1,396,31,7,5,2,2,1970
11,70,4,7,709,6669,X,18E,2c,1L,Ja,0,1,,,55,,470,69,,1,390,25,5,4,1,2,1970
11,70,4,4,651,6670,X,18E,2c,1L,Ja,0,1,,,63,,470,69,,1,387,22,5,4,1,2,1970
11,70,4,7,543,6671,X,18E,2c,1L,Ja,1,2,,,60,,470,68,,1,755,25,5,4,2,2,1970
11,70,4,1,710,6672,X,18E,2c,1L,Ja,0,2,1,,54,,470,69,,1,384,19,4,3,2,2,1970
11,70,5,6,711,6673,X,20F,7h,1L,Ja,0,1,,,57,,147,69,,1,396,31,7,5,1,2,1970
11,70,5,4,204,6674,V,19E,5a,1L,Ja,0,1,,,55,,340,69,,1,394,29,6,5,1,2,1970
11,69,46,1,858,6675,X,20E,3d,1L,Ja,0,1,,,54,,259,69,,1,314,314,63,45,1,2,1969
11,70,5,6,1026,6676,X,20E,3d,1L,Ja,0,2,1,,53,,259,69,,1,396,31,7,5,2,2,1970
11,70,4,6,1027,6677,X,20E,3d,1L,Ja,0,2,1,,45,,259,69,,1,389,24,5,4,2,2,1970
11,69,47,4,859,6678,X,20E,3d,1L,Ja,0,2,1,,46,,259,69,,1,324,324,65,47,2,2,1969
11,70,5,7,652,6679,X,18F,3f,1L,Ja,3,2,,,52,,467,66,,1,1492,32,7,5,2,2,1970
11,70,5,7,653,6680,X,18F,3f,1L,Ja,0,1,,,60,,467,69,,1,397,32,7,5,1,2,1970
11,70,5,4,1721,6681,X,20E,8e,1L,Ja,0,1,,,65,,112,69,,1,394,29,6,5,1,2,1970
11,70,5,6,1028,6682,X,20E,8e,1L,Ja,0,2,,,53,,112,69,,1,396,31,7,5,2,2,1970
11,70,5,6,907,6683,X,20E,8e,1L,Ja,2,2,1,,60,,112,67,,1,1126,31,7,5,2,2,1970
11,69,12,8,3011,6684,U,16E,6e,1L,Hr,3,1,,,75,,126,65,,1,1539,79,-9,-9,1,2,1969
11,70,6,1,712,6685,X,19F,7e,1L,Ja,2,1,,,73,,217,67,,1,1128,33,7,5,1,2,1970
11,70,6,2,800,6686,X,18E,8f,1L,Ja,0,1,,,50,,314,69,,1,399,34,7,5,1,2,1970
11,70,5,2,713,6687,X,19E,0g,1L,Ja,0,2,1,,43,,133,69,,1,392,27,6,4,2,2,1970
11,70,5,3,801,6688,X,18E,9j,1L,Ja,0,1,,,59,,133,69,,1,393,28,6,4,1,2,1970
11,70,5,3,802,6689,X,18E,9j,1L,Ja,0,1,,,60,,133,69,,1,393,28,6,4,1,2,1970
11,70,3,7,714,6690,X,19E,0h,1L,Ja,0,1,,,55,,133,69,,1,383,18,4,3,1,2,1970
11,70,2,6,908,6691,X,18E,9j,1L,Ja,0,1,,,53,,133,69,,1,375,10,2,2,1,2,1970
11,70,4,6,909,6692,X,18E,9j,1L,Ja,2,2,1,,62,,133,67,,1,1119,24,5,4,2,2,1970
11,70,3,6,910,6693,X,19E,0h,1L,Ja,0,1,,,53,,133,69,,1,382,17,4,3,1,2,1970
11,70,2,5,803,6694,X,18E,9j,1L,Ja,1,2,1,,57,,133,68,,1,739,9,2,2,2,2,1970
11,70,4,1,804,6695,X,19E,0h,1L,Ja,0,1,,,54,,133,69,,1,384,19,4,3,1,2,1970
11,70,3,6,654,6696,X,19E,0h,1L,Ja,0,2,1,,50,,133,69,,1,382,17,4,3,2,2,1970
11,70,4,3,2219,6697,T,11E,0b,2H,Vr,8,2,,,59,,258,60,,1,3671,21,5,3,2,3,1970
11,70,5,6,156,6698,V,11D,2d,2H,Vr,1,2,1,,60,,366,68,,1,761,31,7,5,2,3,1970
11,70,6,5,1545,6699,S,10I,1b,3U,So,0,2,1,,50,,206,69,,1,402,37,8,6,2,4,1970
11,70,6,7,805,6700,F,11H,2j,3U,Up,0,2,,,55,,341,69,,1,404,39,8,6,2,4,1970
11,70,7,2,2006,6701,T,10E,7e,2H,Vr,0,2,,,47,,239,69,,1,406,41,9,6,2,3,1970
11,69,52,7,715,6702,X,16E,2b,1L,Hr,0,1,,,56,,468,69,,1,362,362,73,52,1,2,1969
11,70,7,4,716,6703,X,19E,1c,1L,Ja,0,1,,,63,,310,69,,1,408,43,9,7,1,2,1970
11,69,51,2,205,6704,V,18C,0f,1L,Hr,0,2,,,42,,299,69,,1,350,350,70,50,2,2,1969
11,69,51,5,206,6705,V,18C,0f,1L,Hr,5,,,,58,,299,64,,1,2178,353,71,51,,2,1969
11,70,4,6,157,6706,V,18C,0f,1L,Hr,3,2,,,45,,299,66,,1,1484,24,5,4,2,2,1970
11,70,7,4,806,6707,X,19E,6a,1L,Ja,0,2,1,,53,,45,69,,1,408,43,9,7,2,2,1970
11,70,6,5,717,6708,X,18G,5a,1L,Ja,0,1,,,55,,243,69,,1,402,37,8,6,1,2,1970
11,70,7,1,807,6709,X,18G,5a,1L,Ja,0,1,,,64,,243,69,,1,405,40,8,6,1,2,1970
11,70,4,4,3012,6710,X,18F,6a,1L,Ja,1,2,1,,55,,52,68,,1,752,22,5,4,2,2,1970
11,70,4,7,3013,6711,X,18F,6a,1L,Ja,0,2,1,,45,,52,69,,1,390,25,5,4,2,2,1970
11,70,4,8,3014,6712,X,18F,6a,1L,Ja,0,2,1,,60,,52,69,,1,387,22,-9,-9,2,2,1970
11,70,5,2,3015,6713,X,18F,6a,1L,Ja,0,1,,,65,,52,69,,1,392,27,6,4,1,2,1970
11,70,7,3,911,6714,F,17E,7f,1L,Ja,0,1,,,,,358,69,,1,407,42,9,6,1,2,1970
11,70,7,4,808,6715,X,19E,2i,1L,Ja,0,1,,,68,,211,69,,1,408,43,9,7,1,2,1970
11,70,7,4,912,6716,X,19E,2h,1L,Ja,0,2,1,,55,,211,69,,1,408,43,9,7,2,2,1970
11,70,7,8,304,6717,V,19E,6a,1L,Ja,0,2,1,,62,,45,69,,1,408,43,-9,-9,2,2,1970
11,70,6,6,718,6718,X,19F,7e,1L,Ja,0,1,,,62,,217,69,,1,403,38,8,6,1,2,1970
11,70,6,5,809,6719,X,19E,5a,1L,Ja,0,2,1,,46,,340,69,,1,402,37,8,6,2,2,1970
11,70,6,3,810,6720,X,17D,5d,1L,Hr,3,2,1,,46,,426,66,,1,1495,35,7,5,2,2,1970
11,70,6,7,811,6721,D,11F,3c,2H,Vs,0,2,1,,51,,410,69,,1,404,39,8,6,2,4,1970
11,70,7,1,719,6722,X,17D,5d,1L,Hr,2,2,,,48,,426,67,,1,1135,40,8,6,2,2,1970
11,70,7,1,812,6723,X,17D,5d,1L,Hr,2,2,2,,44,,426,67,,1,1135,40,8,6,2,2,1970
11,70,5,7,913,6724,X,17E,7d,1L,Ja,1,2,1,,47,,321,68,,1,762,32,7,5,2,2,1970
11,70,6,5,914,6725,X,17E,7d,1L,Ja,0,2,1,,53,,321,69,,1,402,37,8,6,2,2,1970
11,70,3,7,813,6726,X,20E,8e,1L,Ja,0,1,,,72,,112,69,,1,383,18,4,3,1,2,1970
11,70,6,5,1623,6727,X,20E,8e,1L,Ja,3,1,,,69,,112,66,,1,1497,37,8,6,1,2,1970
11,70,6,6,814,6728,X,20E,8e,1L,Ja,0,1,,,70,,112,69,,1,403,38,8,6,1,2,1970
11,70,6,2,815,6729,X,20E,8e,1L,Ja,3,2,1,,56,,112,66,,1,1494,34,7,5,2,2,1970
11,70,5,7,720,6730,X,18F,5c,1L,Ja,0,2,2,1,50,,420,69,,1,397,32,7,5,2,2,1970
11,70,6,6,816,6731,X,18F,5c,1L,Ja,0,1,,,57,,420,69,,1,403,38,8,6,1,2,1970
11,70,5,5,721,6732,X,17F,5a,1L,Ja,0,2,1,,45,,16,69,,1,395,30,6,5,2,2,1970
11,70,5,7,817,6733,X,17F,5a,1L,Ja,3,1,,,62,,16,66,,1,1492,32,7,5,1,2,1970
11,70,6,1,1354,6734,X,17F,5a,1L,Ja,0,1,,,60,,16,69,,1,398,33,7,5,1,2,1970
11,70,6,7,818,6735,X,17F,5a,1L,Ja,0,1,,,67,,16,69,,1,404,39,8,6,1,2,1970
11,70,6,3,1722,6736,X,19E,4a,1L,Ja,0,1,,,54,,342,69,,1,400,35,7,5,1,2,1970
11,70,6,3,722,6737,X,18F,3c,1L,Ja,0,1,,,53,,35,69,,1,400,35,7,5,1,2,1970
11,69,52,1,723,6738,X,18F,3c,1L,Ja,0,1,,,62,,35,69,,1,356,356,72,51,1,2,1969
11,70,6,5,819,6739,X,18G,7d,1L,Ja,0,1,,,53,,307,69,,1,402,37,8,6,1,2,1970
11,70,6,6,1029,6740,X,18G,7d,1L,Ja,3,1,,,55,,307,66,,1,1498,38,8,6,1,2,1970
11,70,4,5,724,6741,X,18G,5a,1L,Ja,3,2,1,,60,,243,66,,1,1483,23,5,4,2,2,1970
11,70,4,7,820,6742,X,18G,5a,1L,Ja,1,2,1,,53,,243,68,,1,755,25,5,4,2,2,1970
11,70,4,7,821,6743,X,18G,5a,1L,Ja,0,2,1,,50,,243,69,,1,390,25,5,4,2,2,1970
11,70,5,2,725,6744,X,18G,5a,1L,Ja,1,2,1,,51,,243,68,,1,757,27,6,4,2,2,1970
11,69,52,2,726,6745,F,19G,1e,1L,Ja,0,1,,,,,271,69,,1,357,357,72,51,1,2,1969
11,69,44,1,2220,6746,V,19G,1e,1L,Ja,0,1,,,,,271,69,,1,300,300,60,43,1,2,1969
11,69,50,3,207,6747,V,19G,1e,1L,Ja,0,2,1,,,,271,69,,1,344,344,69,50,2,2,1969
11,69,45,7,2144,6748,V,19G,1e,1L,Ja,1,1,,,,,271,68,,1,678,313,63,45,1,2,1969
11,69,49,4,2145,6749,V,19G,1e,1L,Ja,0,1,,,,,271,69,,1,338,338,68,49,1,2,1969
11,69,51,3,305,6750,V,19G,1e,1L,Ja,0,1,,,,,271,69,,1,351,351,71,51,1,2,1969
11,69,51,4,2355,6751,V,19G,1e,1L,Ja,0,1,,,,,271,69,,1,352,352,71,51,1,2,1969
11,70,2,1,306,6752,V,19G,1e,1L,Ja,2,2,1,,,,271,67,,1,1100,5,1,1,2,2,1970
11,70,1,5,208,6753,V,19G,1e,1L,Ja,0,1,,,,,271,69,,1,367,2,1,1,1,2,1970
11,70,6,3,822,6754,X,17D,4g,1L,Hr,2,2,1,,56,,211,67,,1,1130,35,7,5,2,2,1970
11,70,5,7,823,6755,X,18E,8j,1L,Ja,0,2,1,,54,,41,69,,1,397,32,7,5,2,2,1970
11,69,49,3,915,6756,D,17E,2b,1L,Hr,0,1,,,42,,281,69,,1,337,337,68,49,1,2,1969
11,69,49,5,916,6757,D,17E,2b,1L,Hr,0,1,,,,,281,69,,1,339,339,68,49,1,2,1969
11,69,51,8,158,6758,V,17E,2b,1L,Hr,0,1,,,,,281,69,,1,352,352,-9,-9,1,2,1969
11,69,51,6,824,6759,V,17E,2b,1L,Hr,0,1,,,,,281,69,,1,354,354,71,51,1,2,1969
11,70,1,4,825,6760,F,17E,2b,1L,Hr,0,2,1,,,,281,69,,1,366,1,1,1,2,2,1970
11,69,51,6,544,6761,T,17E,2b,1L,Hr,0,1,,,50,,281,69,,1,354,354,71,51,1,2,1969
11,70,5,6,307,6762,V,09F,5h,3U,Og,0,2,1,,,44,43,69,,1,396,31,7,5,2,5,1970
11,70,5,4,2356,6763,V,09F,5h,3U,Og,0,2,1,,,37,43,69,,1,394,29,6,5,2,5,1970
11,70,3,6,727,6764,X,16E,1c,1L,Hr,0,1,,,43,,319,69,,1,382,17,4,3,1,2,1970
11,70,3,7,728,6765,X,16E,1c,1L,Hr,0,2,1,,41,,319,69,,1,383,18,4,3,2,2,1970
11,70,4,6,729,6766,X,16E,1c,1L,Hr,2,1,,,54,,319,67,,1,1119,24,5,4,1,2,1970
11,70,4,7,730,6767,X,16E,1c,1L,Hr,2,1,,,55,,319,67,,1,1120,25,5,4,1,2,1970
11,70,5,6,731,6768,X,16E,1c,1L,Hr,2,1,,,48,,319,67,,1,1126,31,7,5,1,2,1970
11,70,5,7,732,6769,X,16E,1c,1L,Hr,0,,,,42,,319,69,,1,397,32,7,5,,2,1970
11,70,6,5,826,6770,X,18F,0c,1L,Ja,0,2,1,,35,,102,69,,1,402,37,8,6,2,2,1970
11,70,5,2,827,6771,X,18F,0c,1L,Ja,0,1,,,66,,102,69,,1,392,27,6,4,1,2,1970
11,70,5,7,733,6772,X,18F,0c,1L,Ja,0,1,,,64,,102,69,,1,397,32,7,5,1,2,1970
11,70,3,6,917,6773,X,19G,1e,1L,Ja,0,1,,,54,,399,69,,1,382,17,4,3,1,2,1970
11,70,5,3,828,6774,X,19E,5g,1L,Ja,3,1,,,81,,179,66,,1,1488,28,6,4,1,2,1970
11,70,6,2,734,6775,X,19E,5g,1L,Ja,0,1,,,65,,179,69,,1,399,34,7,5,1,2,1970
11,70,6,5,735,6776,X,19E,5g,1L,Ja,1,1,,,48,,179,68,,1,767,37,8,6,1,2,1970
11,70,4,7,736,6777,X,19G,1e,1L,Ja,0,1,,,63,,399,69,,1,390,25,5,4,1,2,1970
11,70,5,8,3016,6778,U,10I,1i,3U,So,1,1,,,,,32,68,,1,759,29,-9,-9,1,4,1970
11,70,5,8,3017,6779,U,10I,1i,3U,So,1,2,1,,,,32,68,,1,759,29,-9,-9,2,4,1970
11,70,5,8,3018,6780,U,10I,1i,3U,So,4,2,1,,,,32,65,,1,1854,29,-9,-9,2,4,1970
11,70,5,8,3019,6781,U,10I,1i,3U,So,0,1,,,,,32,69,,1,394,29,-9,-9,1,4,1970
11,70,5,8,3020,6782,U,10I,1i,3U,So,1,2,1,,,,32,68,,1,759,29,-9,-9,2,4,1970
11,70,5,8,3021,6783,U,10I,1i,3U,So,0,1,,,,,32,69,,1,394,29,-9,-9,1,4,1970
11,70,5,8,3022,6784,U,10I,1i,3U,So,3,1,,,,,32,66,,1,1489,29,-9,-9,1,4,1970
11,70,7,5,737,6785,X,20F,6h,1L,Ja,0,2,1,,54,,313,69,,1,409,44,9,7,2,2,1970
11,70,7,4,545,6786,X,20F,6h,1L,Ja,0,2,1,,50,,313,69,,1,408,43,9,7,2,2,1970
11,70,7,3,738,6787,X,20F,6h,1L,Ja,0,1,,,66,,313,69,,1,407,42,9,6,1,2,1970
11,70,5,6,3023,6788,X,20F,6h,1L,Ja,0,1,,,53,,313,69,,1,396,31,7,5,1,2,1970
11,70,7,5,739,6789,X,20F,6h,1L,Ja,0,2,1,,35,,313,69,,1,409,44,9,7,2,2,1970
11,70,7,6,740,6790,X,20F,6h,1L,Ja,0,1,,,58,,313,69,,1,410,45,9,7,1,2,1970
11,70,5,2,741,6791,X,20F,6h,1L,Ja,0,2,1,,50,,313,69,,1,392,27,6,4,2,2,1970
11,70,4,5,829,6792,X,20F,6h,1L,Ja,0,2,1,,50,,313,69,,1,388,23,5,4,2,2,1970
11,70,5,4,830,6793,X,20F,6h,1L,Ja,0,1,,,57,,313,69,,1,394,29,6,5,1,2,1970
11,70,7,1,742,6794,X,20F,6h,1L,Ja,0,1,,,65,,313,69,,1,405,40,8,6,1,2,1970
11,70,6,3,1546,6795,X,20F,6h,1L,Ja,0,1,,,65,,313,69,,1,400,35,7,5,1,2,1970
11,70,7,6,1355,6796,X,20F,6h,1L,Ja,0,2,1,,57,,313,69,,1,410,45,9,7,2,2,1970
11,70,8,1,655,6797,X,19E,5a,1L,Ja,2,1,,,50,,340,67,,1,1142,47,10,7,1,2,1970
11,70,8,4,743,6798,X,19E,5a,1L,Ja,0,2,1,,47,,340,69,,1,415,50,10,8,2,2,1970
11,70,8,5,656,6799,X,18F,3f,1L,Ja,6,1,,,63,,467,63,,1,2606,51,11,8,1,2,1970
11,70,8,1,744,6800,X,18E,8f,1L,Ja,0,1,,,69,,314,69,,1,412,47,10,7,1,2,1970
11,70,7,3,12,6801,V,11F,3c,2H,Vs,0,2,1,,47,,410,69,,1,407,42,9,6,2,4,1970
11,70,7,5,2221,6802,V,11F,2f,2H,Vs,0,2,,,51,,410,69,,1,409,44,9,7,2,4,1970
11,70,6,1,2357,6803,V,11F,3c,2H,Vs,0,2,1,,43,,410,69,,1,398,33,7,5,2,4,1970
11,70,8,6,403,6804,V,10E,7e,2H,Vr,0,2,1,,35,,239,69,,1,417,52,11,8,2,3,1970
11,70,8,4,2358,6805,S,10E,7e,2H,Vr,3,1,,,55,,239,66,,1,1510,50,10,8,1,3,1970
11,70,7,7,2146,6806,V,10G,1d,3U,So,0,2,1,,,49,43,69,,1,411,46,10,7,2,4,1970
11,70,7,7,2147,6807,V,10G,1d,3U,So,0,2,2,,,47,43,69,,1,411,46,10,7,2,4,1970
11,70,7,7,13,6808,V,10G,1d,3U,So,1,2,3,,,47,43,68,,1,776,46,10,7,2,4,1970
11,70,8,1,3024,6809,V,10G,1d,3U,So,1,2,1,,,48,43,68,,1,777,47,10,7,2,4,1970
11,70,7,4,2359,6810,V,09G,2b,3U,Og,0,2,1,,,43,43,69,,1,408,43,9,7,2,5,1970
11,70,7,7,745,6811,X,17E,7d,1L,Ja,3,1,,,68,,321,66,,1,1506,46,10,7,1,2,1970
11,70,7,5,746,6812,X,17E,7d,1L,Ja,3,1,,,54,,321,66,,1,1504,44,9,7,1,2,1970
11,70,8,7,1109,6813,V,10I,1b,3U,So,0,2,5,,57,,206,69,,1,418,53,11,8,2,4,1970
11,70,7,7,159,6814,V,10I,1b,3U,So,0,2,1,,57,,206,69,,1,411,46,10,7,2,4,1970
11,70,7,4,747,6815,X,17E,7d,1L,Ja,0,2,1,,40,,321,69,,1,408,43,9,7,2,2,1970
11,70,7,4,831,6816,X,17E,7d,1L,Ja,0,2,1,,43,,321,69,,1,408,43,9,7,2,2,1970
11,70,8,5,832,6817,X,18G,7d,1L,Ja,0,2,2,,49,,307,69,,1,416,51,11,8,2,2,1970
11,70,8,7,918,6818,X,18G,7d,1L,Ja,2,2,,,52,,307,67,,1,1148,53,11,8,2,2,1970
11,70,8,4,919,6819,X,20F,8e,1L,Ja,0,2,1,,46,,250,69,,1,415,50,10,8,2,2,1970
11,70,6,4,833,6820,X,20E,3d,1L,Ja,0,1,,,63,,259,69,,1,401,36,8,6,1,2,1970
11,70,7,4,920,6821,X,20E,3d,1L,Ja,3,1,,,74,,259,66,,1,1503,43,9,7,1,2,1970
11,70,8,2,834,6822,X,20E,3d,1L,Ja,0,1,,,56,,259,69,,1,413,48,10,7,1,2,1970
11,70,7,4,835,6823,X,19E,6a,1L,Ja,0,1,,,68,,340,69,,1,408,43,9,7,1,2,1970
11,70,5,7,1427,6824,G,16E,2b,1L,Hr,0,1,,,49,,204,69,,1,397,32,7,5,1,2,1970
11,70,7,6,748,6825,X,18G,5a,1L,Ja,2,2,1,,50,,243,67,,1,1140,45,9,7,2,2,1970
11,70,8,1,749,6826,X,18G,5a,1L,Ja,3,1,,,74,,243,66,,1,1507,47,10,7,1,2,1970
11,70,8,1,836,6827,X,18G,5a,1L,Ja,0,1,,,60,,243,69,,1,412,47,10,7,1,2,1970
11,70,8,4,837,6828,X,19E,4a,1L,Ja,0,2,1,,48,,342,69,,1,415,50,10,8,2,2,1970
11,70,7,6,657,6829,X,18F,3f,1L,Ja,2,1,,,67,,467,67,,1,1140,45,9,7,1,2,1970
11,70,7,8,750,6830,X,18F,3f,1L,Ja,2,1,,,63,,467,67,,1,1138,43,-9,-9,1,2,1970
11,70,7,7,751,6831,X,19E,1c,1L,Ja,0,1,,,71,,310,69,,1,411,46,10,7,1,2,1970
11,70,8,4,100,6832,V,11H,5i,3U,Up,0,2,3,,,,4,69,,1,415,50,10,8,2,4,1970
11,70,6,6,1356,6833,T,12H,3f,3U,Up,0,2,1,,,,4,69,,1,403,38,8,6,2,4,1970
11,70,8,5,101,6834,V,11I,5i,3U,Up,1,2,1,,,,4,68,,1,781,51,11,8,2,4,1970
11,70,8,7,2222,6835,V,11I,5i,3U,Up,0,2,1,,,,4,69,,1,418,53,11,8,2,4,1970
11,70,8,6,752,6836,X,19E,4a,1L,Ja,0,1,,,74,,342,69,,1,417,52,11,8,1,2,1970
11,70,8,7,658,6837,X,18F,3f,1L,Ja,0,2,,,59,,467,69,,1,418,53,11,8,2,2,1970
11,70,9,1,659,6838,X,18F,3f,1L,Ja,0,2,,,57,,467,69,,1,419,54,11,8,2,2,1970
11,70,3,2,838,6839,X,20F,7h,1L,Ja,1,1,,,70,,147,68,,1,743,13,3,2,1,2,1970
11,70,5,9,1428,6840,X,19E,6a,1L,Ja,0,1,,,52,,45,69,,1,394,29,-9,-9,1,2,1970
11,70,9,1,3025,6841,V,11B,0g,2H,Vr,6,2,5,,65,,440,63,,1,2609,54,11,8,2,3,1970
11,70,9,2,3026,6842,V,11B,0g,2H,Vr,0,1,,,67,,440,69,,1,420,55,11,8,1,3,1970
11,70,8,6,921,6843,X,18E,8f,1L,Ja,0,1,,,62,,314,69,,1,417,52,11,8,1,2,1970
11,70,8,7,753,6844,X,16E,2b,1L,Hr,2,2,,,40,,204,67,,1,1148,53,11,8,2,2,1970
11,70,9,2,546,6845,X,20E,2i,1L,Ja,3,1,,,65,,419,66,,1,1515,55,11,8,1,2,1970
11,70,8,6,1110,6846,X,20E,1j,1L,Ja,0,1,,,51,,108,69,,1,417,52,11,8,1,2,1970
11,70,5,5,1815,6847,X,20E,1j,1L,Ja,0,1,,,49,,108,69,,1,395,30,6,5,1,2,1970
11,70,7,2,754,6848,X,20E,1j,1L,Ja,3,1,,,73,,108,66,,1,1501,41,9,6,1,2,1970
11,70,7,5,1816,6849,X,20E,1j,1L,Ja,0,2,1,,52,,108,69,,1,409,44,9,7,2,2,1970
11,70,7,4,755,6850,F,20E,1j,1L,Ja,0,2,,,61,,108,69,,1,408,43,9,7,2,2,1970
11,70,5,6,3027,6851,X,18F,6a,1L,Ja,0,1,,,60,,52,69,,1,396,31,7,5,1,2,1970
11,70,6,1,3028,6852,X,18F,6a,1L,Ja,0,1,,,55,,52,69,,1,398,33,7,5,1,2,1970
11,70,5,9,3029,6853,X,18F,6a,1L,Ja,0,1,,,65,,52,69,,1,394,29,-9,-9,1,2,1970
11,70,7,5,3030,6854,X,18F,6a,1L,Ja,0,2,1,,45,,52,69,,1,409,44,9,7,2,2,1970
11,70,8,2,3031,6855,X,18F,6a,1L,Ja,0,1,,,80,,52,69,,1,413,48,10,7,1,2,1970
11,70,9,3,600,6856,X,18F,2g,1L,Ja,0,1,,,,,115,69,,1,421,56,12,8,1,2,1970
11,70,8,7,756,6857,X,18F,2g,1L,Ja,0,2,1,,,,115,69,,1,418,53,11,8,2,2,1970
11,70,6,2,1954,6858,F,18F,2g,1L,Ja,0,2,1,,,,115,69,,1,399,34,7,5,2,2,1970
11,70,6,6,757,6859,X,18F,2g,1L,Ja,3,1,,,,,115,66,,1,1498,38,8,6,1,2,1970
11,70,9,3,839,6860,X,17E,7d,1L,Ja,0,1,,,70,,321,69,,1,421,56,12,8,1,2,1970
11,70,7,5,758,6861,X,19E,4a,1L,Ja,2,1,,,67,,342,67,,1,1139,44,9,7,1,2,1970
11,70,7,7,840,6862,X,19E,4a,1L,Ja,0,1,,,70,,342,69,,1,411,46,10,7,1,2,1970
11,70,5,9,3032,6863,X,16E,6g,1L,Hr,0,2,,,46,,354,69,,1,394,29,-9,-9,2,2,1970
11,70,6,1,841,6864,X,16E,6g,1L,Hr,0,1,,,60,,354,69,,1,398,33,7,5,1,2,1970
11,70,8,6,3033,6865,X,18F,6a,1L,Ja,0,1,,,45,,52,69,,1,417,52,11,8,1,2,1970
11,70,9,1,3034,6866,X,18F,6a,1L,Ja,0,2,,,45,,52,69,,1,419,54,11,8,2,2,1970
11,70,7,5,3035,6867,X,20E,9d,1L,Ja,5,1,,,65,,52,64,,1,2234,44,9,7,1,2,1970
11,70,8,5,3036,6868,X,20E,9d,1L,Ja,0,1,,,70,,52,69,,1,416,51,11,8,1,2,1970
11,70,8,5,759,6869,X,19E,5g,1L,Ja,1,1,,,70,,179,68,,1,781,51,11,8,1,2,1970
11,70,8,1,3037,6870,X,19E,5g,1L,Ja,0,1,,,60,,179,69,,1,412,47,10,7,1,2,1970
11,70,7,4,700,6871,X,19E,5g,1L,Ja,0,2,1,,48,,179,69,,1,408,43,9,7,2,2,1970
11,70,5,7,601,6872,X,18E,2c,1L,Ja,3,1,,,73,,470,66,,1,1492,32,7,5,1,2,1970
11,70,5,1,701,6873,X,18E,2c,1L,Ja,0,1,,,68,,470,69,,1,391,26,6,4,1,2,1970
11,70,9,3,2148,6874,V,10E,7f,2H,Vr,4,2,4,,56,,249,65,,1,1881,56,12,8,2,3,1970
11,70,9,2,602,6875,X,19F,7e,1L,Ja,0,1,,,55,,217,69,,1,420,55,11,8,1,2,1970
11,70,9,6,842,6876,X,19F,7e,1L,Ja,0,1,,,61,,217,69,,1,424,59,12,9,1,2,1970
11,70,2,5,3038,6877,F,11F,8b,2H,Vs,0,1,,,70,,272,69,,1,374,9,2,2,1,4,1970
11,70,6,6,922,6878,F,11F,8b,2H,Vs,5,1,,,75,,272,64,,1,2228,38,8,6,1,4,1970
11,70,4,6,3039,6879,D,11F,8b,2H,Vs,2,1,,,64,,272,67,,1,1119,24,5,4,1,4,1970
11,70,6,6,3040,6880,V,11F,8b,2H,Vs,0,2,1,,47,,272,69,,1,403,38,8,6,2,4,1970
11,70,9,4,1111,6881,K,09H,4c,3U,So,0,2,3,,63,,125,69,,1,422,57,12,9,2,4,1970
11,70,9,6,102,6882,V,10E,7f,2H,Vr,0,2,1,,40,,249,69,,1,424,59,12,9,2,3,1970
11,70,7,6,3041,6883,F,09F,5h,3U,Og,0,2,1,,,35,43,69,,1,410,45,9,7,2,5,1970
11,70,7,1,3042,6884,V,09G,2b,3U,Og,2,2,1,,,55,43,67,,1,1135,40,8,6,2,5,1970
11,70,7,3,3043,6885,V,09G,2b,3U,Og,3,2,1,,,60,43,66,,1,1502,42,9,6,2,5,1970
11,70,8,7,1357,6886,D,09G,0d,3U,Og,7,2,5,,,51,43,62,,1,2973,53,11,8,2,5,1970
11,70,9,3,3044,6887,F,09G,2b,3U,Og,0,2,1,,50,,43,69,,1,421,56,12,8,2,5,1970
11,70,9,5,843,6888,X,20F,7h,1L,Ja,0,2,1,,51,,147,69,,1,423,58,12,9,2,2,1970
11,70,9,6,3045,6889,F,11C,2a,2H,Vr,1,2,2,,,,332,68,,1,789,59,12,9,2,3,1970
11,70,7,6,3046,6890,X,18F,6a,1L,Ja,0,1,,,80,,52,69,,1,410,45,9,7,1,2,1970
11,70,7,3,3047,6891,X,18F,6a,1L,Ja,0,2,1,,45,,52,69,,1,407,42,9,6,2,2,1970
11,70,7,5,3048,6892,X,18F,6a,1L,Ja,1,2,1,,50,,52,68,,1,774,44,9,7,2,2,1970
11,70,7,4,3049,6893,X,18F,6a,1L,Ja,0,1,,,80,,52,69,,1,408,43,9,7,1,2,1970
11,70,7,8,3050,6894,X,18F,6a,1L,Ja,0,2,,,55,,52,69,,1,408,43,-9,-9,2,2,1970
11,70,9,2,702,6895,X,18G,7d,1L,Ja,3,1,,,52,,307,66,,1,1515,55,11,8,1,2,1970
11,70,9,3,703,6896,X,18G,7d,1L,Ja,0,1,,,53,,307,69,,1,421,56,12,8,1,2,1970
11,70,9,3,844,6897,X,18G,7d,1L,Ja,0,2,1,,46,,307,69,,1,421,56,12,8,2,2,1970
11,70,9,5,845,6898,X,18G,7d,1L,Ja,6,1,,,55,,307,63,,1,2613,58,12,9,1,2,1970
11,70,6,7,603,6899,X,18E,2c,1L,Ja,0,1,,,65,,470,69,,1,404,39,8,6,1,2,1970
11,70,8,6,704,6900,X,18E,2d,1L,Ja,1,2,2,,42,,470,68,,1,782,52,11,8,2,2,1970
11,70,5,5,846,6901,X,18E,2d,1L,Ja,1,1,,,60,,470,68,,1,760,30,6,5,1,2,1970
11,70,8,7,705,6902,X,18E,2d,1L,Ja,0,2,1,,60,,470,69,,1,418,53,11,8,2,2,1970
11,70,5,4,706,6903,X,18E,2d,1L,Ja,0,1,,,61,,470,69,,1,394,29,6,5,1,2,1970
11,70,1,5,847,6904,X,18F,9a,1L,Ja,2,2,,,55,,451,67,,1,1097,2,1,1,2,2,1970
11,70,6,7,707,6905,X,19F,2a,1L,Ja,2,2,,,56,,451,67,,1,1134,39,8,6,2,2,1970
11,70,6,2,848,6906,X,19E,8c,1L,Ja,0,2,,,59,,451,69,,1,399,34,7,5,2,2,1970
11,70,4,5,849,6907,X,19E,8c,1L,Ja,0,2,,,39,,451,69,,1,388,23,5,4,2,2,1970
11,70,8,6,708,6908,X,19F,2a,1L,Ja,0,1,,,,,451,69,,1,417,52,11,8,1,2,1970
11,70,7,1,709,6909,X,19F,2a,1L,Ja,0,1,,,57,,451,69,,1,405,40,8,6,1,2,1970
11,70,8,5,850,6910,X,19E,8c,1L,Ja,0,1,,,63,,451,69,,1,416,51,11,8,1,2,1970
11,70,9,1,710,6911,X,19F,2a,1L,Ja,0,2,,,50,,451,69,,1,419,54,11,8,2,2,1970
11,70,3,6,851,6912,X,18F,9a,1L,Ja,0,1,,,64,,451,69,,1,382,17,4,3,1,2,1970
11,70,4,3,852,6913,X,19E,8c,1L,Ja,0,1,,,70,,451,69,,1,386,21,5,3,1,2,1970
11,70,5,9,3051,6914,X,19E,8c,1L,Ja,0,1,,,62,,451,69,,1,394,29,-9,-9,1,2,1970
11,70,3,3,923,6915,X,19E,8c,1L,Ja,0,1,,,70,,451,69,,1,379,14,3,2,1,2,1970
11,70,8,2,711,6916,X,18F,9a,1L,Ja,0,1,,,60,,451,69,,1,413,48,10,7,1,2,1970
11,70,8,3,712,6917,X,19E,8c,1L,Ja,0,1,,,57,,451,69,,1,414,49,10,7,1,2,1970
11,70,6,7,713,6918,X,19F,2a,1L,Ja,0,1,,,61,,451,69,,1,404,39,8,6,1,2,1970
11,70,5,9,714,6919,X,18F,9a,1L,Ja,0,1,,,59,,451,69,,1,394,29,-9,-9,1,2,1970
11,70,7,3,547,6920,X,17F,5a,1L,Ja,0,1,,,65,,16,69,,1,407,42,9,6,1,2,1970
11,70,8,1,924,6921,X,17F,5a,1L,Ja,2,1,,,60,,16,67,,1,1142,47,10,7,1,2,1970
11,70,8,1,715,6922,X,17F,5a,1L,Ja,3,1,,,77,,16,66,,1,1507,47,10,7,1,2,1970
11,70,9,4,548,6923,X,17F,5a,1L,Ja,3,2,4,,57,,16,66,,1,1517,57,12,9,2,2,1970
11,70,9,3,1723,6924,X,17F,8b,1L,Ja,0,1,,,51,,152,69,,1,421,56,12,8,1,2,1970
11,70,8,1,925,6925,X,20E,8e,1L,Ja,0,1,,,55,,112,69,,1,412,47,10,7,1,2,1970
11,70,7,6,1624,6926,X,20E,8e,1L,Ja,0,1,,,50,,112,69,,1,410,45,9,7,1,2,1970
11,70,7,6,853,6927,X,20E,8e,1L,Ja,1,1,,,71,,112,68,,1,775,45,9,7,1,2,1970
11,70,8,1,854,6928,X,20E,8e,1L,Ja,3,1,,,70,,112,66,,1,1507,47,10,7,1,2,1970
11,70,10,5,604,6929,X,20E,2i,1L,Ja,0,2,4,,50,,419,69,,1,430,65,13,10,2,2,1970
11,70,9,1,716,6930,X,20E,1j,1L,Ja,0,1,,,62,,108,69,,1,419,54,11,8,1,2,1970
11,70,9,4,1112,6931,X,20E,1j,1L,Ja,0,1,,,52,,108,69,,1,422,57,12,9,1,2,1970
11,70,8,1,855,6932,X,20E,1j,1L,Ja,0,1,,,56,,108,69,,1,412,47,10,7,1,2,1970
11,70,8,7,856,6933,X,20E,1j,1L,Ja,0,2,1,,48,,108,69,,1,418,53,11,8,2,2,1970
11,70,8,1,1113,6934,X,20E,1j,1L,Ja,0,1,,,73,,108,69,,1,412,47,10,7,1,2,1970
11,70,8,4,404,6935,X,20E,1j,1L,Ja,0,1,,,69,,108,69,,1,415,50,10,8,1,2,1970
11,70,8,3,926,6936,X,20E,1j,1L,Ja,0,2,1,,49,,108,69,,1,414,49,10,7,2,2,1970
11,70,9,4,1214,6937,X,20E,1j,1L,Ja,0,2,1,,59,,108,69,,1,422,57,12,9,2,2,1970
11,70,9,6,1030,6938,X,20E,1j,1L,Ja,0,1,,,55,,108,69,,1,424,59,12,9,1,2,1970
11,70,7,6,927,6939,X,20E,1j,1L,Ja,0,2,1,,52,,108,69,,1,410,45,9,7,2,2,1970
11,70,9,1,1031,6940,X,20E,1j,1L,Ja,0,1,,,51,,108,69,,1,419,54,11,8,1,2,1970
11,70,9,5,1429,6941,X,20E,1j,1L,Ja,3,1,,,69,,108,66,,1,1518,58,12,9,1,2,1970
11,70,8,1,928,6942,X,18E,9j,1L,Ja,0,2,1,,46,,133,69,,1,412,47,10,7,2,2,1970
11,70,8,6,929,6943,X,19E,0h,1L,Ja,0,1,,,60,,133,69,,1,417,52,11,8,1,2,1970
11,70,8,4,1032,6944,X,19E,0h,1L,Ja,0,2,1,,54,,133,69,,1,415,50,10,8,2,2,1970
11,70,7,3,717,6945,X,19E,0h,1L,Ja,0,1,,,66,,133,69,,1,407,42,9,6,1,2,1970
11,70,9,4,718,6946,X,19E,0g,1L,Ja,1,1,,,75,,133,68,,1,787,57,12,9,1,2,1970
11,70,7,4,719,6947,X,19E,0h,1L,Ja,0,1,,,59,,133,69,,1,408,43,9,7,1,2,1970
11,70,8,7,857,6948,X,19E,0h,1L,Ja,0,2,1,,59,,133,69,,1,418,53,11,8,2,2,1970
11,70,8,2,858,6949,X,19E,0g,1L,Ja,0,1,,,58,,133,69,,1,413,48,10,7,1,2,1970
11,70,9,3,720,6950,X,18E,9j,1L,Ja,0,1,,,55,,133,69,,1,421,56,12,8,1,2,1970
11,70,9,7,3052,6951,X,18F,6a,1L,Ja,0,1,,,60,,52,69,,1,425,60,12,9,1,2,1970
11,70,1,7,3053,6952,X,18F,6a,1L,Ja,0,1,,,65,,52,69,,1,369,4,1,1,1,2,1970
11,70,9,7,3054,6953,X,18F,6a,1L,Ja,0,1,,,65,,52,69,,1,425,60,12,9,1,2,1970
11,70,1,7,3055,6954,X,18F,6a,1L,Ja,1,2,2,,45,,52,68,,1,734,4,1,1,2,2,1970
11,70,9,6,859,6955,X,20E,8e,1L,Ja,3,2,5,,59,,112,66,,1,1519,59,12,9,2,2,1970
11,70,9,3,721,6956,X,20E,8e,1L,Ja,0,1,,,60,,112,69,,1,421,56,12,8,1,2,1970
11,70,7,7,722,6957,X,16E,6g,1L,Hr,0,1,,,73,,103,69,,1,411,46,10,7,1,2,1970
11,70,4,4,723,6958,X,16E,6g,1L,Hr,0,1,,,49,,103,69,,1,387,22,5,4,1,2,1970
11,70,6,4,724,6959,X,16E,6g,1L,Hr,3,1,,,66,,103,66,,1,1496,36,8,6,1,2,1970
11,70,5,7,725,6960,X,16E,6g,1L,Hr,3,2,1,,64,,103,66,,1,1492,32,7,5,2,2,1970
11,70,7,5,726,6961,X,16E,6g,1L,Hr,3,2,1,,,,103,66,,1,1504,44,9,7,2,2,1970
11,70,10,5,800,6962,X,19E,6a,1L,Ja,2,1,,,65,,45,67,,1,1160,65,13,10,1,2,1970
11,70,9,1,727,6963,X,21F,3i,1L,Ja,0,2,1,,60,,242,69,,1,419,54,11,8,2,2,1970
11,70,8,8,3056,6964,X,18F,3f,1L,Ja,0,1,,,79,,467,69,,1,415,50,-9,-9,1,2,1970
11,70,10,3,605,6965,X,18F,3f,1L,Ja,3,1,,,63,,467,66,,1,1523,63,13,9,1,2,1970
11,70,10,1,308,6966,V,19G,1e,1L,Ja,0,1,,,55,,271,69,,1,426,61,13,9,1,2,1970
11,70,6,5,1033,6967,X,18E,9j,1L,Ja,0,1,,,71,,224,69,,1,402,37,8,6,1,2,1970
11,70,5,3,801,6968,X,18E,9j,1L,Ja,0,1,,,63,,224,69,,1,393,28,6,4,1,2,1970
11,70,5,7,802,6969,X,18E,9j,1L,Ja,0,2,3,,49,,224,69,,1,397,32,7,5,2,2,1970
11,70,5,5,803,6970,X,18E,9j,1L,Ja,0,2,1,,43,,224,69,,1,395,30,6,5,2,2,1970
11,70,5,6,930,6971,X,18E,9j,1L,Ja,0,2,1,,47,,224,69,,1,396,31,7,5,2,2,1970
11,70,8,5,3057,6972,V,12C,5e,2H,Vr,4,2,1,,62,,295,65,,1,1876,51,11,8,2,3,1970
11,70,9,5,3058,6973,U,12C,5e,2H,Vr,3,2,1,,47,,295,66,,1,1518,58,12,9,2,3,1970
11,70,9,3,2223,6974,V,12H,4j,3U,Up,1,2,1,,,,4,68,,1,786,56,12,8,2,4,1970
11,70,9,4,2300,6975,V,12H,4j,3U,Up,0,2,1,,,,4,69,,1,422,57,12,9,2,4,1970
11,70,8,7,14,6976,V,12H,4j,3U,Up,0,2,1,,,,4,69,,1,418,53,11,8,2,4,1970
11,70,8,6,2224,6977,V,11H,5i,3U,Up,3,2,5,,,,4,66,,1,1512,52,11,8,2,4,1970
11,70,9,3,2149,6978,V,11H,5i,3U,Up,2,2,1,,,,4,67,,1,1151,56,12,8,2,4,1970
11,70,9,2,103,6979,V,11H,5i,3U,Up,0,2,4,,,,4,69,,1,420,55,11,8,2,4,1970
11,70,10,6,1358,6980,G,10I,7h,3U,Up,0,2,5,,70,,76,69,,1,431,66,14,10,2,4,1970
11,70,10,6,1359,6981,G,10I,7h,3U,Up,2,2,5,,71,,76,67,,1,1161,66,14,10,2,4,1970
11,70,10,6,1300,6982,U,10I,7h,3U,Up,0,1,,,60,,76,69,,1,431,66,14,10,1,4,1970
11,70,10,6,804,6983,F,11F,8b,2H,Vs,0,2,2,,45,,272,69,,1,431,66,14,10,2,4,1970
11,70,8,7,3059,6984,U,10I,2j,3U,So,0,2,1,,60,,256,69,,1,418,53,11,8,2,4,1970
11,70,8,7,3000,6985,U,10I,2j,3U,So,0,1,,,66,,256,69,,1,418,53,11,8,1,4,1970
11,70,8,7,3001,6986,U,10I,2j,3U,So,0,2,1,,59,,256,69,,1,418,53,11,8,2,4,1970
11,70,8,7,3002,6987,U,10I,2j,3U,So,0,2,1,,57,,256,69,,1,418,53,11,8,2,4,1970
11,70,8,7,3003,6988,U,10I,2j,3U,So,1,1,,,,,256,68,,1,783,53,11,8,1,4,1970
11,70,8,7,3004,6989,U,10I,2j,3U,So,0,2,2,,56,,256,69,,1,418,53,11,8,2,4,1970
11,70,8,7,3005,6990,U,10I,2j,3U,So,0,1,,,,,256,69,,1,418,53,11,8,1,4,1970
11,70,8,7,3006,6991,U,10I,2j,3U,So,0,2,1,,53,,256,69,,1,418,53,11,8,2,4,1970
11,70,8,7,3007,6992,U,10I,2j,3U,So,1,1,,,64,,256,68,,1,783,53,11,8,1,4,1970
11,70,7,4,1114,6993,D,09G,6c,3U,Og,6,2,1,,58,,43,63,,1,2598,43,9,7,2,5,1970
11,70,8,4,15,6994,V,09G,6c,3U,Og,2,2,1,,59,,43,67,,1,1145,50,10,8,2,5,1970
11,70,9,6,3008,6995,V,08G,4j,3U,Og,1,2,4,,,54,43,68,,1,789,59,12,9,2,5,1970
11,70,9,7,3009,6996,V,08G,4j,3U,Og,0,2,1,,,,43,69,,1,425,60,12,9,2,5,1970
11,70,9,6,3010,6997,V,09F,2e,3U,Og,3,2,4,,,49,43,66,,1,1519,59,12,9,2,5,1970
11,70,9,7,3011,6998,V,09F,2e,3U,Og,0,2,1,,,52,43,69,,1,425,60,12,9,2,5,1970
11,70,9,1,104,6999,V,12D,4f,2H,Vr,0,2,1,,45,,425,69,,1,419,54,11,8,2,3,1970
11,70,8,5,209,7000,V,12D,4f,2H,Vr,3,1,,,65,,425,66,,1,1511,51,11,8,1,3,1970
11,70,8,6,210,7001,V,12D,4f,2H,Vr,2,2,,,43,,425,67,,1,1147,52,11,8,2,3,1970
11,70,7,5,16,7002,V,12D,4f,2H,Vr,0,2,1,,48,,425,69,,1,409,44,9,7,2,3,1970
11,70,7,5,105,7003,V,12D,4f,2H,Vr,0,2,1,,42,,425,69,,1,409,44,9,7,2,3,1970
11,70,8,6,309,7004,V,12D,4f,2H,Vr,1,2,2,,48,,425,68,,1,782,52,11,8,2,3,1970
11,70,8,6,310,7005,V,12D,4f,2H,Vr,0,2,1,,45,,425,69,,1,417,52,11,8,2,3,1970
11,70,6,3,3012,7006,U,11I,8b,3U,Up,1,1,,,,,436,68,,1,765,35,7,5,1,4,1970
11,70,6,5,3013,7007,U,12I,1a,3U,Up,2,1,,,,,436,67,,1,1132,37,8,6,1,4,1970
11,70,8,5,3014,7008,U,12I,1a,3U,Up,8,2,1,,,,436,58,,1,4431,51,11,8,2,4,1970
11,69,46,8,3015,7009,U,10H,0b,3U,So,5,2,,,,,436,64,,1,2142,317,-9,-9,2,4,1969
11,70,11,3,17,7010,V,10E,7e,2H,Vr,3,2,,,62,,239,66,,1,1530,70,14,10,2,3,1970
11,70,11,2,606,7011,S,10E,7c,2H,Vr,2,2,4,,59,,46,67,,1,1164,69,14,10,2,3,1970
11,70,9,1,3016,7012,V,08G,7g,3U,Og,0,2,4,,,50,43,69,,1,419,54,11,8,2,5,1970
11,70,7,7,3017,7013,V,08G,7g,3U,Og,5,2,4,,,46,43,64,,1,2236,46,10,7,2,5,1970
11,70,7,6,3018,7014,V,09F,3g,3U,Og,2,2,1,,,54,43,67,,1,1140,45,9,7,2,5,1970
11,70,8,5,3019,7015,V,09F,3g,3U,Og,3,2,1,,,51,43,66,,1,1511,51,11,8,2,5,1970
11,70,10,6,1301,7016,G,09G,2a,3U,Og,2,2,1,,59,,43,67,,1,1161,66,14,10,2,5,1970
11,70,9,7,2301,7017,V,09F,5h,3U,Og,1,2,1,,,54,43,68,,1,790,60,12,9,2,5,1970
11,70,10,6,549,7018,V,12C,5e,2H,Vr,3,2,3,,,,295,66,,1,1526,66,14,10,2,3,1970
11,70,7,6,1034,7019,X,19E,3i,1L,Ja,3,2,2,,63,,401,66,,1,1505,45,9,7,2,2,1970
11,70,7,7,931,7020,X,19E,3i,1L,Ja,0,1,,,55,,401,69,,1,411,46,10,7,1,2,1970
11,70,4,5,1035,7021,X,19E,3i,1L,Ja,0,1,,,59,,401,69,,1,388,23,5,4,1,2,1970
11,70,3,1,1036,7022,X,19E,3i,1L,Ja,3,1,,,70,,401,66,,1,1472,12,3,2,1,2,1970
11,70,4,5,932,7023,X,19E,3i,1L,Ja,0,1,,,63,,401,69,,1,388,23,5,4,1,2,1970
11,70,1,5,728,7024,X,19E,4j,1L,Ja,0,2,1,,48,,401,69,,1,367,2,1,1,2,2,1970
11,70,8,6,1724,7025,X,19E,3i,1L,Ja,0,2,4,,55,,401,69,,1,417,52,11,8,2,2,1970
11,70,2,5,933,7026,X,19E,3i,1L,Ja,0,2,1,,46,,401,69,,1,374,9,2,2,2,2,1970
11,70,4,1,934,7027,X,19E,3i,1L,Ja,0,1,,,60,,401,69,,1,384,19,4,3,1,2,1970
11,70,8,4,729,7028,X,19E,3i,1L,Ja,2,1,,,67,,401,67,,1,1145,50,10,8,1,2,1970
11,70,8,6,1725,7029,U,19E,3i,1L,Ja,0,2,1,,50,,401,69,,1,417,52,11,8,2,2,1970
11,70,4,3,935,7030,X,19E,3i,1L,Ja,4,1,,,58,,401,65,,1,1846,21,5,3,1,2,1970
11,70,5,9,3020,7031,X,19E,3i,1L,Ja,5,2,1,,55,,401,64,,1,2219,29,-9,-9,2,2,1970
11,70,5,3,1037,7032,X,19E,3i,1L,Ja,0,1,,,65,,401,69,,1,393,28,6,4,1,2,1970
11,70,5,3,936,7033,X,19E,3i,1L,Ja,0,1,,,63,,401,69,,1,393,28,6,4,1,2,1970
11,70,7,6,937,7034,X,19E,3i,1L,Ja,4,1,,,63,,401,65,,1,1870,45,9,7,1,2,1970
11,70,11,5,805,7035,X,20F,8e,1L,Ja,0,2,1,,46,,250,69,,1,437,72,15,11,2,2,1970
11,70,11,1,1302,7036,T,18G,7d,1L,Ja,4,1,,,54,,307,65,,1,1893,68,14,10,1,2,1970
11,70,11,1,1726,7037,X,18G,7d,1L,Ja,0,2,5,,42,,307,69,,1,433,68,14,10,2,2,1970
11,70,8,1,3021,7038,X,18F,5c,1L,Ja,3,1,,,70,,420,66,,1,1507,47,10,7,1,2,1970
11,70,9,7,607,7039,X,18F,5c,1L,Ja,0,1,,,61,,420,69,,1,425,60,12,9,1,2,1970
11,70,10,3,730,7040,X,19E,5g,1L,Ja,1,1,,,63,,179,68,,1,793,63,13,9,1,2,1970
11,70,10,1,731,7041,X,19E,5g,1L,Ja,2,2,2,,44,,179,67,,1,1156,61,13,9,2,2,1970
11,70,10,2,732,7042,X,19E,5g,1L,Ja,0,1,,,64,,179,69,,1,427,62,13,9,1,2,1970
11,70,3,5,1303,7043,S,18C,4j,1L,Hr,3,1,,,65,,363,66,,1,1476,16,4,3,1,2,1970
11,70,9,6,1115,7044,S,18C,4j,1L,Hr,2,1,,,72,,363,67,,1,1154,59,12,9,1,2,1970
11,70,11,6,550,7045,X,20E,2i,1L,Ja,0,1,,,65,,419,69,,1,438,73,15,11,1,2,1970
11,70,5,7,3022,7046,X,18E,6h,1L,Ja,0,1,,,60,,52,69,,1,397,32,7,5,1,2,1970
11,70,6,6,3023,7047,X,18E,6h,1L,Ja,0,2,,,40,,52,69,,1,403,38,8,6,2,2,1970
11,70,6,6,3024,7048,X,18E,6h,1L,Ja,0,2,,,45,,52,69,,1,403,38,8,6,2,2,1970
11,70,5,7,3025,7049,X,18E,6h,1L,Ja,0,2,1,,45,,52,69,,1,397,32,7,5,2,2,1970
11,70,6,8,3026,7050,X,18E,6h,1L,Ja,0,1,,,70,,52,69,,1,401,36,-9,-9,1,2,1970
11,70,5,9,1116,7051,F,19E,2g,1L,Ja,0,1,,,60,,171,69,,1,394,29,-9,-9,1,2,1970
11,70,9,4,2225,7052,X,16E,6e,1L,Hr,6,2,,,64,,211,63,,1,2612,57,12,9,2,2,1970
11,70,5,9,3027,7053,F,18G,7i,1L,Ja,0,,,,,,356,69,,1,394,29,-9,-9,,2,1970
11,70,7,6,806,7054,X,19E,8c,1L,Ja,0,1,,,66,,211,69,,1,410,45,9,7,1,2,1970
11,70,7,5,807,7055,X,19E,8c,1L,Ja,0,1,,,62,,211,69,,1,409,44,9,7,1,2,1970
11,70,8,5,938,7056,X,19E,1h,1L,Ja,0,2,1,,48,,51,69,,1,416,51,11,8,2,2,1970
11,70,8,5,3028,7057,F,18G,7i,1L,Ja,0,,,,,,356,69,,1,416,51,11,8,,2,1970
11,70,9,1,808,7058,X,18F,9a,1L,Ja,3,1,,,70,,345,66,,1,1514,54,11,8,1,2,1970
11,70,5,7,3029,7059,X,18F,5c,1L,Ja,0,1,,,46,,315,69,,1,397,32,7,5,1,2,1970
11,70,9,4,2007,7060,X,16E,6e,1L,Hr,0,2,,,44,,211,69,,1,422,57,12,9,2,2,1970
11,70,8,3,809,7061,X,19E,1h,1L,Ja,0,1,,,54,,51,69,,1,414,49,10,7,1,2,1970
11,70,9,1,733,7062,F,19F,4a,1L,Ja,0,1,,,59,,219,69,,1,419,54,11,8,1,2,1970
11,70,10,4,734,7063,X,18E,2d,1L,Ja,0,2,1,,51,,470,69,,1,429,64,13,10,2,2,1970
11,70,9,7,608,7064,X,18E,2d,1L,Ja,3,1,,,68,,470,66,,1,1520,60,12,9,1,2,1970
11,70,10,1,609,7065,X,18E,2d,1L,Ja,3,2,2,,54,,470,66,,1,1521,61,13,9,2,2,1970
11,70,10,4,551,7066,X,18E,2c,1L,Ja,0,1,,,55,,470,69,,1,429,64,13,10,1,2,1970
11,70,9,3,735,7067,X,18E,3d,1L,Ja,0,2,1,,54,,470,69,,1,421,56,12,8,2,2,1970
11,70,9,7,736,7068,X,18E,3d,1L,Ja,3,1,,,75,,470,66,,1,1520,60,12,9,1,2,1970
11,70,11,5,610,7069,X,18G,7d,1L,Ja,0,2,4,,44,,307,69,,1,437,72,15,11,2,2,1970
11,70,9,5,737,7070,X,16E,6g,1L,Hr,4,1,,,65,,103,65,,1,1883,58,12,9,1,2,1970
11,70,8,6,738,7071,X,16E,6g,1L,Hr,2,1,,,68,,103,67,,1,1147,52,11,8,1,2,1970
11,70,11,5,611,7072,X,18G,5a,1L,Ja,2,2,1,,37,,243,67,,1,1167,72,15,11,2,2,1970
11,70,9,6,939,7073,X,18G,7d,1L,Ja,4,1,,,57,,307,65,,1,1884,59,12,9,1,2,1970
11,70,9,7,810,7074,X,18G,7d,1L,Ja,0,1,,,56,,307,69,,1,425,60,12,9,1,2,1970
11,70,11,7,739,7075,X,19E,6a,1L,Ja,1,1,,,62,,340,68,,1,804,74,15,11,1,2,1970
11,70,8,6,740,7076,X,18G,5a,1L,Ja,0,1,,,51,,243,69,,1,417,52,11,8,1,2,1970
11,70,9,5,612,7077,X,18G,5a,1L,Ja,3,1,,,67,,243,66,,1,1518,58,12,9,1,2,1970
11,70,9,4,811,7078,X,17D,5d,1L,Hr,0,1,,,69,,426,69,,1,422,57,12,9,1,2,1970
11,70,8,2,812,7079,X,17D,5d,1L,Hr,0,1,,,53,,426,69,,1,413,48,10,7,1,2,1970
11,69,47,4,1117,7080,S,18C,4j,1L,Hr,0,2,1,,45,,363,69,,1,324,324,65,47,2,2,1969
11,70,7,7,813,7081,X,18F,0c,1L,Ja,0,1,,,60,,102,69,,1,411,46,10,7,1,2,1970
11,70,9,6,211,7082,V,10I,1b,3U,So,2,2,3,,57,,206,67,,1,1154,59,12,9,2,4,1970
11,70,9,6,1215,7083,K,10I,1b,3U,So,0,1,,,67,,206,69,,1,424,59,12,9,1,4,1970
11,70,12,6,940,7084,U,10H,6j,3U,So,0,1,,,,,264,69,,1,445,80,16,12,1,4,1970
11,70,5,1,2150,7085,V,09G,2a,3U,Og,0,2,1,,,36,43,69,,1,391,26,6,4,2,5,1970
11,70,5,1,2226,7086,V,09G,2a,3U,Og,2,2,1,,,44,43,67,,1,1121,26,6,4,2,5,1970
11,70,5,3,3030,7087,V,09G,2b,3U,Og,1,2,,,,45,43,68,,1,758,28,6,4,2,5,1970
11,70,5,5,3031,7088,V,09F,3g,3U,Og,2,2,1,,,54,43,67,,1,1125,30,6,5,2,5,1970
11,70,6,2,3032,7089,T,09G,1g,3U,Og,0,2,,,,43,43,69,,1,399,34,7,5,2,5,1970
11,70,6,3,3033,7090,V,09G,0j,3U,Og,0,2,1,,,40,43,69,,1,400,35,7,5,2,5,1970
11,70,12,2,1817,7091,V,10I,7h,3U,Up,1,2,5,,64,,76,68,,1,806,76,16,11,2,4,1970
11,70,11,6,814,7092,X,17D,5d,1L,Hr,3,2,2,,50,,426,66,,1,1533,73,15,11,2,2,1970
11,70,11,6,941,7093,X,17D,5d,1L,Hr,3,1,,,76,,426,66,,1,1533,73,15,11,1,2,1970
11,70,11,2,741,7094,X,17D,5d,1L,Hr,3,1,,,46,,426,66,,1,1529,69,14,10,1,2,1970
11,70,5,9,3034,7095,X,18F,3f,1L,Ja,0,2,,,58,,467,69,,1,394,29,-9,-9,2,2,1970
11,70,5,9,3035,7096,X,18F,3f,1L,Ja,0,2,,,57,,467,69,,1,394,29,-9,-9,2,2,1970
11,70,8,6,742,7097,X,19F,7e,1L,Ja,0,1,,,59,,217,69,,1,417,52,11,8,1,2,1970
11,70,7,4,1625,7098,X,20E,8e,1L,Ja,2,1,,,70,,112,67,,1,1138,43,9,7,1,2,1970
11,70,7,5,743,7099,X,20E,8e,1L,Ja,0,2,1,,53,,112,69,,1,409,44,9,7,2,2,1970
11,70,10,6,744,7100,X,18G,7d,1L,Ja,0,2,3,,47,,307,69,,1,431,66,14,10,2,2,1970
11,70,9,3,745,7102,X,20E,4c,1L,Ja,0,1,,,62,,458,69,,1,421,56,12,8,1,2,1970
11,70,12,7,613,7103,X,20E,4c,1L,Ja,1,1,,,50,,458,68,,1,811,81,17,12,1,2,1970
11,70,12,6,614,7104,X,20E,4c,1L,Ja,0,2,1,,40,,458,69,,1,445,80,16,12,2,2,1970
11,70,9,5,615,7105,X,20E,4c,1L,Ja,2,2,1,,44,,458,67,,1,1153,58,12,9,2,2,1970
11,70,10,6,816,7106,X,19G,0c,1L,Ja,0,2,4,,40,,6,69,,1,431,66,14,10,2,2,1970
11,70,12,3,212,7107,V,10I,1b,3U,So,1,2,5,,66,,206,68,,1,807,77,16,11,2,4,1970
11,70,12,2,2302,7108,V,10I,1b,3U,So,0,1,,,68,,206,69,,1,441,76,16,11,1,4,1970
11,70,4,1,616,7109,X,19F,6b,1L,Ja,3,1,,,62,,461,66,,1,1479,19,4,3,1,2,1970
11,70,11,7,3036,7110,X,18F,5c,1L,Ja,0,2,4,,60,,52,69,,1,439,74,15,11,2,2,1970
11,70,12,4,3037,7111,X,18F,5c,1L,Ja,3,1,,,70,,52,66,,1,1538,78,16,12,1,2,1970
11,70,12,2,617,7112,X,18G,5a,1L,Ja,0,1,,,47,,243,69,,1,441,76,16,11,1,2,1970
11,70,13,6,817,7113,X,20E,4j,1L,Ja,0,2,4,,45,,352,69,,1,452,87,18,13,2,2,1970
11,70,11,4,746,7114,F,21F,3i,1L,Ja,0,1,,,48,,242,69,,1,436,71,15,11,1,2,1970
11,70,9,7,747,7115,X,17E,7d,1L,Ja,0,1,,,57,,321,69,,1,425,60,12,9,1,2,1970
11,70,13,4,618,7116,X,20E,5j,1L,Ja,0,1,,,56,,348,69,,1,450,85,17,13,1,2,1970
11,70,11,6,18,7117,V,19G,1e,1L,Ja,8,2,5,,60,,271,61,,1,3358,73,15,11,2,2,1970
11,70,12,2,748,7118,X,17D,5g,1L,Hr,0,1,,,53,,106,69,,1,441,76,16,11,1,2,1970
11,70,9,3,2227,7119,V,19E,5a,1L,Ja,0,2,1,,48,,340,69,,1,421,56,12,8,2,2,1970
11,70,9,5,405,7120,V,19E,6a,1L,Ja,3,1,,,79,,340,66,,1,1518,58,12,9,1,2,1970
11,70,9,3,311,7121,V,19E,6a,1L,Ja,7,2,1,,65,,339,62,,1,2976,56,12,8,2,2,1970
11,70,9,1,406,7122,V,19E,6a,1L,Ja,0,1,,,63,,339,69,,1,419,54,11,8,1,2,1970
11,70,9,4,749,7123,X,18F,5c,1L,Ja,2,1,,,60,,420,67,,1,1152,57,12,9,1,2,1970
11,70,9,3,750,7124,X,18F,5c,1L,Ja,0,2,4,,42,,420,69,,1,421,56,12,8,2,2,1970
11,70,10,3,818,7125,X,19G,1e,1L,Ja,0,2,3,,47,,399,69,,1,428,63,13,9,2,2,1970
11,70,13,1,1626,7126,X,20E,8e,1L,Ja,2,1,,,65,,112,67,,1,1177,82,17,12,1,2,1970
11,70,7,5,819,7127,X,18G,7d,1L,Ja,0,1,,,51,,307,69,,1,409,44,9,7,1,2,1970
11,70,7,7,820,7128,X,18G,7d,1L,Ja,3,2,1,,49,,307,66,,1,1506,46,10,7,2,2,1970
11,70,7,7,942,7129,X,18G,7d,1L,Ja,3,1,,,62,,307,66,,1,1506,46,10,7,1,2,1970
11,70,8,1,751,7130,X,18G,7d,1L,Ja,3,2,3,,46,,307,66,,1,1507,47,10,7,2,2,1970
11,70,8,1,943,7131,X,18G,7d,1L,Ja,8,1,,,52,,307,60,,1,3697,47,10,7,1,2,1970
11,70,11,5,752,7132,X,20F,6h,1L,Ja,0,1,,,50,,313,69,,1,437,72,15,11,1,2,1970
11,70,10,3,619,7133,X,20F,6h,1L,Ja,2,1,,,65,,313,67,,1,1158,63,13,9,1,2,1970
11,70,11,5,620,7134,X,20F,6h,1L,Ja,0,1,,,58,,313,69,,1,437,72,15,11,1,2,1970
11,70,11,5,621,7135,X,20F,6h,1L,Ja,0,2,2,,44,,313,69,,1,437,72,15,11,2,2,1970
11,70,8,5,312,7136,V,17E,2b,1L,Hr,2,2,1,,,35,281,67,,1,1146,51,11,8,2,2,1970
11,70,10,4,19,7137,V,17E,2b,1L,Hr,6,1,,,68,,281,63,,1,2619,64,13,10,1,2,1970
11,70,10,4,407,7138,V,17E,2b,1L,Hr,0,1,,,64,,281,69,,1,429,64,13,10,1,2,1970
11,70,7,8,3038,7139,X,18F,6a,1L,Ja,0,1,,,45,,52,69,,1,408,43,-9,-9,1,2,1970
11,70,9,6,3039,7140,X,18F,6a,1L,Ja,3,2,,,60,,52,66,,1,1519,59,12,9,2,2,1970
11,70,9,3,3040,7141,X,18F,6a,1L,Ja,1,1,,,60,,52,68,,1,786,56,12,8,1,2,1970
11,70,10,9,3041,7142,X,18F,6a,1L,Ja,0,2,4,,55,,52,69,,1,429,64,-9,-9,2,2,1970
11,70,10,9,3042,7143,X,18F,6a,1L,Ja,0,2,,,,,52,69,,1,429,64,-9,-9,2,2,1970
11,70,9,2,753,7144,X,19F,6b,1L,Ja,0,2,2,,45,,461,69,,1,420,55,11,8,2,2,1970
11,70,10,1,1955,7145,X,19F,6b,1L,Ja,2,2,3,,46,,461,67,,1,1156,61,13,9,2,2,1970
11,70,10,9,3043,7146,X,18F,5c,1L,Ja,0,2,,,50,,52,69,,1,429,64,-9,-9,2,2,1970
11,70,10,1,552,7147,X,19F,6b,1L,Ja,6,2,1,,41,,461,63,,1,2616,61,13,9,2,2,1970
11,70,10,4,3044,7148,X,20E,9d,1L,Ja,5,1,,,55,,52,64,,1,2254,64,13,10,1,2,1970
11,70,10,9,3045,7149,X,20E,9d,1L,Ja,3,1,,,50,,52,66,,1,1524,64,-9,-9,1,2,1970
11,70,10,6,3046,7150,X,20E,9d,1L,Ja,0,2,,,50,,52,69,,1,431,66,14,10,2,2,1970
11,70,10,4,3047,7151,X,18F,5c,1L,Ja,1,2,4,,45,,52,68,,1,794,64,13,10,2,2,1970
11,70,10,4,3048,7152,X,20E,9d,1L,Ja,3,1,,,80,,52,66,,1,1524,64,13,10,1,2,1970
11,70,4,7,553,7153,X,19F,6b,1L,Ja,4,1,,,61,,461,65,,1,1850,25,5,4,1,2,1970
11,70,9,3,2008,7154,X,19F,6b,1L,Ja,0,2,4,,40,,461,69,,1,421,56,12,8,2,2,1970
11,70,5,2,1216,7155,X,19F,6b,1L,Ja,7,1,,,58,,461,62,,1,2947,27,6,4,1,2,1970
11,70,6,5,554,7156,X,19F,6b,1L,Ja,1,2,1,,38,,461,68,,1,767,37,8,6,2,2,1970
11,70,5,4,622,7157,X,19F,6b,1L,Ja,3,1,,,65,,461,66,,1,1489,29,6,5,1,2,1970
11,70,4,6,555,7158,X,19F,6b,1L,Ja,0,1,,,68,,461,69,,1,389,24,5,4,1,2,1970
11,70,5,4,2228,7159,V,11D,0d,2H,Vr,0,2,1,,53,,10,69,,1,394,29,6,5,2,3,1970
11,70,11,4,313,7160,V,11D,3h,2H,Vr,1,2,5,,64,,10,68,,1,801,71,15,11,2,3,1970
11,70,5,3,623,7161,X,19F,6b,1L,Ja,0,1,,,70,,461,69,,1,393,28,6,4,1,2,1970
11,70,5,1,1304,7162,X,19F,6b,1L,Ja,0,1,,,40,,461,69,,1,391,26,6,4,1,2,1970
11,70,12,4,1038,7163,X,18G,5a,1L,Ja,0,1,,,63,,243,69,,1,443,78,16,12,1,2,1970
11,70,10,7,821,7164,F,10I,1b,3U,So,0,2,4,,48,,206,69,,1,432,67,14,10,2,4,1970
11,70,11,3,754,7165,F,10I,1b,3U,So,0,1,,,62,,206,69,,1,435,70,14,10,1,4,1970
11,70,12,1,3049,7166,V,08F,8j,3U,Og,6,2,5,,,65,43,63,,1,2630,75,15,11,2,5,1970
11,70,11,1,3050,7167,V,09F,5h,3U,Og,2,2,4,,,48,43,67,,1,1163,68,14,10,2,5,1970
11,70,11,4,3051,7168,V,09F,2e,3U,Og,0,2,1,,,49,43,69,,1,436,71,15,11,2,5,1970
11,70,11,4,3052,7169,V,09F,2e,3U,Og,0,2,1,,,39,43,69,,1,436,71,15,11,2,5,1970
11,70,10,7,755,7170,F,20E,1j,1L,Ja,0,2,1,,46,,108,69,,1,432,67,14,10,2,2,1970
11,70,10,4,756,7171,X,20E,1j,1L,Ja,0,1,,,48,,108,69,,1,429,64,13,10,1,2,1970
11,70,12,3,1039,7172,X,20E,1j,1L,Ja,0,2,4,,61,,108,69,,1,442,77,16,11,2,2,1970
11,70,11,4,822,7173,X,20E,7j,1L,Ja,0,1,,,61,,362,69,,1,436,71,15,11,1,2,1970
11,70,14,2,556,7174,X,18G,5a,1L,Ja,0,2,4,,39,,243,69,,1,455,90,18,13,2,2,1970
11,70,12,2,557,7175,S,18F,0c,1L,Ja,0,2,3,,42,,308,69,,1,441,76,16,11,2,2,1970
11,70,10,2,823,7176,X,19E,6a,1L,Ja,2,2,4,,54,,340,67,,1,1157,62,13,9,2,2,1970
11,70,10,2,757,7177,X,19E,6a,1L,Ja,1,2,3,,53,,340,68,,1,792,62,13,9,2,2,1970
11,70,11,7,624,7178,V,18C,4j,1L,Hr,0,1,,,56,,363,69,,1,439,74,15,11,1,2,1970
11,70,12,5,824,7179,V,18C,4j,1L,Hr,0,1,,,51,,363,69,,1,444,79,16,12,1,2,1970
11,70,14,4,408,7180,V,18G,7d,1L,Ja,3,2,5,,57,,307,66,,1,1552,92,19,14,2,2,1970
11,70,10,7,625,7181,X,16E,1c,1L,Hr,0,2,1,,39,,319,69,,1,432,67,14,10,2,2,1970
11,70,11,6,944,7182,X,20F,8e,1L,Ja,0,2,4,,43,,250,69,,1,438,73,15,11,2,2,1970
11,70,13,4,825,7183,F,20E,1j,1L,Ja,0,1,,,65,,108,69,,1,450,85,17,13,1,2,1970
11,70,12,5,626,7184,X,19E,1c,1L,Ja,0,2,5,,59,,310,69,,1,444,79,16,12,2,2,1970
11,70,4,7,826,7185,X,17D,5g,1L,Hr,0,2,1,,46,,106,69,,1,390,25,5,4,2,2,1970
11,70,6,1,827,7186,X,17D,5g,1L,Hr,0,1,,,66,,106,69,,1,398,33,7,5,1,2,1970
11,70,6,7,758,7187,X,17D,5g,1L,Hr,0,1,,,55,,106,69,,1,404,39,8,6,1,2,1970
11,70,8,4,759,7188,X,17D,5g,1L,Hr,5,1,,,60,,106,64,,1,2240,50,10,8,1,2,1970
11,70,8,5,627,7189,X,17D,5g,1L,Hr,2,2,,,53,,106,67,,1,1146,51,11,8,2,2,1970
11,70,8,5,700,7190,X,17D,5g,1L,Hr,1,1,,,56,,106,68,,1,781,51,11,8,1,2,1970
11,70,12,4,20,7191,V,19E,6a,1L,Ja,1,1,,,66,,45,68,,1,808,78,16,12,1,2,1970
11,70,8,2,828,7192,X,20E,7j,1L,Ja,3,2,1,,52,,362,66,,1,1508,48,10,7,2,2,1970
11,70,7,3,701,7193,X,20E,7j,1L,Ja,0,2,1,,51,,362,69,,1,407,42,9,6,2,2,1970
11,70,8,1,829,7194,X,20E,7j,1L,Ja,0,2,1,,58,,362,69,,1,412,47,10,7,2,2,1970
11,70,12,9,3053,7195,X,19E,1c,1L,Ja,5,2,3,,61,,310,64,,1,2268,78,-9,-9,2,2,1970
11,70,13,7,702,7196,X,20F,7h,1L,Ja,0,1,,,53,,147,69,,1,453,88,18,13,1,2,1970
11,70,13,6,628,7197,X,18G,7d,1L,Ja,0,2,5,,48,,307,69,,1,452,87,18,13,2,2,1970
11,70,12,3,2229,7198,V,19E,5a,1L,Ja,0,1,,,46,,340,69,,1,442,77,16,11,1,2,1970
11,70,12,1,945,7199,S,19E,5a,1L,Ja,0,1,,,60,,340,69,,1,440,75,15,11,1,2,1970
11,70,11,7,629,7200,F,18F,3f,1L,Ja,0,2,,,41,,467,69,,1,439,74,15,11,2,2,1970
11,70,11,7,703,7201,X,18F,3f,1L,Ja,3,1,,,72,,467,66,,1,1534,74,15,11,1,2,1970
11,69,53,2,21,7202,V,10D,6d,2H,Vr,0,1,,,81,,170,69,,1,364,364,73,52,1,3,1969
11,70,3,4,2303,7203,V,11D,3h,2H,Vr,1,2,1,,69,,170,68,,1,745,15,3,3,2,3,1970
11,70,6,4,2151,7204,V,11D,0e,2H,Vr,0,1,,,81,,170,69,,1,401,36,8,6,1,3,1970
11,70,6,4,2009,7205,V,11D,0e,2H,Vr,1,2,,,69,,170,68,,1,766,36,8,6,2,3,1970
11,70,4,1,2152,7206,V,11D,3h,2H,Vr,0,1,,,67,,170,69,,1,384,19,4,3,1,3,1970
11,70,5,1,2304,7207,V,10D,9f,2H,Vr,5,1,,,69,,170,64,,1,2216,26,6,4,1,3,1970
11,70,6,7,1430,7208,F,11D,0b,2H,Vr,0,1,,,55,,170,69,,1,404,39,8,6,1,3,1970
11,70,7,7,2153,7209,V,10D,7d,2H,Vr,2,1,,,77,,170,67,,1,1141,46,10,7,1,3,1970
11,70,9,2,2305,7210,V,11D,3h,2H,Vr,0,1,,,53,,170,69,,1,420,55,11,8,1,3,1970
11,70,9,4,2306,7211,V,11D,3h,2H,Vr,0,2,1,,44,,170,69,,1,422,57,12,9,2,3,1970
11,70,10,4,314,7212,V,11D,3h,2H,Vr,4,1,,,70,,170,65,,1,1889,64,13,10,1,3,1970
11,70,11,6,106,7213,V,11D,3h,2H,Vr,0,1,,,64,,170,69,,1,438,73,15,11,1,3,1970
11,69,50,1,558,7214,X,20F,6h,1L,Ja,3,1,,,92,,313,66,,1,1437,342,69,49,1,2,1969
11,69,50,3,1040,7215,X,20F,6h,1L,Ja,0,1,,,74,,313,69,,1,344,344,69,50,1,2,1969
11,69,50,1,559,7216,X,20F,6h,1L,Ja,0,1,,,63,,313,69,,1,342,342,69,49,1,2,1969
11,69,50,2,830,7217,X,20F,6h,1L,Ja,0,2,1,,55,,313,69,,1,343,343,69,49,2,2,1969
11,69,49,7,831,7218,X,20F,6h,1L,Ja,0,1,,,54,,313,69,,1,341,341,69,49,1,2,1969
11,70,3,1,409,7219,X,20F,6h,1L,Ja,0,2,1,,50,,313,69,,1,377,12,3,2,2,2,1970
11,70,3,2,500,7220,X,20F,6h,1L,Ja,0,2,1,,51,,313,69,,1,378,13,3,2,2,2,1970
11,70,4,1,832,7221,X,20F,6h,1L,Ja,0,2,1,,60,,313,69,,1,384,19,4,3,2,2,1970
11,70,3,6,833,7222,X,20F,6h,1L,Ja,0,2,,,50,,313,69,,1,382,17,4,3,2,2,1970
11,70,7,5,704,7223,X,19G,1e,1L,Ja,0,1,,,54,,399,69,,1,409,44,9,7,1,2,1970
11,70,7,1,1041,7224,X,19G,1e,1L,Ja,0,1,,,78,,399,69,,1,405,40,8,6,1,2,1970
11,70,7,1,834,7225,X,19G,1e,1L,Ja,0,1,,,55,,399,69,,1,405,40,8,6,1,2,1970
11,70,10,1,705,7226,X,17D,5d,1L,Hr,5,1,,,47,,426,64,,1,2251,61,13,9,1,2,1970
11,70,9,5,630,7227,X,18F,3f,1L,Ja,0,2,4,,51,,467,69,,1,423,58,12,9,2,2,1970
11,70,14,3,706,7228,X,20F,7h,1L,Ja,3,1,,,56,,147,66,,1,1551,91,19,13,1,2,1970
11,70,14,6,501,7229,X,20E,8e,1L,Ja,0,2,4,,41,,112,69,,1,459,94,19,14,2,2,1970
11,70,15,3,502,7230,X,19E,1c,1L,Ja,0,2,5,,58,,310,69,,1,463,98,20,14,2,2,1970
11,70,9,1,213,7231,V,11C,0f,2H,Vr,1,2,4,,70,,110,68,,1,784,54,11,8,2,3,1970
11,70,13,1,410,7232,X,20F,6h,1L,Ja,0,2,4,,51,,313,69,,1,447,82,17,12,2,2,1970
11,70,14,5,411,7233,X,20F,6h,1L,Ja,0,1,,,56,,313,69,,1,458,93,19,14,1,2,1970
11,70,8,4,631,7234,X,20F,6h,1L,Ja,0,1,,,50,,313,69,,1,415,50,10,8,1,2,1970
11,70,9,2,707,7235,X,20F,6h,1L,Ja,3,1,,,65,,313,66,,1,1515,55,11,8,1,2,1970
11,70,9,5,503,7236,X,20F,6h,1L,Ja,6,1,,,66,,313,63,,1,2613,58,12,9,1,2,1970
11,70,8,7,632,7237,X,20F,6h,1L,Ja,0,1,,,65,,313,69,,1,418,53,11,8,1,2,1970
11,70,15,1,504,7238,X,18G,7d,1L,Ja,3,2,5,,64,,307,66,,1,1556,96,20,14,2,2,1970
11,70,15,2,412,7239,V,18G,7d,1L,Ja,0,2,4,,30,,307,69,,1,462,97,20,14,2,2,1970
11,70,9,6,1217,7240,X,16E,2b,1L,Hr,0,1,,,56,,204,69,,1,424,59,12,9,1,2,1970
11,70,8,3,708,7241,X,18F,3f,1L,Ja,0,1,,,61,,467,69,,1,414,49,10,7,1,2,1970
11,70,8,5,835,7242,X,17E,7d,1L,Ja,3,2,2,,58,,321,66,,1,1511,51,11,8,2,2,1970
11,70,9,1,836,7243,X,17E,7d,1L,Ja,4,1,,,75,,321,65,,1,1879,54,11,8,1,2,1970
11,70,8,5,709,7244,X,20E,8e,1L,Ja,2,2,3,,53,,112,67,,1,1146,51,11,8,2,2,1970
11,70,8,7,946,7245,X,17E,7d,1L,Ja,3,2,1,,46,,321,66,,1,1513,53,11,8,2,2,1970
11,70,8,7,710,7246,X,20E,8e,1L,Ja,0,1,,,68,,112,69,,1,418,53,11,8,1,2,1970
11,70,8,6,711,7247,X,20E,8e,1L,Ja,3,2,1,,55,,112,66,,1,1512,52,11,8,2,2,1970
11,70,8,5,1627,7248,X,20E,8e,1L,Ja,0,2,1,,57,,112,69,,1,416,51,11,8,2,2,1970
11,70,8,7,947,7249,X,20E,8e,1L,Ja,2,2,1,,58,,112,67,,1,1148,53,11,8,2,2,1970
11,70,1,6,837,7250,S,17E,2b,1L,Hr,0,1,,,,50,281,69,,1,368,3,1,1,1,2,1970
11,70,9,3,505,7251,V,17E,2b,1L,Hr,0,2,1,,,35,281,69,,1,421,56,12,8,2,2,1970
11,70,14,4,2307,7252,V,19G,1e,1L,Ja,1,2,5,,61,,271,68,,1,822,92,19,14,2,2,1970
11,70,14,6,107,7253,V,19G,1e,1L,Ja,2,1,,,56,,271,67,,1,1189,94,19,14,1,2,1970
11,70,11,7,712,7254,X,19E,3i,1L,Ja,0,2,4,,60,,401,69,,1,439,74,15,11,2,2,1970
11,70,12,3,1118,7255,X,19E,3i,1L,Ja,3,2,5,,76,,401,66,,1,1537,77,16,11,2,2,1970
11,70,12,1,713,7256,X,19E,0h,1L,Ja,0,1,,,57,,133,69,,1,440,75,15,11,1,2,1970
11,70,10,4,714,7257,X,19E,0g,1L,Ja,0,2,1,,51,,133,69,,1,429,64,13,10,2,2,1970
11,70,10,5,948,7258,X,18E,9j,1L,Ja,2,2,5,,54,,133,67,,1,1160,65,13,10,2,2,1970
11,70,11,6,715,7259,X,19E,0h,1L,Ja,0,2,4,,43,,133,69,,1,438,73,15,11,2,2,1970
11,70,15,1,2230,7260,V,16E,6g,1L,Hr,2,1,,,65,,103,67,,1,1191,96,20,14,1,2,1970
11,70,13,6,108,7261,V,16E,6g,1L,Hr,3,2,4,,52,,103,66,,1,1547,87,18,13,2,2,1970
11,70,14,5,3054,7262,V,16E,6g,1L,Hr,6,2,4,,55,,103,63,,1,2648,93,19,14,2,2,1970
11,70,12,2,1119,7263,V,16E,6g,1L,Hr,0,2,4,,47,,103,69,,1,441,76,16,11,2,2,1970
11,70,15,3,716,7264,X,20F,7h,1L,Ja,0,1,,,61,,147,69,,1,463,98,20,14,1,2,1970
11,70,15,1,717,7265,X,20F,7h,1L,Ja,0,1,,,65,,147,69,,1,461,96,20,14,1,2,1970
11,70,15,7,1818,7266,S,18G,7d,1L,Ja,0,1,,,44,,307,69,,1,467,102,21,15,1,2,1970
11,70,14,6,1042,7267,S,17F,5a,1L,Ja,3,2,3,,51,,16,66,,1,1554,94,19,14,2,2,1970
11,70,6,9,633,7268,S,18E,2g,1L,Ja,2,2,,,,,66,67,,1,1131,36,-9,-9,2,2,1970
11,70,12,4,718,7269,X,20F,0f,1L,Ja,3,1,,,66,,211,66,,1,1538,78,16,12,1,2,1970
11,70,15,7,109,7270,V,19G,1e,1L,Ja,0,2,7,,46,,271,69,,1,467,102,21,15,2,2,1970
11,70,16,1,2231,7271,V,19G,1e,1L,Ja,0,1,,,65,,399,69,,1,468,103,21,15,1,2,1970
11,70,15,6,719,7272,F,18F,9a,1L,Ja,5,2,7,,,,211,64,,1,2291,101,21,15,2,2,1970
11,70,15,6,720,7273,F,18F,9a,1L,Ja,0,1,,,,,211,69,,1,466,101,21,15,1,2,1970
11,70,16,3,506,7274,S,18F,0c,1L,Ja,1,2,7,,46,,102,68,,1,835,105,21,15,2,2,1970
11,70,16,3,110,7275,V,18C,0f,1L,Hr,0,1,,3,66,,299,69,,1,470,105,21,15,1,2,1970
11,70,38,1,838,7276,F,09H,7f,3U,So,0,1,,1,51,,117,70,,1,257,257,52,37,1,4,1970
11,70,36,3,3055,7277,F,09H,7f,3U,So,0,1,,1,55,,117,70,,1,245,245,49,35,1,4,1970
11,70,37,6,1043,7278,S,19E,0i,1L,Ja,0,1,,1,46,,429,70,,1,255,255,51,37,1,2,1970
11,70,37,7,634,7279,D,09G,6c,3U,Og,3,1,,1,76,,43,67,,1,1351,256,52,37,1,5,1970
11,70,38,2,1044,7280,D,10I,2j,3U,So,3,1,,1,70,,256,67,,1,1353,258,52,37,1,4,1970
11,70,37,7,1547,7281,F,12D,1a,2H,Vr,0,1,,1,38,,216,70,,1,256,256,52,37,1,3,1970
11,70,3,2,413,7282,X,20F,9g,1L,Ja,0,2,1,,49,,386,69,,1,378,13,3,2,2,2,1970
11,70,41,6,839,7283,D,20E,4j,1L,Ja,0,1,,,61,,352,70,,1,283,283,57,41,1,2,1970
11,70,35,6,3056,7284,T,11F,4e,2H,Vs,0,1,,1,,,272,70,,1,241,241,49,35,1,4,1970
11,70,40,7,1120,7285,S,17E,7d,1L,Ja,0,1,,1,68,,321,70,,1,277,277,56,40,1,2,1970
11,70,41,1,949,7286,S,19E,0i,1L,Ja,0,2,,,62,,429,70,,1,278,278,56,40,2,2,1970
11,70,39,6,721,7287,F,18E,3f,1L,Ja,0,1,,1,31,,297,70,,1,269,269,54,39,1,2,1970
11,70,39,7,1727,7288,S,09H,1e,3U,So,1,1,,1,68,,125,69,,1,635,270,54,39,1,4,1970
11,70,39,6,722,7289,D,10E,1c,2H,Vr,1,1,,1,60,,406,69,,1,634,269,54,39,1,3,1970
11,70,38,2,507,7290,D,10E,1c,2H,Vr,1,1,,1,72,,406,69,,1,623,258,52,37,1,3,1970
11,70,39,7,1819,7291,L,10I,2j,3U,So,2,1,,1,73,,256,68,,1,1000,270,54,39,1,4,1970
11,70,39,3,508,7292,D,10E,4a,2H,Vr,0,1,,1,55,,46,70,,1,266,266,54,38,1,3,1970
11,70,39,6,3057,7293,+,19E,4f,1L,Ja,1,1,,1,38,,178,69,,1,634,269,54,39,1,2,1970
11,70,41,2,3058,7294,D,09G,2b,3U,Og,0,1,,1,,54,43,70,,1,279,279,56,40,1,5,1970
11,70,40,7,635,7295,S,09H,4c,3U,So,1,1,,1,71,,125,69,,1,642,277,56,40,1,4,1970
11,70,40,6,1045,7296,D,20E,4c,1L,Ja,0,1,,1,71,,458,70,,1,276,276,56,40,1,2,1970
11,70,42,3,2010,7297,V,19E,6a,1L,Ja,1,1,,,66,,340,69,,1,652,287,58,41,1,2,1970
11,70,38,6,414,7298,T,19E,0i,1L,Ja,0,1,,1,60,,429,70,,1,262,262,53,38,1,2,1970
11,70,40,3,3059,7299,D,09F,6j,3U,Og,0,1,,,,50,43,70,,1,273,273,55,39,1,5,1970
11,70,41,3,636,7300,F,18F,9a,1L,Ja,0,1,,1,,,142,70,,1,280,280,56,40,1,2,1970
11,70,42,7,637,7301,F,19E,2g,1L,Ja,1,2,1,,43,,171,69,,1,656,291,59,42,2,2,1970
11,70,41,3,638,7302,F,18F,9a,1L,Ja,0,1,,,31,,211,70,,1,280,280,56,40,1,2,1970
11,70,41,3,3000,7303,U,07D,8c,3U,Vg,1,1,,1,,,298,69,,1,645,280,56,40,1,5,1970
11,70,41,6,639,7304,F,12D,4f,2H,Vr,0,1,,1,55,,425,70,,1,283,283,57,41,1,3,1970
11,70,39,3,723,7305,U,03E,3e,4S,Bl,0,1,,1,72,,232,70,,1,266,266,54,38,1,5,1970
11,70,39,6,1628,7306,L,11H,2j,3U,Up,0,1,,1,57,,341,70,,1,269,269,54,39,1,4,1970
11,70,41,1,1121,7307,F,11H,2j,3U,Up,1,1,,1,67,,341,69,,1,643,278,56,40,1,4,1970
11,70,39,6,640,7308,F,12D,4f,2H,Vr,7,1,,1,41,,425,63,,1,2824,269,54,39,1,3,1970
11,70,41,4,840,7309,S,12D,4f,2H,Vr,0,1,,1,75,,425,70,,1,281,281,57,41,1,3,1970
11,70,37,1,509,7310,S,12D,4f,2H,Vr,1,1,,1,53,,425,69,,1,615,250,50,36,1,3,1970
11,70,40,6,3001,7311,D,19E,2g,1L,Ja,0,1,,1,,,171,70,,1,276,276,56,40,1,2,1970
11,70,40,7,1218,7312,F,19E,2g,1L,Ja,0,1,,1,43,,171,70,,1,277,277,56,40,1,2,1970
11,70,40,7,3002,7313,D,19E,2g,1L,Ja,0,1,,1,37,,171,70,,1,277,277,56,40,1,2,1970
11,70,40,9,3003,7314,F,18E,2h,1L,Ja,3,2,1,,,,66,67,,1,1369,274,-9,-9,2,2,1970
11,70,42,6,3004,7315,D,09G,2b,3U,Og,0,1,,1,,55,43,70,,1,290,290,58,42,1,5,1970
11,70,42,2,3005,7316,K,08G,9i,3U,Og,1,1,,1,,43,43,69,,1,651,286,58,41,1,5,1970
11,70,42,3,3006,7317,D,09G,2b,3U,Og,1,1,,1,,59,43,69,,1,652,287,58,41,1,5,1970
11,70,43,2,1629,7318,D,09F,5h,3U,Og,1,1,,1,,70,43,69,,1,658,293,59,42,1,5,1970
11,70,39,1,1820,7319,S,10H,7e,3U,So,0,1,,1,77,,382,70,,1,264,264,53,38,1,4,1970
11,70,43,3,724,7320,D,10H,7e,3U,So,1,1,,1,86,,382,69,,1,659,294,59,42,1,4,1970
11,70,43,5,725,7321,S,10I,1b,3U,So,0,2,1,,58,,206,70,,1,296,296,60,43,2,4,1970
11,70,43,1,3007,7322,D,18E,5e,1L,Ja,1,2,1,,,,364,69,,1,657,292,59,42,2,2,1970
11,70,42,7,641,7323,D,19E,0i,1L,Ja,0,2,,,54,,429,70,,1,291,291,59,42,2,2,1970
11,70,43,7,1219,7324,D,11D,5b,2H,Vr,1,1,,1,69,,113,69,,1,663,298,60,43,1,3,1970
11,70,43,3,1431,7325,S,02C,7i,4S,Sk,0,1,,1,85,,263,70,,1,294,294,59,42,1,5,1970
11,70,44,3,1122,7326,U,02C,7i,4S,Sk,0,1,,1,80,,263,70,,1,301,301,61,43,1,5,1970
11,70,43,3,1432,7327,S,02C,7i,4S,Sk,0,1,,1,51,,263,70,,1,294,294,59,42,1,5,1970
11,70,43,6,726,7328,F,19E,3h,1L,Ja,0,2,1,,,,317,70,,1,297,297,60,43,2,2,1970
11,70,42,9,3008,7329,D,19E,2i,1L,Ja,0,2,1,,47,,49,70,,1,288,288,-9,-9,2,2,1970
11,70,36,2,3009,7330,F,09I,9b,3U,So,0,2,,,46,,343,70,,1,244,244,49,35,6,4,1970
11,70,43,5,3010,7331,F,09I,9b,3U,So,1,1,,1,71,,343,69,,1,661,296,60,43,1,4,1970
11,70,36,2,3011,7332,F,09I,9b,3U,So,0,2,,,31,,343,70,,1,244,244,49,35,2,4,1970
11,70,36,7,3012,7333,F,09I,9b,3U,So,0,2,,,44,,343,70,,1,249,249,50,36,2,4,1970
11,70,41,1,3013,7334,F,09I,9b,3U,So,2,1,,1,61,,343,68,,1,1008,278,56,40,1,4,1970
11,70,36,7,1728,7335,S,09I,9b,3U,So,0,2,,,49,,343,70,,1,249,249,50,36,2,4,1970
11,70,42,7,950,7336,F,10E,7c,2H,Vr,0,1,,1,46,,46,70,,1,291,291,59,42,1,3,1970
11,70,43,5,1548,7337,S,10I,2j,3U,So,4,1,,1,80,,256,66,,1,1756,296,60,43,1,4,1970
11,70,43,7,642,7338,F,10I,2j,3U,So,0,1,,1,40,,256,70,,1,298,298,60,43,1,4,1970
11,70,43,2,1305,7339,D,03C,5d,4S,Sk,0,1,,1,,,2,70,,1,293,293,59,42,1,5,1970
11,70,44,1,841,7340,D,02D,7d,4S,Sk,0,1,,3,63,,9,70,,1,299,299,60,43,1,5,1970
11,70,43,7,951,7341,D,03D,0f,4S,Sk,5,1,,1,84,,9,65,,1,2123,298,60,43,1,5,1970
11,70,43,7,1123,7342,D,02D,8g,4S,Sk,0,1,,1,81,,9,70,,1,298,298,60,43,1,5,1970
11,70,43,6,1433,7343,D,03D,0f,4S,Sk,1,1,,1,85,,9,69,,1,662,297,60,43,1,5,1970
11,70,42,7,842,7344,D,11D,3h,2H,Vr,0,1,,1,74,,10,70,,1,291,291,59,42,1,3,1970
11,70,43,3,3014,7345,T,11D,3h,2H,Vr,2,1,,1,76,,10,68,,1,1024,294,59,42,1,3,1970
11,70,43,4,843,7346,U,11D,3h,2H,Vr,0,1,,1,66,,10,70,,1,295,295,59,43,1,3,1970
11,70,43,5,3015,7347,V,18F,3c,1L,Ja,0,1,,,55,,35,70,,1,296,296,60,43,1,2,1970
11,70,43,6,3016,7348,V,18F,3c,1L,Ja,1,1,,,57,,35,69,,1,662,297,60,43,1,2,1970
11,70,44,2,2232,7349,V,19E,6a,1L,Ja,0,1,,,59,,45,70,,1,300,300,60,43,1,2,1970
11,70,44,6,2308,7350,V,19E,6a,1L,Ja,1,1,,,80,,45,69,,1,669,304,61,44,1,2,1970
11,70,43,7,3017,7351,D,09G,2b,3U,Og,1,1,,1,,79,43,69,,1,663,298,60,43,1,5,1970
11,70,43,7,3018,7352,D,09G,1d,3U,Og,1,1,,1,,56,43,69,,1,663,298,60,43,1,5,1970
11,70,44,6,1124,7353,D,03D,8d,4S,Sk,0,1,,1,,,393,70,,1,304,304,61,44,1,5,1970
11,70,43,7,1306,7354,S,11H,2j,3U,Up,1,1,,1,80,,341,69,,1,663,298,60,43,1,4,1970
11,70,44,6,844,7355,F,11H,2j,3U,Up,0,1,,1,71,,341,70,,1,304,304,61,44,1,4,1970
11,70,45,2,1046,7356,F,11F,8b,2H,Vs,0,1,,1,55,,272,70,,1,307,307,62,44,1,4,1970
11,70,45,2,510,7357,V,19E,6a,1L,Ja,0,1,,,58,,45,70,,1,307,307,62,44,1,2,1970
11,70,45,3,845,7358,F,09H,7f,3U,So,0,1,,1,67,,117,70,,1,308,308,62,44,1,4,1970
11,70,45,1,1549,7359,L,09H,7f,3U,So,0,1,,1,59,,117,70,,1,306,306,62,44,1,4,1970
11,70,44,3,1550,7360,S,11E,1d,2H,Vr,0,1,,1,,,160,70,,1,301,301,61,43,1,3,1970
11,70,44,5,846,7361,S,10E,7c,2H,Vr,3,1,,1,78,,46,67,,1,1398,303,61,44,1,3,1970
11,70,43,7,1047,7362,D,19E,6a,1L,Ja,0,1,,,98,,340,70,,1,298,298,60,43,1,2,1970
11,70,44,2,1630,7363,S,19E,6a,1L,Ja,0,1,,,76,,340,70,,1,300,300,60,43,1,2,1970
11,70,45,6,1307,7364,F,09H,4c,3U,So,1,1,,1,82,,125,69,,1,676,311,63,45,1,4,1970
11,70,46,2,847,7365,K,03E,3e,4S,Bl,0,1,,1,71,,232,70,,1,314,314,63,45,1,5,1970
11,70,46,2,727,7366,K,03E,3e,4S,Bl,0,1,,1,73,,232,70,,1,314,314,63,45,1,5,1970
11,70,40,5,643,7367,F,18F,3f,1L,Ja,0,1,,1,64,,467,70,,1,275,275,55,40,1,2,1970
11,70,45,4,952,7368,D,20F,7h,1L,Ja,0,1,,1,57,,147,70,,1,309,309,62,45,1,2,1970
11,70,45,6,848,7369,F,20F,7h,1L,Ja,0,2,1,,52,,147,70,,1,311,311,63,45,2,2,1970
11,70,44,7,1125,7370,D,20F,7h,1L,Ja,0,1,,1,54,,147,70,,1,305,305,61,44,1,2,1970
11,70,45,3,728,7371,D,20F,7h,1L,Ja,0,1,,1,65,,147,70,,1,308,308,62,44,1,2,1970
11,70,44,7,1048,7372,D,20F,7h,1L,Ja,0,2,1,,52,,147,70,,1,305,305,61,44,2,2,1970
11,70,42,4,849,7373,F,18F,3f,1L,Ja,0,1,,1,72,,467,70,,1,288,288,58,42,1,2,1970
11,70,37,5,729,7374,F,18F,3f,1L,Ja,0,1,,1,61,,467,70,,1,254,254,51,37,5,2,1970
11,70,40,1,644,7375,F,18F,3f,1L,Ja,0,2,,,59,,467,70,,1,271,271,55,39,2,2,1970
11,70,45,2,111,7376,V,18C,0f,1L,Hr,0,2,,,56,,299,70,,1,307,307,62,44,2,2,1970
11,70,44,5,1551,7377,S,18C,0f,1L,Hr,0,2,,,31,,299,70,,1,303,303,61,44,2,2,1970
11,70,44,4,112,7378,V,18C,0f,1L,Hr,0,1,,1,61,,299,70,,1,302,302,61,44,1,2,1970
11,70,46,2,3019,7379,F,10D,8c,2H,Vr,0,1,,,,,17,70,,1,314,314,63,45,1,3,1970
11,70,46,2,2309,7380,V,10D,8c,2H,Vr,0,1,,,,,17,70,,1,314,314,63,45,1,3,1970
11,70,45,5,1729,7381,F,11C,6j,2H,Vr,0,1,,1,49,,288,70,,1,310,310,62,45,1,3,1970
11,70,45,1,1434,7382,D,20E,4c,1L,Ja,0,2,,,52,,458,70,,1,306,306,62,44,2,2,1970
11,70,45,8,1552,7383,T,10F,0b,3U,Na,0,1,,1,50,,272,70,,1,309,309,-9,-9,1,4,1970
11,70,45,6,850,7384,F,11C,3i,2H,Vr,0,1,,1,74,,427,70,,1,311,311,63,45,1,3,1970
11,70,45,2,3020,7385,D,11C,0i,2H,Vr,0,1,,1,75,,427,70,,1,307,307,62,44,1,3,1970
11,70,44,3,851,7386,F,11C,3i,2H,Vr,0,1,,1,70,,427,70,,1,301,301,61,43,1,3,1970
11,70,44,4,1435,7387,D,19E,0h,1L,Ja,0,1,,1,75,,429,70,,1,302,302,61,44,1,2,1970
11,70,45,7,1049,7388,D,11F,8b,2H,Vs,1,1,,1,72,,272,69,,1,677,312,63,45,1,4,1970
11,70,45,6,1126,7389,D,02D,7d,4S,Sk,0,1,,1,83,,9,70,,1,311,311,63,45,1,5,1970
11,70,46,2,1127,7390,D,02D,7d,4S,Sk,1,1,,1,73,,9,69,,1,679,314,63,45,1,5,1970
11,70,46,2,1308,7391,D,02D,7d,4S,Sk,0,1,,2,78,,9,70,,1,314,314,63,45,1,5,1970
11,70,47,7,953,7392,L,10E,7c,2H,Vr,1,1,,1,75,,46,69,,1,691,326,66,47,1,3,1970
11,70,44,7,954,7393,D,09F,5h,3U,Og,0,1,,1,,54,43,70,,1,305,305,61,44,1,5,1970
11,70,45,2,3021,7394,D,09G,2b,3U,Og,0,1,,1,,81,43,70,,1,307,307,62,44,1,5,1970
11,70,45,2,3022,7395,D,09G,2b,3U,Og,1,1,,1,,72,43,69,,1,672,307,62,44,1,5,1970
11,70,45,2,3023,7396,D,09G,2b,3U,Og,2,1,,1,,71,43,68,,1,1037,307,62,44,1,5,1970
11,70,45,2,3024,7397,D,09F,5h,3U,Og,0,1,,1,,58,43,70,,1,307,307,62,44,1,5,1970
11,70,45,1,3025,7398,V,09G,6h,3U,So,4,1,,1,,71,43,66,,1,1766,306,62,44,1,4,1970
11,70,46,2,730,7399,F,11H,2j,3U,Up,0,1,,1,49,,341,70,,1,314,314,63,45,1,4,1970
11,70,47,1,731,7400,F,11H,2j,3U,Up,0,1,,1,68,,341,70,,1,320,320,64,46,1,4,1970
11,70,46,5,2154,7401,V,10G,1g,3U,So,0,1,,2,71,,124,70,,1,317,317,64,46,1,4,1970
11,70,46,6,22,7402,V,10G,1g,3U,So,0,1,,1,75,,124,70,,1,318,318,64,46,1,4,1970
11,70,45,6,1436,7403,K,10G,1g,3U,So,3,1,,1,81,,124,67,,1,1406,311,63,45,1,4,1970
11,70,46,3,732,7404,F,18G,7d,1L,Ja,0,1,,1,43,,307,70,,1,315,315,63,45,1,2,1970
11,70,46,5,1309,7405,G,18G,7d,1L,Ja,0,1,,1,49,,307,70,,1,317,317,64,46,1,2,1970
11,70,45,7,733,7406,X,19F,1h,1L,Ja,0,1,,,60,,339,70,,1,312,312,63,45,1,2,1970
11,70,45,6,852,7407,X,20E,5j,1L,Ja,0,1,,1,86,,348,70,,1,311,311,63,45,1,2,1970
11,70,45,6,734,7408,X,16E,6g,1L,Hr,0,1,,1,55,,354,70,,1,311,311,63,45,1,2,1970
11,70,46,1,511,7409,X,18F,3f,1L,Ja,0,2,,,41,,467,70,,1,313,313,63,45,2,2,1970
11,70,46,7,3026,7410,D,11C,0i,2H,Vr,0,1,,1,72,,427,70,,1,319,319,64,46,1,3,1970
11,70,47,1,3027,7411,D,11C,3i,2H,Vr,0,1,,1,68,,427,70,,1,320,320,64,46,1,3,1970
11,70,46,3,3028,7412,D,11D,1b,2H,Vr,0,1,,1,90,,427,70,,1,315,315,63,45,1,3,1970
11,70,46,6,415,7413,V,10E,7f,2H,Vr,0,1,,1,56,,249,70,,1,318,318,64,46,1,3,1970
11,70,46,6,416,7414,V,10E,7f,2H,Vr,0,1,,1,53,,249,70,,1,318,318,64,46,1,3,1970
11,70,47,2,1050,7415,D,11F,8b,2H,Vs,1,1,,1,72,,272,69,,1,686,321,65,46,1,4,1970
11,70,47,1,2233,7416,T,17F,5a,1L,Ja,0,1,,1,33,,16,70,,1,320,320,64,46,1,2,1970
11,70,47,3,3029,7417,T,17F,5a,1L,Ja,1,2,1,,47,,16,69,,1,687,322,65,46,2,2,1970
11,70,46,6,2234,7418,V,19G,1e,1L,Ja,0,1,,1,57,,271,70,,1,318,318,64,46,1,2,1970
11,70,46,5,2155,7419,V,19G,1e,1L,Ja,1,1,,1,60,,271,69,,1,682,317,64,46,1,2,1970
11,70,47,2,735,7420,X,20E,8e,1L,Ja,0,2,,,54,,112,70,,1,321,321,65,46,2,2,1970
11,70,47,3,853,7421,X,18F,3c,1L,Ja,0,1,,1,53,,35,70,,1,322,322,65,46,1,2,1970
11,70,47,3,736,7422,X,18F,3c,1L,Ja,0,2,1,,42,,35,70,,1,322,322,65,46,2,2,1970
11,70,46,2,3030,7423,D,19E,2h,1L,Ja,0,1,,1,,,357,70,,1,314,314,63,45,1,2,1970
11,70,46,6,3031,7424,D,19E,2h,1L,Ja,0,1,,1,,,357,70,,1,318,318,64,46,1,2,1970
11,70,45,5,315,7425,V,18C,0f,1L,Ja,0,1,,1,56,,299,70,,1,310,310,62,45,1,2,1970
11,70,46,7,737,7426,X,18E,2h,1L,Ja,0,2,,,42,,268,70,,1,319,319,64,46,2,2,1970
11,70,46,2,1310,7427,S,20E,8e,1L,Ja,0,2,,,42,,112,70,,1,314,314,63,45,2,2,1970
11,70,47,5,955,7428,F,11C,6j,2H,Vr,1,1,,1,64,,288,69,,1,689,324,65,47,1,3,1970
11,70,45,3,1553,7429,F,17E,2b,1L,Hr,0,1,,,49,,281,70,,1,308,308,62,44,1,2,1970
11,70,46,6,113,7430,V,17E,2b,1L,Hr,0,2,,,32,,281,70,,1,318,318,64,46,2,2,1970
11,70,48,1,316,7431,V,17E,2b,1L,Hr,0,2,1,,50,,281,70,,1,327,327,66,47,2,2,1970
11,70,45,7,854,7432,S,02C,7i,4S,Sk,0,1,,1,86,,263,70,,1,312,312,63,45,1,5,1970
11,70,46,1,1554,7433,D,02C,7i,4S,Sk,2,1,,3,85,,263,68,,1,1043,313,63,45,1,5,1970
11,70,45,6,1128,7434,U,02C,7i,4S,Sk,1,1,,1,88,,263,69,,1,676,311,63,45,1,5,1970
11,70,46,4,3032,7435,K,02C,7i,4S,Sk,0,1,,3,86,,263,70,,1,316,316,64,46,1,5,1970
11,70,46,4,3033,7436,K,02C,7i,4S,Sk,1,1,,1,84,,263,69,,1,681,316,64,46,1,5,1970
11,70,46,4,3034,7437,K,02C,7i,4S,Sk,0,1,,,90,,263,70,,1,316,316,64,46,1,5,1970
11,70,45,4,738,7438,F,16E,6g,1L,Hr,0,1,,,62,,103,70,,1,309,309,62,45,1,2,1970
11,70,47,6,1051,7439,D,03D,1d,4S,Sk,0,1,,1,104,,223,70,,1,325,325,65,47,1,5,1970
11,70,48,1,956,7440,F,11F,8b,2H,Vs,0,1,,1,50,,272,70,,1,327,327,66,47,1,4,1970
11,70,47,3,739,7441,X,20E,8e,1L,Ja,0,1,,1,59,,112,70,,1,322,322,65,46,1,2,1970
11,70,47,4,740,7442,X,20E,8e,1L,Ja,0,1,,1,64,,112,70,,1,323,323,65,47,1,2,1970
11,70,48,1,1052,7443,D,11C,4e,2H,Vr,0,1,,1,55,,427,70,,1,327,327,66,47,1,3,1970
11,70,47,5,3035,7444,D,11C,4e,2H,Vr,0,1,,1,74,,427,70,,1,324,324,65,47,1,3,1970
11,70,47,6,855,7445,F,11C,1i,2H,Vr,2,1,,1,67,,427,68,,1,1055,325,65,47,1,3,1970
11,70,47,4,1311,7446,D,10D,8c,2H,Vr,4,1,,1,93,,140,66,,1,1783,323,65,47,1,3,1970
11,70,47,2,2235,7447,V,10D,7f,2H,Vr,1,1,,1,71,,75,69,,1,686,321,65,46,1,3,1970
11,70,48,3,957,7448,D,10I,1b,3U,So,1,2,1,,67,,206,69,,1,694,329,66,47,2,4,1970
11,70,47,7,1129,7449,D,10I,1b,3U,So,2,1,,1,73,,206,68,,1,1056,326,66,47,1,4,1970
11,70,48,2,3036,7450,D,11C,5g,2H,Vr,0,1,,1,46,,427,70,,1,328,328,66,47,1,3,1970
11,70,48,3,958,7451,F,11C,5g,2H,Vr,0,1,,1,59,,427,70,,1,329,329,66,47,1,3,1970
11,70,47,7,3037,7452,X,18F,6a,1L,Ja,0,1,,,60,,52,70,,1,326,326,66,47,1,2,1970
11,70,47,5,3038,7453,F,18F,6a,1L,Ja,0,1,,,50,,52,70,,1,324,324,65,47,1,2,1970
11,70,49,1,3039,7454,X,18F,6a,1L,Ja,2,1,,,70,,52,68,,1,1064,334,67,48,1,2,1970
11,70,48,5,1220,7455,D,20E,4j,1L,Ja,0,1,,1,65,,352,70,,1,331,331,67,48,1,2,1970
11,70,46,4,2236,7456,V,11D,3h,2H,Vr,0,1,,1,68,,10,70,,1,316,316,64,46,1,3,1970
11,70,48,1,2237,7457,V,11D,3h,2H,Vr,0,1,,1,72,,10,70,,1,327,327,66,47,1,3,1970
11,70,48,7,741,7458,F,19D,5h,1L,Ja,0,2,1,,46,,422,70,,1,333,333,67,48,2,2,1970
11,70,48,7,1053,7459,D,20E,4j,1L,Ja,0,2,1,,59,,352,70,,1,333,333,67,48,2,2,1970
11,70,45,7,742,7460,U,10H,1g,3U,So,1,1,,1,70,,138,69,,1,677,312,63,45,1,4,1970
11,70,38,4,959,7461,D,10H,1g,3U,So,0,1,,1,43,,138,70,,1,260,260,52,38,1,4,1970
11,70,46,6,1054,7462,D,10H,1g,3U,So,0,1,,1,56,,138,70,,1,318,318,64,46,1,4,1970
11,70,48,3,1221,7463,D,10D,8g,2H,Vr,0,1,,1,76,,389,70,,1,329,329,66,47,1,3,1970
11,70,47,1,645,7464,X,18F,3f,1L,Ja,0,2,,,42,,467,70,,1,320,320,64,46,2,2,1970
11,70,49,1,646,7465,X,18F,3f,1L,Ja,0,1,,1,74,,467,70,,1,334,334,67,48,1,2,1970
11,70,47,3,743,7466,X,18F,3f,1L,Ja,0,2,,,51,,467,70,,1,322,322,65,46,2,2,1970
11,70,49,1,214,7467,V,19E,6a,1L,Ja,0,2,1,,59,,45,70,,1,334,334,67,48,2,2,1970
11,70,48,7,512,7468,V,19E,6a,1L,Ja,1,2,,,61,,45,69,,1,698,333,67,48,2,2,1970
11,70,48,7,1055,7469,G,09E,8a,2H,Vr,1,1,,1,68,,21,69,,1,698,333,67,48,1,3,1970
11,70,48,2,2238,7470,V,18C,0f,1L,Ja,0,1,,,59,,299,70,,1,328,328,66,47,1,2,1970
11,70,48,3,417,7471,V,18C,0f,1L,Ja,0,2,,,51,,299,70,,1,329,329,66,47,2,2,1970
11,70,49,2,1956,7472,V,10D,6d,2H,Vr,0,1,,1,80,,170,70,,1,335,335,67,48,1,3,1970
11,70,50,2,114,7473,V,10B,5h,2H,Vr,0,1,,1,54,,81,70,,1,342,342,69,49,1,3,1970
11,70,49,9,3040,7474,S,20E,5j,1L,Ja,0,1,,,64,,348,70,,1,337,337,-9,-9,1,2,1970
11,70,49,3,900,7475,F,11B,1e,2H,Vr,1,1,,1,80,,136,69,,1,701,336,68,48,1,3,1970
11,70,49,2,856,7476,F,11C,0i,2H,Vr,0,1,,1,58,,427,70,,1,335,335,67,48,1,3,1970
11,70,49,5,3041,7477,F,11C,3i,2H,Vr,0,1,,3,65,,427,70,,1,338,338,68,49,1,3,1970
11,70,49,5,115,7478,V,10B,5h,2H,Vr,1,1,,1,69,,81,69,,1,703,338,68,49,1,3,1970
11,70,49,3,857,7479,F,19E,2g,1L,Ja,0,1,,3,81,,171,70,,1,336,336,68,48,1,2,1970
11,70,47,6,1312,7480,D,11H,2j,3U,Up,0,1,,1,67,,341,70,,1,325,325,65,47,1,4,1970
11,70,49,4,2310,7481,V,19G,0c,1L,Ja,0,2,,,44,,6,70,,1,337,337,68,49,2,2,1970
11,70,49,5,3042,7482,V,09G,2b,3U,Og,2,1,,1,,45,43,68,,1,1068,338,68,49,1,5,1970
11,70,49,5,3043,7483,D,09G,1d,3U,Og,2,1,,3,,76,43,68,,1,1068,338,68,49,1,5,1970
11,70,47,6,3044,7484,D,09G,2b,3U,Og,0,1,,1,,64,43,70,,1,325,325,65,47,1,5,1970
11,70,49,4,116,7485,V,18C,0f,1L,Ja,0,1,,1,56,,299,70,,1,337,337,68,49,1,2,1970
11,70,49,2,1130,7486,D,18C,0f,1L,Ja,4,1,,1,85,,299,66,,1,1795,335,67,48,1,2,1970
11,70,49,3,1555,7487,S,18C,0f,1L,Ja,0,2,,,46,,299,70,,1,336,336,68,48,2,2,1970
11,70,49,3,23,7488,V,19E,6a,1L,Ja,1,1,,1,90,,340,69,,1,701,336,68,48,1,2,1970
11,70,48,7,1131,7489,D,19E,6a,1L,Ja,4,2,,,75,,340,66,,1,1793,333,67,48,2,2,1970
11,70,49,6,1313,7490,D,19E,6a,1L,Ja,1,2,1,,,,340,69,,1,704,339,68,49,2,2,1970
11,70,48,6,1132,7491,V,02C,7i,4S,Sk,0,1,,1,92,,263,70,,1,332,332,67,48,1,5,1970
11,70,47,6,3045,7492,K,02C,7i,4S,Sk,0,1,,1,68,,263,70,,1,325,325,65,47,1,5,1970
11,70,43,6,24,7493,V,12C,9e,2H,Vr,1,1,,,,62,350,69,,1,662,297,60,43,1,3,1970
11,70,49,7,858,7494,F,12C,6g,2H,Vr,0,1,,3,66,,304,70,,1,340,340,68,49,1,3,1970
11,70,49,7,1133,7495,D,10I,1b,3U,So,0,1,,3,56,,206,70,,1,340,340,68,49,1,4,1970
11,70,49,5,1314,7496,V,10D,8c,2H,Vr,0,1,,1,,,141,70,,1,338,338,68,49,1,3,1970
11,70,44,7,1315,7497,G,12D,4f,2H,Vr,0,1,,1,63,,425,70,,1,305,305,61,44,1,3,1970
11,70,44,6,3046,7498,G,12D,4f,2H,Vr,1,1,,1,53,,425,69,,1,669,304,61,44,1,3,1970
11,70,49,7,513,7499,V,19E,6a,1L,Ja,0,2,1,,64,,45,70,,1,340,340,68,49,2,2,1970
11,70,43,7,1316,7500,S,18C,4j,1L,Hr,0,2,1,,41,,363,70,,1,298,298,60,43,2,2,1970
11,70,44,1,1222,7501,V,18C,4j,1L,Hr,0,1,,1,60,,363,70,,1,299,299,60,43,1,2,1970
11,70,44,2,1056,7502,S,18C,4j,1L,Hr,0,1,,1,52,,363,70,,1,300,300,60,43,1,2,1970
11,70,45,6,1317,7503,S,18C,4j,1L,Hr,0,2,1,,45,,363,70,,1,311,311,63,45,2,2,1970
11,70,46,1,1134,7504,S,18C,4j,1L,Hr,1,1,,1,66,,363,69,,1,678,313,63,45,1,2,1970
11,70,50,1,744,7505,V,20E,1j,1L,Ja,0,2,,,58,,108,70,,1,341,341,69,49,2,2,1970
11,70,50,1,317,7506,V,20E,1j,1L,Ja,1,2,,,61,,108,69,,1,706,341,69,49,2,2,1970
11,70,50,2,859,7507,V,20E,1j,1L,Ja,0,1,,,59,,108,70,,1,342,342,69,49,1,2,1970
11,70,49,7,800,7508,F,20E,1j,1L,Ja,0,1,,1,52,,108,70,,1,340,340,68,49,1,2,1970
11,70,45,4,801,7509,F,20E,1j,1L,Ja,0,2,1,,51,,108,70,,1,309,309,62,45,2,2,1970
11,70,41,1,318,7510,V,20E,1j,1L,Ja,0,2,,,56,,108,70,,1,278,278,56,40,2,2,1970
11,70,47,3,802,7511,F,20E,1j,1L,Ja,0,2,1,,53,,108,70,,1,322,322,65,46,2,2,1970
11,70,50,3,803,7512,F,20E,1j,1L,Ja,0,,,,61,,108,70,,1,343,343,69,49,,2,1970
11,70,48,4,215,7513,D,20E,1j,1L,Ja,0,1,,1,59,,108,70,,1,330,330,66,48,1,2,1970
11,70,50,3,745,7514,V,20E,1j,1L,Ja,0,2,,,46,,108,70,,1,343,343,69,49,2,2,1970
11,70,50,2,746,7515,V,20E,1j,1L,Ja,0,1,,,55,,108,70,,1,342,342,69,49,1,2,1970
11,70,50,2,3047,7516,X,18F,6a,1L,Ja,0,1,,,70,,52,70,,1,342,342,69,49,1,2,1970
11,70,50,2,3048,7517,X,18F,6a,1L,Ja,0,1,,,60,,52,70,,1,342,342,69,49,1,2,1970
11,70,49,6,3049,7518,X,18F,6a,1L,Ja,0,2,,,65,,52,70,,1,339,339,68,49,2,2,1970
11,70,49,7,3050,7519,X,18F,6a,1L,Ja,0,2,,,50,,52,70,,1,340,340,68,49,2,2,1970
11,70,50,2,3051,7520,X,18F,6a,1L,Ja,0,2,,,60,,52,70,,1,342,342,69,49,2,2,1970
11,70,50,2,1135,7521,S,20E,4c,1L,Ja,1,1,,1,87,,458,69,,1,707,342,69,49,1,2,1970
11,70,50,4,514,7522,V,19E,6a,1L,Ja,5,2,1,,70,,45,65,,1,2169,344,69,50,2,2,1970
11,70,50,5,804,7523,F,11H,2j,3U,Up,0,1,,3,65,,341,70,,1,345,345,69,50,1,4,1970
11,70,48,6,747,7524,X,20E,4c,1L,Ja,0,2,,,,,458,70,,1,332,332,67,48,2,2,1970
11,70,48,7,805,7525,X,20E,4c,1L,Ja,0,2,,,,,458,70,,1,333,333,67,48,2,2,1970
11,70,41,7,647,7526,D,11D,5b,2H,Vr,0,1,,1,58,,113,70,,1,284,284,57,41,1,3,1970
11,70,50,6,216,7527,V,11F,8b,2H,Vs,0,1,,3,65,,272,70,,1,346,346,70,50,1,4,1970
11,70,38,7,515,7528,L,03C,1i,4S,Sk,3,1,,1,100,,40,67,,1,1358,263,53,38,1,5,1970
11,70,39,5,1730,7529,U,03C,0i,4S,Sk,3,1,,1,100,,40,67,,1,1363,268,54,39,1,5,1970
11,70,40,5,648,7530,U,03C,0i,4S,Sk,0,1,,1,100,,40,70,,1,275,275,55,40,1,5,1970
11,70,42,1,1731,7531,F,03C,0i,4S,Sk,0,1,,1,83,,40,70,,1,285,285,57,41,1,5,1970
11,70,45,6,1556,7532,U,03C,1i,4S,Sk,0,1,,1,89,,40,70,,1,311,311,63,45,1,5,1970
11,70,46,4,1437,7533,U,03C,1i,4S,Sk,0,1,,1,82,,40,70,,1,316,316,64,46,1,5,1970
11,70,46,4,1318,7534,U,03C,0i,4S,Sk,0,1,,3,66,,40,70,,1,316,316,64,46,1,5,1970
11,70,51,2,3052,7535,U,10I,1b,3U,So,0,1,,1,67,,206,70,,1,349,349,70,50,1,4,1970
11,70,50,3,1057,7536,S,20E,8e,1L,Ja,0,2,,,61,,112,70,,1,343,343,69,49,2,2,1970
11,70,50,6,117,7537,V,12F,7a,2H,Dr,4,1,,3,83,,237,66,,1,1806,346,70,50,1,3,1970
11,70,51,3,2156,7538,T,18G,7d,1L,Ja,0,2,,,39,,307,70,,1,350,350,70,50,2,2,1970
11,70,50,7,748,7539,F,11C,0f,2H,Vr,0,1,,3,74,,110,70,,1,347,347,70,50,1,3,1970
11,70,49,7,1058,7540,D,19E,0h,1L,Ja,0,,,,47,,429,70,,1,340,340,68,49,,2,1970
11,70,49,6,1438,7541,D,19E,0i,1L,Ja,0,1,,,75,,429,70,,1,339,339,68,49,1,2,1970
11,70,49,5,25,7542,V,18G,7d,1L,Ja,1,2,1,,49,,307,69,,1,703,338,68,49,2,2,1970
11,70,50,5,749,7543,F,17F,5a,1L,Ja,0,2,1,,59,,16,70,,1,345,345,69,50,2,2,1970
11,70,51,1,806,7544,F,10H,1g,3U,So,0,1,,3,57,,138,70,,1,348,348,70,50,1,4,1970
11,70,49,2,1319,7545,L,10H,1g,3U,So,0,1,,1,71,,138,70,,1,335,335,67,48,1,4,1970
11,70,51,2,217,7546,V,12C,8f,2H,Vr,0,1,,1,62,,296,70,,1,349,349,70,50,1,3,1970
11,70,49,6,901,7547,F,12D,4f,2H,Vr,0,1,,1,52,,425,70,,1,339,339,68,49,1,3,1970
11,70,50,6,26,7548,V,12D,4f,2H,Vr,0,1,,1,62,,425,70,,1,346,346,70,50,1,3,1970
11,70,50,4,750,7549,F,12D,4f,2H,Vr,0,1,,3,65,,425,70,,1,344,344,69,50,1,3,1970
11,70,51,5,3053,7550,D,11D,0b,2H,Vr,0,1,,,,,303,70,,1,352,352,71,51,1,3,1970
11,70,48,3,1059,7551,D,11D,0b,2H,Vr,0,1,,1,65,,303,70,,1,329,329,66,47,1,3,1970
11,70,48,3,1136,7552,D,11D,0b,2H,Vr,1,1,,1,87,,303,69,,1,694,329,66,47,1,3,1970
11,70,50,7,1000,7553,D,10E,1c,2H,Vr,0,1,,3,71,,406,70,,1,347,347,70,50,1,3,1970
11,70,44,7,1137,7554,U,10E,1c,2H,Vr,0,1,,1,53,,406,70,,1,305,305,61,44,1,3,1970
11,70,50,1,807,7555,V,17E,2b,1L,Hr,0,2,1,,45,,281,70,,1,341,341,69,49,2,2,1970
11,70,48,3,319,7556,V,17E,2b,1L,Hr,4,2,1,,76,,281,66,,1,1789,329,66,47,2,2,1970
11,70,50,2,3054,7557,D,09G,2b,3U,Og,1,1,,1,,55,43,69,,1,707,342,69,49,1,5,1970
11,70,50,5,3055,7558,D,09G,2b,3U,Og,1,1,,3,,66,43,69,,1,710,345,69,50,1,5,1970
11,70,50,5,3056,7559,D,09G,2a,3U,Og,0,1,,1,,49,43,70,,1,345,345,69,50,1,5,1970
11,70,50,4,3057,7560,D,09G,2a,3U,Og,0,1,,1,,54,43,70,,1,344,344,69,50,1,5,1970
11,70,50,4,3058,7561,D,09G,2a,3U,Og,1,1,,1,,59,43,69,,1,709,344,69,50,1,5,1970
11,70,50,5,3059,7562,S,09G,2b,3U,Og,0,1,,3,,61,43,70,,1,345,345,69,50,1,5,1970
11,70,50,6,3000,7563,D,09F,5h,3U,Og,1,1,,1,,63,43,69,,1,711,346,70,50,1,5,1970
11,70,51,6,1223,7564,D,10C,5e,2H,Vr,2,1,,3,82,,335,68,,1,1083,353,71,51,1,3,1970
11,70,51,1,118,7565,V,18C,0f,1L,Hr,4,2,,,65,,299,66,,1,1808,348,70,50,2,2,1970
11,70,51,3,1001,7566,S,18C,0f,1L,Hr,0,2,,,53,,299,70,,1,350,350,70,50,2,2,1970
11,70,48,5,1320,7567,S,18C,0f,1L,Hr,0,1,,,71,,299,70,,1,331,331,67,48,1,2,1970
11,70,49,3,1002,7568,V,12C,5e,2H,Vr,0,1,,1,45,,295,70,,1,336,336,68,48,1,3,1970
11,70,51,2,2157,7569,V,12C,5e,2H,Vr,0,1,,1,78,,295,70,,1,349,349,70,50,1,3,1970
11,70,51,5,2239,7570,V,12C,5e,2H,Vr,1,1,,1,79,,295,69,,1,717,352,71,51,1,3,1970
11,70,50,3,2311,7571,V,12C,5e,2H,Vr,0,1,,3,70,,295,70,,1,343,343,69,49,1,3,1970
11,70,49,6,2240,7572,V,12C,5e,2H,Vr,0,1,,3,83,,295,70,,1,339,339,68,49,1,3,1970
11,70,53,2,218,7573,V,19E,6a,1L,Ja,2,1,,1,68,,45,68,,1,1093,363,73,52,1,2,1970
11,70,53,2,27,7574,V,10H,7e,3U,So,4,1,,3,81,,382,66,,1,1823,363,73,52,1,4,1970
11,70,51,6,1821,7575,V,17F,5a,1L,Ja,0,1,,1,46,,16,70,,1,353,353,71,51,1,2,1970
11,70,51,4,2011,7576,V,17F,5a,1L,Ja,1,1,,1,74,,16,69,,1,716,351,71,51,1,2,1970
11,70,43,3,649,7577,F,19D,5h,1L,Ja,0,2,1,,60,,422,70,,1,294,294,59,42,2,2,1970
11,70,43,2,1224,7578,D,19D,5h,1L,Ja,0,2,1,,62,,422,70,,1,293,293,59,42,2,2,1970
11,70,53,4,902,7579,K,11H,2j,3U,Up,1,1,,3,72,,341,69,,1,730,365,73,53,1,4,1970
11,71,1,1,1138,7580,F,11I,1a,3U,Up,1,1,,3,64,,341,69,,1,734,4,1,1,1,4,1971
11,70,53,2,1003,7581,G,11C,1j,2H,Vr,0,1,,3,65,,427,70,,1,363,363,73,52,1,3,1970
11,70,52,6,903,7582,F,11C,6j,2H,Vr,0,1,,1,50,,288,70,,1,360,360,72,52,1,3,1970
11,70,53,4,1139,7583,D,11E,7c,2H,Vr,3,1,,3,76,,248,67,,1,1460,365,73,53,1,3,1970
11,70,53,3,904,7584,D,11C,4e,2H,Vr,0,1,,3,63,,427,70,,1,364,364,73,52,1,3,1970
11,70,53,3,3001,7585,D,11C,0i,2H,Vr,0,1,,3,74,,427,70,,1,364,364,73,52,1,3,1970
11,71,0,7,28,7586,V,11D,0b,2H,Vr,0,1,,3,53,,303,70,,1,368,3,1,1,1,3,1971
11,70,50,7,1439,7587,D,09I,9b,3U,So,3,1,,3,79,,343,67,,1,1442,347,70,50,1,4,1970
11,70,47,5,3002,7588,F,09I,9b,3U,So,0,1,,1,58,,343,70,,1,324,324,65,47,1,4,1970
11,70,47,3,3003,7589,F,09I,9b,3U,So,1,1,,1,57,,343,69,,1,687,322,65,46,1,4,1970
11,70,52,1,3004,7590,F,09I,9b,3U,So,0,1,,3,67,,343,70,,1,355,355,71,51,1,4,1970
11,70,52,6,1004,7591,D,09I,9b,3U,So,1,1,,3,62,,343,69,,1,725,360,72,52,1,4,1970
11,70,52,7,219,7592,V,18C,0f,1L,Hr,1,2,,,65,,299,69,,1,726,361,73,52,2,2,1970
11,70,51,7,29,7593,V,18C,0f,1L,Hr,0,1,,1,55,,299,70,,1,354,354,71,51,1,2,1970
11,70,51,3,3005,7594,S,18C,0f,1L,Hr,1,2,,,54,,299,69,,1,715,350,70,50,2,2,1970
11,70,52,7,1321,7595,S,18C,0f,1L,Hr,0,2,,,53,,299,70,,1,361,361,73,52,2,2,1970
11,70,53,3,119,7596,V,18C,0f,1L,Hr,0,2,,,50,,299,70,,1,364,364,73,52,2,2,1970
11,71,0,7,516,7597,V,19E,6a,1L,Ja,0,2,1,,53,,45,70,,1,368,3,1,1,2,2,1971
11,70,52,6,1322,7598,D,19D,5h,1L,Ja,0,1,,3,63,,422,70,,1,360,360,72,52,1,2,1970
11,70,51,2,650,7599,F,18F,3f,1L,Ja,0,1,,3,73,,467,70,,1,349,349,70,50,1,2,1970
11,70,51,4,651,7600,X,18F,3f,1L,Ja,0,1,,2,69,,467,70,,1,351,351,71,51,1,2,1970
11,70,52,2,751,7601,X,18F,3f,1L,Ja,4,1,,1,75,,467,66,,1,1816,356,72,51,1,2,1970
11,71,1,3,808,7602,F,20E,4j,1L,Ja,0,2,1,,65,,352,70,,1,371,6,2,1,2,2,1971
11,70,52,2,752,7603,F,20E,4j,1L,Ja,0,1,,,61,,352,70,,1,356,356,72,51,1,2,1970
11,70,52,6,809,7604,F,19G,0f,1L,Ja,1,2,1,,,,352,69,,1,725,360,72,52,2,2,1970
11,70,52,2,3006,7605,F,11D,0d,2H,Vr,0,1,,3,,,233,70,,1,356,356,72,51,1,3,1970
11,71,1,4,120,7606,V,19E,1c,1L,Ja,0,2,1,,63,,310,70,,1,372,7,2,1,2,2,1971
11,71,1,5,30,7607,V,19E,1c,1L,Ja,0,1,,3,81,,310,70,,1,373,8,2,2,1,2,1971
11,70,43,5,652,7608,F,17D,5g,1L,Hr,0,2,1,,52,,106,70,,1,296,296,60,43,2,2,1970
11,70,46,7,2012,7609,F,17D,5g,1L,Hr,0,1,,1,50,,106,70,,1,319,319,64,46,1,2,1970
11,70,51,4,653,7610,F,17D,5g,1L,Hr,0,1,,1,60,,106,70,,1,351,351,71,51,1,2,1970
11,71,1,3,320,7611,V,16E,2b,1L,Hr,0,1,,3,58,,204,70,,1,371,6,2,1,1,2,1971
11,70,50,3,905,7612,S,16E,2b,1L,Hr,1,1,,,54,,204,69,,1,708,343,69,49,1,2,1970
11,70,50,6,121,7613,V,16E,2b,1L,Hr,0,1,,,130,,204,70,,1,346,346,70,50,1,2,1970
11,70,48,1,1140,7614,D,16E,2b,1L,Hr,0,1,,,53,,204,70,,1,327,327,66,47,1,2,1970
11,71,1,3,122,7615,V,16E,2b,1L,Hr,0,1,,3,71,,204,70,,1,371,6,2,1,1,2,1971
11,70,49,4,1440,7616,D,16E,2b,1L,Hr,0,2,,,93,,204,70,,1,337,337,68,49,2,2,1970
11,70,53,1,1557,7617,F,10I,2j,3U,So,0,1,,3,64,,256,70,,1,362,362,73,52,1,4,1970
11,70,40,5,906,7618,F,10I,2j,3U,So,3,1,,1,70,,256,67,,1,1370,275,55,40,1,4,1970
11,70,52,4,1631,7619,F,10I,2j,3U,So,0,1,,3,70,,256,70,,1,358,358,72,52,1,4,1970
11,70,52,5,1558,7620,F,10I,2j,3U,So,0,1,,3,69,,256,70,,1,359,359,72,52,1,4,1970
11,70,52,2,1559,7621,F,10I,2j,3U,So,0,1,,1,62,,256,70,,1,356,356,72,51,1,4,1970
11,70,46,2,1005,7622,G,11D,5b,2H,Vr,0,1,,1,50,,312,70,,1,314,314,63,45,1,3,1970
11,70,42,5,1632,7623,L,11D,5b,2H,Vr,0,1,,1,66,,312,70,,1,289,289,58,42,1,3,1970
11,71,0,5,810,7624,F,20E,8e,1L,Ja,0,1,,1,63,,112,70,,1,366,1,1,1,1,2,1971
11,70,53,4,811,7625,X,20E,8e,1L,Ja,0,2,1,,,,112,70,,1,365,365,73,53,2,2,1970
11,71,1,1,812,7626,X,20E,8e,1L,Ja,0,2,1,,56,,112,70,,1,369,4,1,1,2,2,1971
11,70,51,7,907,7627,K,03E,3e,4S,Bl,0,1,,3,84,,232,70,,1,354,354,71,51,1,5,1970
11,71,2,1,418,7628,V,18G,5a,1L,Ja,4,2,1,,51,,243,66,,1,1836,11,3,2,2,2,1971
11,71,1,7,1225,7629,S,18C,0f,1L,Hr,0,1,,1,53,,299,70,,1,375,10,2,2,1,2,1971
11,71,1,6,31,7630,V,18C,0f,1L,Hr,3,1,,3,79,,299,67,,1,1469,9,2,2,1,2,1971
11,71,1,7,321,7631,V,18C,0f,1L,Hr,0,2,,,62,,299,70,,1,375,10,2,2,2,2,1971
11,71,2,4,123,7632,V,22E,1e,1L,Ja,0,1,,3,77,,73,70,,1,379,14,3,2,1,2,1971
11,71,0,6,322,7633,V,18G,7d,1L,Ja,0,1,,1,59,,307,70,,1,367,2,1,1,1,2,1971
11,71,1,3,908,7634,F,11B,1e,2H,Vr,4,1,,3,80,,136,66,,1,1831,6,2,1,1,3,1971
11,71,1,6,3007,7635,S,11C,3i,2H,Vr,0,1,,3,76,,427,70,,1,374,9,2,2,1,3,1971
11,71,1,1,909,7636,F,11C,5g,2H,Vr,0,1,,,67,,427,70,,1,369,4,1,1,1,3,1971
11,71,1,7,1141,7637,S,20E,4c,1L,Ja,0,2,1,,55,,458,70,,1,375,10,2,2,2,2,1971
11,71,1,6,1006,7638,S,20E,4c,1L,Ja,0,2,1,,60,,458,70,,1,374,9,2,2,2,2,1971
11,70,51,7,3008,7639,D,17E,2b,1L,Hr,0,1,,1,81,,281,70,,1,354,354,71,51,1,2,1970
11,71,1,6,419,7640,V,17E,2b,1L,Hr,1,1,,3,75,,281,69,,1,739,9,2,2,1,2,1971
11,70,53,4,1142,7641,S,10H,1g,3U,So,0,1,,3,69,,138,70,,1,365,365,73,53,1,4,1970
11,70,53,2,1441,7642,D,10H,1g,3U,So,1,1,,1,80,,138,69,,1,728,363,73,52,1,4,1970
11,70,53,2,1143,7643,D,10H,1g,3U,So,0,1,,3,71,,138,70,,1,363,363,73,52,1,4,1970
11,70,53,3,910,7644,G,10H,1g,3U,So,0,1,,3,62,,138,70,,1,364,364,73,52,1,4,1970
11,70,53,2,1323,7645,D,10H,1g,3U,So,1,1,,3,85,,138,69,,1,728,363,73,52,1,4,1970
11,70,53,3,1007,7646,G,10H,1g,3U,So,0,1,,1,60,,138,70,,1,364,364,73,52,1,4,1970
11,70,49,3,1144,7647,K,02C,7i,4S,Sk,0,1,,1,76,,263,70,,1,336,336,68,48,1,5,1970
11,70,52,2,1008,7648,K,02C,7i,4S,Sk,1,1,,3,76,,263,69,,1,721,356,72,51,1,5,1970
11,70,52,7,3009,7649,D,11F,8b,2H,Vs,3,1,,3,92,,272,67,,1,1456,361,73,52,1,4,1970
11,71,1,7,1145,7650,F,11H,2j,3U,Up,0,2,1,,48,,341,70,,1,375,10,2,2,2,4,1971
11,71,2,1,813,7651,F,11H,2j,3U,Up,0,1,,3,61,,341,70,,1,376,11,3,2,1,4,1971
11,71,1,6,911,7652,D,09G,0d,3U,Og,1,1,,3,,62,43,69,,1,739,9,2,2,1,5,1971
11,70,53,2,3010,7653,V,09G,2b,3U,Og,0,1,,3,,51,43,70,,1,363,363,73,52,1,5,1970
11,70,53,2,3011,7654,D,09G,1d,3U,Og,0,1,,3,,59,43,70,,1,363,363,73,52,1,5,1970
11,71,0,5,3012,7655,V,09G,2b,3U,Og,0,1,,3,,65,43,70,,1,366,1,1,1,1,5,1971
11,71,0,5,3013,7656,D,09G,2b,3U,Og,5,1,,3,,49,43,65,,1,2191,1,1,1,1,5,1971
11,71,0,7,3014,7657,D,09G,0d,3U,Og,0,1,,3,,62,43,70,,1,368,3,1,1,1,5,1971
11,71,0,7,3015,7658,D,09G,0d,3U,Og,4,1,,3,,69,43,66,,1,1828,3,1,1,1,5,1971
11,71,0,7,3016,7659,F,09G,2a,3U,Og,0,1,,3,,45,43,70,,1,368,3,1,1,1,5,1971
11,71,1,6,1009,7660,D,09G,0d,3U,Og,5,1,,3,,79,43,65,,1,2199,9,2,2,1,5,1971
11,70,49,2,814,7661,F,19F,5d,1L,Ja,0,2,1,,79,,316,70,,1,335,335,67,48,2,2,1970
11,70,51,2,3017,7662,V,19F,5d,1L,Ja,0,2,1,,40,,316,70,,1,349,349,70,50,2,2,1970
11,70,51,2,3018,7663,V,19F,5d,1L,Ja,0,1,,1,68,,316,70,,1,349,349,70,50,1,2,1970
11,71,2,2,3019,7664,D,09G,6h,3U,So,0,1,,3,,69,43,70,,1,377,12,3,2,1,4,1971
11,71,2,2,3020,7665,D,09G,6h,3U,So,0,1,,3,,77,43,70,,1,377,12,3,2,1,4,1971
11,71,2,3,2241,7666,V,09G,2a,3U,Og,0,1,,3,,75,43,70,,1,378,13,3,2,1,5,1971
11,71,2,3,124,7667,V,09G,2a,3U,Og,2,1,,1,,53,43,68,,1,1108,13,3,2,1,5,1971
11,71,2,3,815,7668,F,09G,2a,3U,Og,0,1,,3,,54,43,70,,1,378,13,3,2,1,5,1971
11,71,2,5,3021,7669,F,09F,3h,3U,Og,1,1,,3,,55,43,69,,1,745,15,3,3,1,5,1971
11,71,2,5,3022,7670,D,09G,6c,3U,Og,0,1,,3,,57,43,70,,1,380,15,3,3,1,5,1971
11,71,2,5,753,7671,F,09G,6a,3U,Og,0,1,,3,,52,43,70,,1,380,15,3,3,1,5,1971
11,71,2,5,3023,7672,F,09G,7d,3U,So,6,1,,3,,73,43,64,,1,2570,15,3,3,1,4,1971
11,71,2,6,1226,7673,D,09G,2a,3U,Og,0,1,,3,,46,43,70,,1,381,16,4,3,1,5,1971
11,70,52,6,1324,7674,D,12D,4f,2H,Vr,0,1,,3,75,,425,70,,1,360,360,72,52,1,3,1970
11,71,2,6,754,7675,F,12D,4f,2H,Vr,0,1,,3,63,,425,70,,1,381,16,4,3,1,3,1971
11,70,52,6,816,7676,F,12D,4f,2H,Vr,0,1,,1,54,,425,70,,1,360,360,72,52,1,3,1970
11,70,52,3,755,7677,F,12D,4f,2H,Vr,0,1,,3,50,,425,70,,1,357,357,72,51,1,3,1970
11,70,52,6,756,7678,F,12D,4f,2H,Vr,5,1,,3,93,,425,65,,1,2185,360,72,52,1,3,1970
11,71,0,6,757,7679,K,12D,4f,2H,Vr,1,1,,3,80,,425,69,,1,732,2,1,1,1,3,1971
11,70,49,5,912,7680,D,11D,3h,2H,Vr,0,1,,1,64,,10,70,,1,338,338,68,49,1,3,1970
11,70,50,7,2013,7681,T,11D,3h,2H,Vr,0,1,,2,65,,10,70,,1,347,347,70,50,1,3,1970
11,70,53,4,817,7682,D,11D,3h,2H,Vr,4,1,,3,71,,10,66,,1,1825,365,73,53,1,3,1970
11,71,1,5,1010,7683,D,12D,1a,2H,Vr,0,1,,1,51,,216,70,,1,373,8,2,2,1,3,1971
11,71,3,2,913,7684,F,12D,1a,2H,Vr,2,1,,3,41,,216,68,,1,1114,19,4,3,1,3,1971
11,71,2,4,758,7685,F,20E,4j,1L,Ja,0,1,,,69,,352,70,,1,379,14,3,2,1,2,1971
11,71,2,6,818,7686,D,19D,8e,1L,Ja,1,2,1,,63,,45,69,,1,746,16,4,3,2,2,1971
11,71,3,3,3024,7687,F,10E,7f,2H,Vr,0,1,,3,55,,249,70,,1,385,20,4,3,1,3,1971
11,71,2,6,819,7688,F,11C,5g,2H,Vr,0,1,,3,70,,427,70,,1,381,16,4,3,1,3,1971
11,71,3,1,820,7689,F,11C,1i,2H,Vr,0,2,1,,47,,427,70,,1,383,18,4,3,2,3,1971
11,71,2,7,1011,7690,D,11C,0i,2H,Vr,1,1,,3,72,,427,69,,1,747,17,4,3,1,3,1971
11,71,2,6,1012,7691,K,10G,1g,3U,So,0,1,,3,59,,124,70,,1,381,16,4,3,1,4,1971
11,71,2,6,1146,7692,K,10G,1g,3U,So,1,2,1,1,60,,124,69,,1,746,16,4,3,2,4,1971
11,71,3,1,759,7693,F,11H,2j,3U,Up,0,1,,3,80,,341,70,,1,383,18,4,3,1,4,1971
11,71,2,3,700,7694,F,11H,2j,3U,Up,0,1,,3,66,,341,70,,1,378,13,3,2,1,4,1971
11,71,3,4,821,7695,F,11F,8b,2H,Vs,1,2,1,,61,,272,69,,1,751,21,5,3,2,4,1971
11,71,3,5,822,7696,F,18G,7d,1L,Ja,0,2,1,,47,,307,70,,1,387,22,5,4,2,2,1971
11,71,3,6,3025,7697,V,11C,1j,2H,Vr,1,2,1,,52,,427,69,,1,753,23,5,4,2,3,1971
11,71,3,6,914,7698,F,11C,3i,2H,Vr,0,2,1,,48,,427,70,,1,388,23,5,4,2,3,1971
11,71,2,4,420,7699,V,17E,2b,1L,Hr,8,2,,,69,,281,61,,1,3664,14,3,2,2,2,1971
11,71,4,2,517,7700,V,17E,2b,1L,Hr,0,1,,3,63,,281,70,,1,391,26,6,4,1,2,1971
11,71,3,6,1500,7701,S,19E,1c,1L,Ja,6,2,1,,57,,310,64,,1,2578,23,5,4,2,2,1971
11,71,3,4,823,7702,F,11D,5b,2H,Vr,1,2,1,,51,,312,69,,1,751,21,5,3,2,3,1971
11,71,3,6,1227,7703,G,11D,5b,2H,Vr,0,2,1,,51,,312,70,,1,388,23,5,4,2,3,1971
11,71,2,7,125,7704,V,16E,2b,1L,Hr,0,2,,,51,,204,70,,1,382,17,4,3,2,2,1971
11,71,3,6,1325,7705,D,16E,2b,1L,Hr,0,1,,3,62,,204,70,,1,388,23,5,4,1,2,1971
11,71,3,6,1501,7706,D,16E,2b,1L,Hr,0,1,,3,57,,204,70,,1,388,23,5,4,1,2,1971
11,71,3,6,1013,7707,F,11F,8b,2H,Vs,4,2,1,,61,,272,66,,1,1848,23,5,4,2,4,1971
11,71,3,6,3026,7708,D,11F,8b,2H,Vs,1,2,1,,64,,272,69,,1,753,23,5,4,2,4,1971
11,70,48,5,654,7709,F,19G,1e,1L,Ja,0,2,1,,50,,271,70,,1,331,331,67,48,2,2,1970
11,70,49,5,2312,7710,V,19G,1e,1L,Ja,1,1,,1,65,,271,69,,1,703,338,68,49,1,2,1970
11,70,49,7,2242,7711,V,19G,1e,1L,Ja,0,2,1,,67,,271,70,,1,340,340,68,49,2,2,1970
11,71,2,7,2243,7712,V,10H,7e,3U,So,0,1,,3,78,,382,70,,1,382,17,4,3,1,4,1971
11,71,4,7,824,7713,X,20F,8e,1L,Ja,0,2,1,,44,,250,70,,1,396,31,7,5,2,2,1971
11,71,2,2,3027,7714,F,09I,9b,3U,So,0,1,,3,65,,343,70,,1,377,12,3,2,1,4,1971
11,71,2,6,3028,7715,F,09I,9b,3U,So,0,2,1,,55,,343,70,,1,381,16,4,3,2,4,1971
11,71,3,2,3029,7716,F,09I,9b,3U,So,1,2,1,,57,,343,69,,1,749,19,4,3,2,4,1971
11,71,2,7,3030,7717,V,09G,6h,3U,So,0,1,,3,,54,43,70,,1,382,17,4,3,1,4,1971
11,71,3,1,3031,7718,V,09G,6h,3U,So,4,1,,3,,69,43,66,,1,1843,18,4,3,1,4,1971
11,71,3,4,3032,7719,D,09F,2e,3U,Og,0,2,2,1,,54,43,70,,1,386,21,5,3,2,5,1971
11,71,3,7,3033,7720,F,09G,2a,3U,Og,0,2,1,,,47,43,70,,1,389,24,5,4,2,5,1971
11,71,2,5,220,7721,V,29J,7h,1L,Lp,0,1,,1,41,,255,70,,1,380,15,3,3,1,2,1971
11,70,40,6,126,7722,V,29J,7h,1L,Lp,0,1,,1,43,,255,70,,1,276,276,56,40,1,2,1970
11,70,49,1,3034,7723,V,28L,9d,1L,Lp,0,1,,,,,122,70,,1,334,334,67,48,1,2,1970
11,71,2,5,655,7724,V,28L,9d,1L,Lp,0,1,,1,,,123,70,,1,380,15,3,3,1,2,1971
11,70,52,5,3035,7725,V,28L,9d,1L,Lp,0,1,,3,,,123,70,,1,359,359,72,52,1,2,1970
11,71,1,2,1147,7726,S,18C,0f,1L,Hr,4,1,,,75,,299,66,,1,1830,5,1,1,1,2,1971
11,71,1,2,656,7727,V,18C,0f,1L,Hr,0,2,,,45,,299,70,,1,370,5,1,1,2,2,1971
11,71,1,3,1326,7728,S,18C,0f,1L,Hr,0,1,,,55,,299,70,,1,371,6,2,1,1,2,1971
11,71,4,2,825,7729,X,18G,7d,1L,Ja,1,1,,3,63,,307,69,,1,756,26,6,4,1,2,1971
11,71,3,3,915,7730,F,11B,1e,2H,Vr,0,1,,3,54,,136,70,,1,385,20,4,3,1,3,1971
11,71,3,4,3036,7731,F,09H,7f,3U,So,0,2,1,,54,,117,70,,1,386,21,5,3,2,4,1971
11,71,4,4,826,7732,X,18F,3f,1L,Ja,2,2,,,58,,467,68,,1,1123,28,6,4,2,2,1971
11,71,4,5,827,7733,V,18F,3f,1L,Ja,1,1,,3,63,,467,69,,1,759,29,6,5,1,2,1971
11,71,2,5,701,7734,X,18F,3f,1L,Ja,1,2,,,71,,467,69,,1,745,15,3,3,2,2,1971
11,71,2,3,702,7735,F,18F,3f,1L,Ja,0,2,,,65,,467,70,,1,378,13,3,2,2,2,1971
11,71,4,4,703,7736,X,16E,6g,1L,Hr,0,2,1,,55,,354,70,,1,393,28,6,4,2,2,1971
11,71,4,6,828,7737,X,16E,6g,1L,Hr,0,1,,3,67,,354,70,,1,395,30,6,5,1,2,1971
11,71,4,6,3037,7738,D,11F,8b,2H,Vs,0,2,1,,74,,272,70,,1,395,30,6,5,2,4,1971
11,71,4,7,829,7739,X,18G,5a,1L,Ja,7,2,1,,68,,243,63,,1,2951,31,7,5,2,2,1971
11,71,1,2,830,7740,F,16E,6g,1L,Hr,0,1,,,55,,103,70,,1,370,5,1,1,1,2,1971
11,71,4,7,704,7741,X,16E,6g,1L,Hr,0,1,,,55,,103,70,,1,396,31,7,5,1,2,1971
11,71,4,5,831,7742,X,19E,2i,1L,Ja,0,2,1,,60,,211,70,,1,394,29,6,5,2,2,1971
11,71,4,6,832,7743,X,19E,2g,1L,Ja,0,2,1,,,,171,70,,1,395,30,6,5,2,2,1971
11,70,51,3,3038,7744,X,16E,6g,1L,Hr,0,1,,1,62,,103,70,,1,350,350,70,50,1,2,1970
11,71,1,3,833,7745,X,18G,7d,1L,Ja,0,2,1,,42,,307,70,,1,371,6,2,1,2,2,1971
11,71,0,5,834,7746,X,18G,5a,1L,Ja,0,2,1,,45,,243,70,,1,366,1,1,1,2,2,1971
11,71,4,4,2244,7747,X,19E,2i,1L,Ja,0,2,1,,53,,211,70,,1,393,28,6,4,2,2,1971
11,71,3,7,1014,7748,D,18F,9a,1L,Ja,3,1,,3,37,,211,67,,1,1484,24,5,4,1,2,1971
11,71,1,3,835,7749,X,18F,5c,1L,Ja,0,1,,1,60,,420,70,,1,371,6,2,1,1,2,1971
11,70,53,3,3039,7750,U,03C,0i,4S,Sk,0,1,,3,70,,40,70,,1,364,364,73,52,1,5,1970
11,71,1,5,1502,7751,D,22E,5c,1L,Ja,0,1,,,,60,450,70,,1,373,8,2,2,1,2,1971
11,71,3,2,1148,7752,D,22E,5c,1L,Ja,0,2,1,,,42,450,70,,1,384,19,4,3,2,2,1971
11,71,2,6,1442,7753,D,22E,5c,1L,Ja,0,1,,3,,67,450,70,,1,381,16,4,3,1,2,1971
11,71,2,7,1228,7754,D,22E,5c,1L,Ja,0,1,,1,,55,450,70,,1,382,17,4,3,1,2,1971
11,71,3,6,1015,7755,D,20E,3h,1L,Ja,0,2,1,,,50,450,70,,1,388,23,5,4,2,2,1971
11,71,3,6,1327,7756,D,20E,3h,1L,Ja,1,2,1,,,45,450,69,,1,753,23,5,4,2,2,1971
11,71,3,7,1443,7757,D,20E,3h,1L,Ja,1,1,,3,,61,450,69,,1,754,24,5,4,1,2,1971
11,71,4,2,1503,7758,D,22E,5c,1L,Ja,0,2,1,,,41,450,70,,1,391,26,6,4,2,2,1971
11,71,4,6,1229,7759,D,22E,5c,1L,Ja,0,1,,3,,46,450,70,,1,395,30,6,5,1,2,1971
11,71,4,5,836,7760,X,18E,8f,1L,Ja,0,2,,,52,,314,70,,1,394,29,6,5,2,2,1971
11,71,5,2,705,7761,X,20E,4j,1L,Ja,1,1,,3,84,,352,69,,1,763,33,7,5,1,2,1971
11,71,5,6,3040,7762,S,10I,1b,3U,So,0,2,2,1,53,,206,70,,1,402,37,8,6,2,4,1971
11,71,3,6,837,7763,T,10I,1b,3U,So,0,2,1,,46,,206,70,,1,388,23,5,4,2,4,1971
11,71,3,4,1444,7764,G,10I,1b,3U,So,2,2,1,,61,,206,68,,1,1116,21,5,3,2,4,1971
11,71,3,6,1504,7765,D,20E,3h,1L,Ja,1,1,,3,,62,450,69,,1,753,23,5,4,1,2,1971
11,71,6,4,323,7766,V,11C,0i,2H,Vr,1,2,4,3,56,,427,69,,1,772,42,9,6,2,3,1971
11,71,5,7,3041,7767,F,11C,5g,2H,Vr,8,2,1,,52,,427,61,,1,3688,38,8,6,2,3,1971
11,71,6,1,3042,7768,F,10D,9b,2H,Vr,0,2,1,,62,,427,70,,1,404,39,8,6,2,3,1971
11,71,5,7,3043,7769,V,08F,8j,3U,Og,0,2,2,1,,45,43,70,,1,403,38,8,6,2,5,1971
11,71,5,2,2245,7770,V,09G,2b,3U,Og,0,2,1,,,43,43,70,,1,398,33,7,5,2,5,1971
11,71,5,6,3044,7771,G,09F,2e,3U,Og,1,2,1,,,51,43,69,,1,767,37,8,6,2,5,1971
11,71,5,6,127,7772,V,10G,1g,3U,So,0,2,3,1,60,,124,70,,1,402,37,8,6,2,4,1971
11,71,5,3,1230,7773,D,12E,2d,2H,Vr,0,2,1,,37,,248,70,,1,399,34,7,5,2,3,1971
11,71,6,6,1822,7774,V,12E,2d,2H,Vr,7,2,2,1,64,,248,63,,1,2964,44,9,7,2,3,1971
11,71,6,6,421,7775,F,19E,6a,1L,Ja,4,1,,3,68,,45,66,,1,1869,44,9,7,1,2,1971
11,71,7,4,916,7776,G,16E,2b,1L,Hr,0,1,,3,63,,204,70,,1,414,49,10,7,1,2,1971
11,71,7,5,3045,7777,D,16E,2b,1L,Hr,0,2,,,63,,204,70,,1,415,50,10,8,2,2,1971
11,71,5,7,1016,7778,S,16E,2b,1L,Hr,0,1,,3,67,,204,70,,1,403,38,8,6,1,2,1971
11,71,5,4,1633,7779,D,16E,2b,1L,Hr,1,1,,3,71,,204,69,,1,765,35,7,5,1,2,1971
11,71,5,6,1231,7780,G,16E,2b,1L,Hr,0,2,,,59,,204,70,,1,402,37,8,6,2,2,1971
11,71,7,6,3046,7781,D,16E,2b,1L,Hr,0,2,,,62,,204,70,,1,416,51,11,8,2,2,1971
11,71,3,6,1149,7782,D,16E,2b,1L,Hr,0,1,,,68,,204,70,,1,388,23,5,4,1,2,1971
11,71,7,4,1232,7783,S,16E,2b,1L,Hr,0,2,,,58,,204,70,,1,414,49,10,7,2,2,1971
11,71,5,4,1017,7784,G,16E,2b,1L,Hr,0,2,,,62,,204,70,,1,400,35,7,5,2,2,1971
11,71,7,3,838,7785,X,18G,7d,1L,Ja,5,2,2,1,69,,307,65,,1,2238,48,10,7,2,2,1971
11,71,1,6,1150,7786,V,19G,1e,1L,Ja,0,2,1,,46,,271,70,,1,374,9,2,2,2,2,1971
11,71,2,6,221,7787,V,19G,1e,1L,Ja,0,1,,1,56,,271,70,,1,381,16,4,3,1,2,1971
11,71,2,6,222,7788,V,19G,1e,1L,Ja,0,2,1,,61,,271,70,,1,381,16,4,3,2,2,1971
11,71,4,1,657,7789,F,19G,1e,1L,Ja,0,1,,3,56,,271,70,,1,390,25,5,4,1,2,1971
11,71,5,3,223,7790,V,19G,1e,1L,Ja,7,2,1,,53,,271,63,,1,2954,34,7,5,2,2,1971
11,71,8,1,1233,7791,D,09H,4c,3U,So,0,2,4,1,61,,125,70,,1,418,53,11,8,2,4,1971
11,71,5,4,3047,7792,D,09H,4c,3U,So,2,2,4,2,67,,125,68,,1,1130,35,7,5,2,4,1971
11,71,6,5,2158,7793,V,12D,4f,2H,Vr,1,2,1,,51,,425,69,,1,773,43,9,7,2,3,1971
11,71,6,6,706,7794,F,12D,4f,2H,Vr,7,2,4,1,68,,425,63,,1,2964,44,9,7,2,3,1971
11,71,5,7,1018,7795,D,12D,4f,2H,Vr,0,2,1,,52,,425,70,,1,403,38,8,6,2,3,1971
11,71,6,8,3048,7796,F,12D,4f,2H,Vr,1,2,1,,43,,425,69,,1,772,42,-9,-9,2,3,1971
11,71,8,6,707,7797,F,12D,4f,2H,Vr,0,1,,3,61,,425,70,,1,423,58,12,9,1,3,1971
11,71,8,7,1445,7798,D,12D,4f,2H,Vr,0,2,5,,48,,425,70,,1,424,59,12,9,2,3,1971
11,71,5,6,2246,7799,V,12D,4f,2H,Vr,1,1,,3,66,,425,69,,1,767,37,8,6,1,3,1971
11,71,7,5,839,7800,X,20E,4j,1L,Ja,0,2,,,68,,352,70,,1,415,50,10,8,2,2,1971
11,71,8,6,422,7801,X,17F,5a,1L,Ja,0,2,1,,40,,16,70,,1,423,58,12,9,2,2,1971
11,71,8,7,840,7802,X,17F,5a,1L,Ja,3,1,,3,53,,16,67,,1,1519,59,12,9,1,2,1971
11,71,8,5,708,7803,S,11D,5b,2H,Vr,0,2,4,1,54,,312,70,,1,422,57,12,9,2,3,1971
11,71,7,4,1234,7804,G,11D,5b,2H,Vr,4,2,4,1,57,,312,66,,1,1874,49,10,7,2,3,1971
11,71,7,7,1446,7805,G,11D,5b,2H,Vr,1,2,4,2,68,,312,69,,1,782,52,11,8,2,3,1971
11,71,7,4,1732,7806,V,10C,8j,2H,Vr,0,1,,3,,,10,70,,1,414,49,10,7,1,3,1971
11,71,7,7,1235,7807,D,08F,8j,3U,Og,1,2,4,1,,55,43,69,,1,782,52,11,8,2,5,1971
11,71,7,4,917,7808,F,09G,2a,3U,Og,0,2,1,,,42,43,70,,1,414,49,10,7,2,5,1971
11,71,8,6,841,7809,X,18G,7d,1L,Ja,1,2,1,,42,,307,69,,1,788,58,12,9,2,2,1971
11,71,8,6,709,7810,X,18G,7d,1L,Ja,0,1,,3,70,,307,70,,1,423,58,12,9,1,2,1971
11,71,8,6,710,7811,X,18G,7d,1L,Ja,1,1,,3,54,,307,69,,1,788,58,12,9,1,2,1971
11,71,8,7,711,7812,X,18G,7d,1L,Ja,0,2,1,,44,,307,70,,1,424,59,12,9,2,2,1971
11,71,9,1,712,7813,X,18G,7d,1L,Ja,0,1,,3,47,,307,70,,1,425,60,12,9,1,2,1971
11,71,9,1,324,7814,V,18G,7d,1L,Ja,0,2,1,,45,,307,70,,1,425,60,12,9,2,2,1971
11,71,6,2,32,7815,V,10D,7d,2H,Vr,0,2,1,,,,17,70,,1,405,40,8,6,2,3,1971
11,71,7,2,3049,7816,F,10D,7d,2H,Vr,0,1,,3,,,17,70,,1,412,47,10,7,1,3,1971
11,71,5,6,2313,7817,V,10D,7d,2H,Vr,3,1,,,92,,17,67,,1,1497,37,8,6,1,3,1971
11,71,6,6,1151,7818,T,11D,0b,2H,Vr,0,1,,3,72,,75,70,,1,409,44,9,7,1,3,1971
11,71,8,3,518,7819,V,19E,6a,1L,Ja,4,2,1,,54,,45,66,,1,1880,55,11,8,2,2,1971
11,71,8,5,658,7820,X,18F,3f,1L,Ja,0,1,,3,96,,467,70,,1,422,57,12,9,1,2,1971
11,71,6,8,3050,7821,X,18F,3f,1L,Ja,0,2,,,61,,467,70,,1,407,42,-9,-9,2,2,1971
11,71,4,6,713,7822,X,18F,3f,1L,Ja,1,1,,3,61,,467,69,,1,760,30,6,5,1,2,1971
11,71,4,7,714,7823,X,18F,3f,1L,Ja,3,2,,,54,,467,67,,1,1491,31,7,5,2,2,1971
11,71,8,1,659,7824,X,18F,3f,1L,Ja,1,2,,,56,,467,69,,1,783,53,11,8,2,2,1971
11,71,7,1,715,7825,X,18F,3f,1L,Ja,4,2,,,82,,467,66,,1,1871,46,10,7,2,2,1971
11,71,7,6,842,7826,V,18F,3f,1L,Ja,0,2,,,50,,467,70,,1,416,51,11,8,2,2,1971
11,71,5,7,600,7827,X,18F,3f,1L,Ja,0,1,,3,68,,467,70,,1,403,38,8,6,1,2,1971
11,71,6,6,843,7828,X,18F,3f,1L,Ja,1,1,,3,84,,467,69,,1,774,44,9,7,1,2,1971
11,71,7,6,918,7829,D,10D,7d,2H,Vr,0,1,,3,73,,236,70,,1,416,51,11,8,1,3,1971
11,71,7,6,128,7830,V,10D,7d,2H,Vr,3,2,4,1,,,17,67,,1,1511,51,11,8,2,3,1971
11,71,7,7,844,7831,D,11D,2d,2H,Vr,4,2,5,,,,324,66,,1,1877,52,11,8,2,3,1971
11,71,7,7,919,7832,D,11D,2d,2H,Vr,0,2,4,1,,,320,70,,1,417,52,11,8,2,3,1971
11,71,2,3,2314,7833,V,10D,8c,2H,Vr,4,2,,,,,140,66,,1,1838,13,3,2,2,3,1971
11,71,3,6,1019,7834,D,10D,8c,2H,Vr,0,1,,3,,,140,70,,1,388,23,5,4,1,3,1971
11,71,7,5,920,7835,G,10D,8c,2H,Vr,0,1,,3,,,140,70,,1,415,50,10,8,1,3,1971
11,71,6,6,1505,7836,G,10D,8c,2H,Vr,2,1,,3,,,140,68,,1,1139,44,9,7,1,3,1971
11,71,7,1,1506,7837,G,10D,8c,2H,Vr,0,1,,,,,140,70,,1,411,46,10,7,1,3,1971
11,71,8,1,33,7838,V,19G,1e,1L,Ja,0,2,1,,40,,271,70,,1,418,53,11,8,2,2,1971
11,71,8,6,716,7839,F,19G,1e,1L,Ja,0,2,1,,46,,271,70,,1,423,58,12,9,2,2,1971
11,71,8,7,325,7840,V,19G,1e,1L,Ja,0,1,,3,55,,271,70,,1,424,59,12,9,1,2,1971
11,71,5,5,224,7841,V,19G,1e,1L,Ja,1,1,,3,73,,271,69,,1,766,36,8,6,1,2,1971
11,71,9,3,3051,7842,X,20F,8e,1L,Ja,0,2,1,,54,,250,70,,1,427,62,13,9,2,2,1971
11,71,3,7,1328,7843,D,20F,6h,1L,Ja,0,1,,3,60,,313,70,,1,389,24,5,4,1,2,1971
11,71,6,2,1507,7844,D,20F,6h,1L,Ja,0,1,,3,67,,313,70,,1,405,40,8,6,1,2,1971
11,70,53,4,1508,7845,V,20F,6h,1L,Ja,0,2,,,51,,313,70,,1,365,365,73,53,2,2,1970
11,71,8,5,3052,7846,F,10G,1g,3U,So,4,2,5,1,59,,124,66,,1,1882,57,12,9,2,4,1971
11,71,8,3,717,7847,S,10G,1g,3U,So,0,2,5,,55,,124,70,,1,420,55,11,8,2,4,1971
11,71,9,7,3053,7848,F,09G,6c,3U,Og,1,2,4,2,,40,43,69,,1,796,66,14,10,2,5,1971
11,71,9,3,3054,7849,V,09G,2b,3U,Og,0,2,5,,,49,43,70,,1,427,62,13,9,2,5,1971
11,71,9,6,3055,7850,V,09F,3g,3U,Og,0,2,3,1,,49,43,70,,1,430,65,13,10,2,5,1971
11,71,9,6,3056,7851,V,09F,3g,3U,Og,4,2,5,,,59,43,66,,1,1890,65,13,10,2,5,1971
11,71,9,7,3057,7852,F,09G,2b,3U,Og,0,2,5,,,49,43,70,,1,431,66,14,10,2,5,1971
11,71,9,7,2315,7853,V,09G,2b,3U,Og,3,2,5,,,51,43,67,,1,1526,66,14,10,2,5,1971
11,71,10,1,2316,7854,V,09G,2b,3U,Og,1,2,5,,,60,43,69,,1,797,67,14,10,2,5,1971
11,71,9,7,34,7855,V,10H,7e,3U,So,1,2,5,,63,,382,69,,1,796,66,14,10,2,4,1971
11,71,8,5,2317,7856,V,10H,7e,3U,So,1,2,5,,71,,382,69,,1,787,57,12,9,2,4,1971
11,71,9,6,326,7857,V,10H,7e,3U,So,0,2,5,,52,,382,70,,1,430,65,13,10,2,4,1971
11,71,7,5,2247,7858,V,10H,7e,3U,So,0,2,5,,71,,382,70,,1,415,50,10,8,2,4,1971
11,70,49,6,1329,7859,S,18C,4j,1L,Hr,0,2,1,,45,,363,70,,1,339,339,68,49,2,2,1970
11,70,49,7,1236,7860,V,18C,4j,1L,Hr,0,1,,1,66,,363,70,,1,340,340,68,49,1,2,1970
11,70,50,1,1330,7861,S,18C,4j,1L,Hr,0,2,1,,57,,363,70,,1,341,341,69,49,2,2,1970
11,70,51,7,1237,7862,S,18C,4j,1L,Hr,0,2,,,60,,363,70,,1,354,354,71,51,2,2,1970
11,71,9,6,601,7863,X,20F,6h,1L,Ja,1,2,1,,46,,313,69,,1,795,65,13,10,2,2,1971
11,71,9,5,718,7864,X,20F,6h,1L,Ja,0,1,,3,75,,313,70,,1,429,64,13,10,1,2,1971
11,71,9,6,602,7865,X,20F,6h,1L,Ja,0,1,,3,48,,313,70,,1,430,65,13,10,1,2,1971
11,71,9,7,519,7866,X,20F,6h,1L,Ja,0,2,1,,50,,313,70,,1,431,66,14,10,2,2,1971
11,71,9,4,3058,7867,F,09I,9b,3U,So,0,2,4,1,56,,343,70,,1,428,63,13,9,2,4,1971
11,71,7,5,845,7868,D,09I,9b,3U,So,5,2,1,,56,,343,65,,1,2240,50,10,8,2,4,1971
11,71,7,3,1331,7869,S,09I,9b,3U,So,1,2,2,1,45,,343,69,,1,778,48,10,7,2,4,1971
11,71,7,5,1020,7870,D,09I,9b,3U,So,4,1,,3,80,,343,66,,1,1875,50,10,8,1,4,1971
11,71,10,1,3059,7871,F,09I,9b,3U,So,2,2,4,2,56,,343,68,,1,1162,67,14,10,2,4,1971
11,71,6,1,1447,7872,S,09I,9b,3U,So,0,2,2,1,51,,343,70,,1,404,39,8,6,2,4,1971
11,71,7,6,3000,7873,F,09I,9b,3U,So,2,1,,3,68,,343,68,,1,1146,51,11,8,1,4,1971
11,71,5,3,1733,7874,X,17F,5a,1L,Ja,0,2,1,,44,,16,70,,1,399,34,7,5,2,2,1971
11,71,9,3,921,7875,X,17F,5a,1L,Ja,0,1,,3,42,,16,70,,1,427,62,13,9,1,2,1971
11,71,9,6,603,7876,X,17F,5a,1L,Ja,1,1,,3,61,,16,69,,1,795,65,13,10,1,2,1971
11,71,7,7,719,7877,X,20E,5j,1L,Ja,0,2,1,,59,,348,70,,1,417,52,11,8,2,2,1971
11,71,10,2,720,7878,X,20E,5j,1L,Ja,0,2,1,,49,,348,70,,1,433,68,14,10,2,2,1971
11,71,9,6,1152,7879,X,20E,5j,1L,Ja,0,1,,3,54,,348,70,,1,430,65,13,10,1,2,1971
11,71,6,1,1448,7880,S,18C,0f,1L,Hr,0,1,,3,57,,299,70,,1,404,39,8,6,1,2,1971
11,71,7,6,1509,7881,S,18C,0f,1L,Hr,0,1,,3,72,,299,70,,1,416,51,11,8,1,2,1971
11,71,9,1,1510,7882,S,18C,0f,1L,Hr,4,1,,3,80,,299,66,,1,1885,60,12,9,1,2,1971
11,71,7,5,1449,7883,V,18C,0f,1L,Hr,1,1,,3,60,,299,69,,1,780,50,10,8,1,2,1971
11,71,4,7,520,7884,V,18C,0f,1L,Hr,3,1,,3,59,,299,67,,1,1491,31,7,5,1,2,1971
11,71,9,1,846,7885,S,18C,0f,1L,Hr,4,2,,,59,,299,66,,1,1885,60,12,9,2,2,1971
11,71,7,3,1153,7886,S,18C,0f,1L,Hr,3,2,,,49,,299,67,,1,1508,48,10,7,2,2,1971
11,71,7,5,922,7887,S,18C,0f,1L,Hr,0,1,,,63,,299,70,,1,415,50,10,8,1,2,1971
11,71,10,6,1450,7888,G,11E,7e,2H,Vs,0,2,3,1,65,,97,70,,1,437,72,15,11,2,4,1971
11,71,6,4,847,7889,X,18G,7d,1L,Ja,0,1,,3,57,,307,70,,1,407,42,9,6,1,2,1971
11,71,7,1,848,7890,X,18G,7d,1L,Ja,0,1,,3,54,,307,70,,1,411,46,10,7,1,2,1971
11,71,7,2,1021,7891,F,11H,2j,3U,Up,1,2,2,1,55,,341,69,,1,777,47,10,7,2,4,1971
11,71,7,4,849,7892,F,11H,2j,3U,Up,0,2,4,1,60,,341,70,,1,414,49,10,7,2,4,1971
11,71,6,2,1957,7893,V,10E,7f,2H,Vr,0,2,1,,49,,249,70,,1,405,40,8,6,2,3,1971
11,71,5,5,721,7894,X,18F,3c,1L,Ja,0,1,,3,48,,35,70,,1,401,36,8,6,1,2,1971
11,71,7,2,225,7895,V,17E,2b,1L,Hr,4,2,,,45,,281,66,,1,1872,47,10,7,2,2,1971
11,71,6,7,1511,7896,F,17E,2b,1L,Hr,3,1,,3,66,,281,67,,1,1505,45,9,7,1,2,1971
11,71,8,5,1022,7897,U,10I,2j,3U,So,0,2,5,,62,,256,70,,1,422,57,12,9,2,4,1971
11,71,6,1,226,7898,V,10I,2j,3U,So,0,2,2,1,53,,256,70,,1,404,39,8,6,2,4,1971
11,71,5,4,227,7899,V,10I,2j,3U,So,0,2,4,3,70,,256,70,,1,400,35,7,5,2,4,1971
11,71,6,1,35,7900,V,10I,2j,3U,So,4,2,5,,73,,256,66,,1,1864,39,8,6,2,4,1971
11,71,5,3,1023,7901,V,10I,2j,3U,So,2,2,4,1,56,,256,68,,1,1129,34,7,5,2,4,1971
11,71,6,1,2318,7902,V,10I,2j,3U,So,0,2,4,1,54,,256,70,,1,404,39,8,6,2,4,1971
11,71,4,5,1154,7903,F,10I,2j,3U,So,4,2,1,,73,,256,66,,1,1854,29,6,5,2,4,1971
11,71,9,3,1451,7904,F,10I,2j,3U,So,4,2,5,,53,,256,66,,1,1887,62,13,9,2,4,1971
11,71,5,4,604,7905,X,17F,5a,1L,Ja,0,2,1,,40,,16,70,,1,400,35,7,5,2,2,1971
11,71,5,3,722,7906,X,17F,5a,1L,Ja,0,1,,3,58,,16,70,,1,399,34,7,5,1,2,1971
11,71,10,4,723,7907,X,18G,7d,1L,Ja,0,1,,3,54,,307,70,,1,435,70,14,10,1,2,1971
11,71,1,2,3001,7908,D,11F,6h,2H,Vs,0,1,,3,73,,272,70,,1,370,5,1,1,1,4,1971
11,71,1,4,3002,7909,D,11F,6h,2H,Vs,0,2,4,1,64,,272,70,,1,372,7,2,1,2,4,1971
11,70,49,6,3003,7910,D,11F,6h,2H,Vs,0,1,,1,58,,272,70,,1,339,339,68,49,1,4,1970
11,71,1,6,3004,7911,D,11F,6h,2H,Vs,0,2,4,1,63,,272,70,,1,374,9,2,2,2,4,1971
11,71,6,7,3005,7912,D,11F,8b,2H,Vs,0,2,1,,50,,272,70,,1,410,45,9,7,2,4,1971
11,71,2,2,3006,7913,D,11F,6h,2H,Vs,1,2,1,,67,,272,69,,1,742,12,3,2,2,4,1971
11,71,8,5,3007,7914,F,09G,2b,3U,Og,0,2,4,1,,51,43,70,,1,422,57,12,9,2,5,1971
11,71,8,7,1332,7915,D,09G,6c,3U,Og,0,2,5,,57,,43,70,,1,424,59,12,9,2,5,1971
11,71,10,1,605,7916,X,18G,7d,1L,Ja,0,1,,3,59,,307,70,,1,432,67,14,10,1,2,1971
11,71,10,1,606,7917,V,22E,1e,1L,Ja,0,1,,3,51,,73,70,,1,432,67,14,10,1,2,1971
11,71,9,7,724,7918,X,20E,4j,1L,Ja,0,2,,,58,,352,70,,1,431,66,14,10,2,2,1971
11,70,50,5,2248,7919,V,19G,1e,1L,Ja,0,1,,1,65,,271,70,,1,345,345,69,50,1,2,1970
11,70,51,4,607,7920,V,19G,1e,1L,Ja,1,2,1,,58,,271,69,,1,716,351,71,51,2,2,1970
11,70,53,3,2319,7921,V,19G,1e,1L,Ja,0,1,,3,65,,271,70,,1,364,364,73,52,1,2,1970
11,71,0,5,228,7922,V,19G,1e,1L,Ja,0,1,,2,68,,271,70,,1,366,1,1,1,1,2,1971
11,71,0,6,327,7923,V,19G,1e,1L,Ja,0,1,,1,66,,271,70,,1,367,2,1,1,1,2,1971
11,71,9,0,3008,7924,F,11C,1i,2H,Vr,0,2,5,,56,,427,70,,1,428,63,13,9,2,3,1971
11,71,9,3,1634,7925,S,11C,1i,2H,Vr,1,2,4,3,58,,427,69,,1,792,62,13,9,2,3,1971
11,71,9,6,3009,7926,F,11D,1b,2H,Vr,1,1,,3,69,,427,69,,1,795,65,13,10,1,3,1971
11,71,5,3,3010,7927,D,09F,2e,3U,Og,7,2,2,,,47,43,63,,1,2954,34,7,5,2,5,1971
11,71,5,3,3011,7928,F,09G,2a,3U,Og,1,2,1,,,49,43,69,,1,764,34,7,5,2,5,1971
11,71,5,4,3012,7929,F,09G,2a,3U,Og,0,2,1,,,44,43,70,,1,400,35,7,5,2,5,1971
11,71,4,5,3013,7930,V,09G,2a,3U,Og,0,2,4,1,,56,43,70,,1,394,29,6,5,2,5,1971
11,71,5,7,3014,7931,V,08G,7g,3U,Og,0,2,2,1,,45,43,70,,1,403,38,8,6,2,5,1971
11,71,6,5,3015,7932,V,08G,7g,3U,Og,0,2,1,,,43,43,70,,1,408,43,9,7,2,5,1971
11,71,8,2,725,7933,X,18G,7d,1L,Ja,4,2,1,,52,,307,66,,1,1879,54,11,8,2,2,1971
11,71,9,3,726,7934,X,20F,6h,1L,Ja,0,1,,3,66,,313,70,,1,427,62,13,9,1,2,1971
11,71,9,2,727,7935,X,20F,6h,1L,Ja,0,1,,3,48,,313,70,,1,426,61,13,9,1,2,1971
11,71,9,2,728,7936,X,20F,6h,1L,Ja,0,2,1,,64,,313,70,,1,426,61,13,9,2,2,1971
11,71,9,1,521,7937,X,20F,6h,1L,Ja,0,1,,3,58,,313,70,,1,425,60,12,9,1,2,1971
11,71,9,1,522,7938,X,20F,6h,1L,Ja,4,2,1,,70,,313,66,,1,1885,60,12,9,2,2,1971
11,71,9,1,523,7939,X,20F,6h,1L,Ja,0,2,1,,59,,313,70,,1,425,60,12,9,2,2,1971
11,71,9,3,729,7940,F,16E,6g,1L,Hr,0,2,1,,54,,103,70,,1,427,62,13,9,2,2,1971
11,71,9,7,730,7941,F,16E,6g,1L,Hr,5,1,,,64,,103,65,,1,2256,66,14,10,1,2,1971
11,71,9,1,731,7942,F,16E,6g,1L,Hr,0,1,,,54,,103,70,,1,425,60,12,9,1,2,1971
11,71,10,1,850,7943,F,11H,2j,3U,Up,0,1,,3,59,,341,70,,1,432,67,14,10,1,4,1971
11,71,10,2,732,7944,F,11H,2j,3U,Up,2,1,,,61,,341,68,,1,1163,68,14,10,1,4,1971
11,71,5,5,1238,7945,G,10D,8c,2H,Vr,0,1,,,,,140,70,,1,401,36,8,6,1,3,1971
11,71,7,6,2159,7946,V,10D,6d,2H,Vr,1,1,,3,52,,170,69,,1,781,51,11,8,1,3,1971
11,71,6,3,1333,7947,D,22E,5c,1L,Ja,0,1,,3,,44,450,70,,1,406,41,9,6,1,2,1971
11,71,6,6,1239,7948,D,22E,5c,1L,Ja,1,1,,3,,60,450,69,,1,774,44,9,7,1,2,1971
11,71,6,7,923,7949,U,22E,5c,1L,Ja,0,1,,3,,46,450,70,,1,410,45,9,7,1,2,1971
11,71,10,6,423,7950,V,10C,7j,2H,Vr,2,2,5,,,,194,68,,1,1167,72,15,11,2,3,1971
11,71,10,3,2100,7951,V,10H,5g,3U,So,2,2,5,,72,,382,68,,1,1164,69,14,10,2,4,1971
11,71,10,3,2320,7952,V,10H,5g,3U,So,1,2,5,,75,,382,69,,1,799,69,14,10,2,4,1971
11,71,10,4,2321,7953,V,10H,7e,3U,So,0,2,5,,57,,382,70,,1,435,70,14,10,2,4,1971
11,71,10,2,2014,7954,V,10H,7e,3U,So,1,2,5,,50,,382,69,,1,798,68,14,10,2,4,1971
11,71,9,4,2101,7955,U,29J,6h,1L,Lp,0,1,,3,53,,395,70,,1,428,63,13,9,1,2,1971
11,71,5,1,733,7956,X,20E,8e,1L,Ja,2,1,,3,70,,112,68,,1,1127,32,7,5,1,2,1971
11,71,8,2,734,7957,X,20E,8e,1L,Ja,0,1,,3,52,,112,70,,1,419,54,11,8,1,2,1971
11,71,10,3,1024,7958,S,20E,8e,1L,Ja,1,1,,3,65,,112,69,,1,799,69,14,10,1,2,1971
11,71,5,7,924,7959,U,20E,8e,1L,Ja,0,1,,1,75,,112,70,,1,403,38,8,6,1,2,1971
11,71,11,2,735,7960,X,20E,8e,1L,Ja,1,1,,3,65,,112,69,,1,805,75,15,11,1,2,1971
11,71,8,2,851,7961,X,20E,8e,1L,Ja,1,2,1,,59,,112,69,,1,784,54,11,8,2,2,1971
11,71,10,2,852,7962,X,20E,8e,1L,Ja,0,2,1,,45,,112,70,,1,433,68,14,10,2,2,1971
11,71,10,7,608,7963,X,20E,8e,1L,Ja,0,1,,3,78,,112,70,,1,438,73,15,11,1,2,1971
11,71,10,5,609,7964,X,18F,3c,1L,Ja,0,1,,3,52,,35,70,,1,436,71,15,11,1,2,1971
11,71,11,3,736,7965,X,20F,8e,1L,Ja,0,1,,3,64,,250,70,,1,441,76,16,11,1,2,1971
11,71,10,6,424,7966,V,17E,2b,1L,Hr,4,2,2,,52,,281,66,,1,1897,72,15,11,2,2,1971
11,71,10,7,425,7967,V,17E,2b,1L,Hr,4,1,,3,60,,281,66,,1,1898,73,15,11,1,2,1971
11,71,9,6,737,7968,X,18F,3c,1L,Ja,0,1,,3,49,,35,70,,1,430,65,13,10,1,2,1971
11,71,10,7,3016,7969,V,09F,3g,3U,Og,2,2,5,,,51,43,68,,1,1168,73,15,11,2,5,1971
11,71,10,7,3017,7970,V,09F,3g,3U,Og,3,2,5,,,48,43,67,,1,1533,73,15,11,2,5,1971
11,71,10,6,3018,7971,V,09F,3g,3U,Og,0,2,4,1,,48,43,70,,1,437,72,15,11,2,5,1971
11,71,10,6,3019,7972,V,09F,3g,3U,Og,1,2,5,,,57,43,69,,1,802,72,15,11,2,5,1971
11,71,10,4,3020,7973,V,09F,2e,3U,Og,2,2,5,,,50,43,68,,1,1165,70,14,10,2,5,1971
11,71,10,1,3021,7974,V,09G,2a,3U,Og,0,2,5,,,44,43,70,,1,432,67,14,10,2,5,1971
11,71,10,4,3022,7975,V,09F,3g,3U,Og,1,2,5,,,63,43,69,,1,800,70,14,10,2,5,1971
11,71,10,6,3023,7976,V,09G,2b,3U,Og,0,2,4,1,55,,43,70,,1,437,72,15,11,2,5,1971
11,71,10,7,36,7977,V,09G,6c,3U,Og,4,2,5,,66,,43,66,,1,1898,73,15,11,2,5,1971
11,71,8,3,3024,7978,V,11F,8b,2H,Vs,0,1,,3,,,272,70,,1,420,55,11,8,1,4,1971
11,71,9,5,3025,7979,V,11F,8b,2H,Vs,1,2,5,,56,,272,69,,1,794,64,13,10,2,4,1971
11,71,7,4,1025,7980,D,22E,5c,1L,Ja,0,1,,3,,46,450,70,,1,414,49,10,7,1,2,1971
11,71,7,4,738,7981,V,22E,5c,1L,Ja,0,2,1,,,44,450,70,,1,414,49,10,7,2,2,1971
11,71,6,7,1240,7982,D,22E,5c,1L,Ja,0,1,,3,,49,450,70,,1,410,45,9,7,1,2,1971
11,71,7,7,1026,7983,V,22E,5c,1L,Ja,0,1,,3,,43,450,70,,1,417,52,11,8,1,2,1971
11,71,8,2,1241,7984,D,22E,5c,1L,Ja,1,1,,3,,53,450,69,,1,784,54,11,8,1,2,1971
11,71,8,6,1334,7985,G,22E,5c,1L,Ja,0,1,,1,,48,450,70,,1,423,58,12,9,1,2,1971
11,71,9,1,1512,7986,V,22E,5c,1L,Ja,0,2,1,,,43,450,70,,1,425,60,12,9,2,2,1971
11,71,9,5,610,7987,X,18F,3f,1L,Ja,0,1,,3,72,,467,70,,1,429,64,13,10,1,2,1971
11,71,9,5,611,7988,X,18F,3f,1L,Ja,0,1,,3,71,,467,70,,1,429,64,13,10,1,2,1971
11,71,9,4,612,7989,X,18F,3f,1L,Ja,1,2,,,49,,467,69,,1,793,63,13,9,2,2,1971
11,71,8,7,328,7990,V,18F,3f,1L,Ja,7,2,,,61,,467,63,,1,2979,59,12,9,2,2,1971
11,71,9,3,613,7991,X,18F,3f,1L,Ja,0,1,,3,69,,467,70,,1,427,62,13,9,1,2,1971
11,71,8,7,739,7992,X,18F,3f,1L,Ja,0,2,,,59,,467,70,,1,424,59,12,9,2,2,1971
11,71,9,3,3026,7993,X,18F,3f,1L,Ja,0,2,,,48,,467,70,,1,427,62,13,9,2,2,1971
11,71,8,6,740,7994,X,18F,3f,1L,Ja,5,1,,3,71,,467,65,,1,2248,58,12,9,1,2,1971
11,71,1,2,229,7995,V,12C,5e,2H,Vr,0,2,1,,56,,295,70,,1,370,5,1,1,2,3,1971
11,71,0,7,129,7996,V,12C,5e,2H,Vr,8,2,1,,58,,295,62,,1,3288,3,1,1,2,3,1971
11,71,2,5,426,7997,V,12C,5e,2H,Vr,1,2,1,,62,,295,69,,1,745,15,3,3,2,3,1971
11,71,11,1,230,7998,V,19E,6a,1L,Ja,0,1,,3,52,,45,70,,1,439,74,15,11,1,2,1971
11,71,5,3,1635,7999,S,02C,7i,4S,Sk,0,1,,3,90,,263,70,,1,399,34,7,5,1,5,1971
11,71,10,7,1027,8000,G,02C,7i,4S,Sk,0,1,,3,84,,263,70,,1,438,73,15,11,1,5,1971
11,71,7,7,1028,8001,D,02C,7i,4S,Sk,3,1,,3,91,,263,67,,1,1512,52,11,8,1,5,1971
11,71,10,5,1452,8002,G,02C,7i,4S,Sk,0,1,,,76,,263,70,,1,436,71,15,11,1,5,1971
11,71,6,1,614,8003,V,28L,9d,1L,Lp,6,2,,,,,123,64,,1,2594,39,8,6,2,2,1971
11,71,7,1,615,8004,V,28L,9d,1L,Lp,0,1,,3,,,123,70,,1,411,46,10,7,1,2,1971
11,71,8,7,524,8005,U,28L,9d,1L,Lp,6,1,,3,,,123,64,,1,2614,59,12,9,1,2,1971
11,71,4,2,616,8006,V,28L,9d,1L,Lp,0,2,,,,,123,70,,1,391,26,6,4,2,2,1971
11,71,7,3,617,8007,V,28L,9d,1L,Lp,0,1,,3,,,123,70,,1,413,48,10,7,1,2,1971
11,71,5,2,741,8008,V,28L,9d,1L,Lp,0,1,,2,,,123,70,,1,398,33,7,5,1,2,1971
11,71,9,3,525,8009,V,28L,9d,1L,Lp,0,2,,,,,123,70,,1,427,62,13,9,2,2,1971
11,71,8,4,3027,8010,V,11E,6f,2H,Vs,0,1,,,,,175,70,,1,421,56,12,8,1,4,1971
11,71,8,4,742,8011,X,19E,1h,1L,Ja,0,2,4,1,62,,51,70,,1,421,56,12,8,2,2,1971
11,71,7,3,853,8012,X,19G,1e,1L,Ja,4,1,,3,82,,399,66,,1,1873,48,10,7,1,2,1971
11,70,52,1,925,8013,U,19G,1e,1L,Ja,0,2,1,,55,,399,70,,1,355,355,71,51,2,2,1970
11,71,9,4,526,8014,X,19G,0c,1L,Ja,0,2,1,,48,,6,70,,1,428,63,13,9,2,2,1971
11,71,4,6,854,8015,F,19G,1e,1L,Ja,0,2,1,,45,,399,70,,1,395,30,6,5,2,2,1971
11,71,8,5,743,8016,X,19E,2i,1L,Ja,0,1,,3,,,211,70,,1,422,57,12,9,1,2,1971
11,71,5,4,855,8017,X,19D,7c,1L,Ja,4,1,,,60,,178,66,,1,1860,35,7,5,1,2,1971
11,71,8,5,3028,8018,X,19F,4a,1L,Ja,0,1,,3,55,,211,70,,1,422,57,12,9,1,2,1971
11,71,11,1,1734,8019,X,18G,7d,1L,Ja,0,2,1,,43,,307,70,,1,439,74,15,11,2,2,1971
11,71,11,2,744,8020,X,18G,7d,1L,Ja,0,1,,3,57,,307,70,,1,440,75,15,11,1,2,1971
11,71,10,5,618,8021,X,18G,7d,1L,Ja,0,2,1,,44,,307,70,,1,436,71,15,11,2,2,1971
11,71,10,5,745,8022,X,18G,7d,1L,Ja,1,2,1,,47,,307,69,,1,801,71,15,11,2,2,1971
11,71,11,8,3029,8023,V,22E,1e,1L,Ja,0,2,1,,49,,73,70,,1,442,77,-9,-9,2,2,1971
11,71,10,6,856,8024,X,20E,4j,1L,Ja,0,1,,3,61,,352,70,,1,437,72,15,11,1,2,1971
11,71,10,5,1453,8025,X,20E,4j,1L,Ja,0,1,,,58,,352,70,,1,436,71,15,11,1,2,1971
11,71,11,8,857,8026,F,20E,4j,1L,Ja,0,1,,3,51,,352,70,,1,442,77,-9,-9,1,2,1971
11,71,11,1,746,8027,X,20E,4j,1L,Ja,0,1,,3,64,,352,70,,1,439,74,15,11,1,2,1971
11,71,9,7,1735,8028,S,18C,0f,1L,Hr,0,2,,,49,,299,70,,1,431,66,14,10,2,2,1971
11,71,10,6,329,8029,V,18C,0f,1L,Hr,7,2,,,57,,299,63,,1,2992,72,15,11,2,2,1971
11,71,10,2,427,8030,V,18C,0f,1L,Ja,0,1,,3,59,,299,70,,1,433,68,14,10,1,2,1971
11,71,11,1,231,8031,V,18C,0f,1L,Hr,1,2,,,45,,299,69,,1,804,74,15,11,2,2,1971
11,71,10,6,747,8032,X,20F,7h,1L,Ja,0,1,,3,49,,147,70,,1,437,72,15,11,1,2,1971
11,71,10,5,748,8033,X,20F,7h,1L,Ja,0,2,1,,39,,147,70,,1,436,71,15,11,2,2,1971
11,71,9,1,130,8034,V,18F,5c,1L,Ja,1,1,,3,45,,420,69,,1,790,60,12,9,1,2,1971
11,71,9,2,619,8035,S,16E,2b,1L,Hr,0,1,,3,52,,204,70,,1,426,61,13,9,1,2,1971
11,71,8,7,1155,8036,D,16E,2b,1L,Hr,4,2,,,49,,204,66,,1,1884,59,12,9,2,2,1971
11,71,7,2,620,8037,V,19E,1c,1L,Ja,0,1,,3,72,,310,70,,1,412,47,10,7,1,2,1971
11,71,10,6,749,8038,X,20F,8e,1L,Ja,0,1,,3,50,,250,70,,1,437,72,15,11,1,2,1971
11,71,10,4,2322,8039,V,10C,7j,2H,Vr,3,2,5,,72,,75,67,,1,1530,70,14,10,2,3,1971
11,71,11,1,1454,8040,K,11D,3d,2H,Vr,0,1,,,,,86,70,,1,439,74,15,11,1,3,1971
11,71,5,7,2102,8041,T,11D,3h,2H,Vr,1,2,4,3,64,,10,69,,1,768,38,8,6,2,3,1971
11,71,5,6,2249,8042,V,11D,3h,2H,Vr,1,2,2,,56,,10,69,,1,767,37,8,6,2,3,1971
11,71,5,6,750,8043,F,11D,2d,2H,Vr,0,1,,3,44,,10,70,,1,402,37,8,6,1,3,1971
11,71,7,1,2103,8044,V,11D,0d,2H,Vr,0,1,,3,79,,10,70,,1,411,46,10,7,1,3,1971
11,71,9,6,2104,8045,V,11D,2h,2H,Vr,0,2,1,,38,,10,70,,1,430,65,13,10,2,3,1971
11,71,9,7,858,8046,F,11D,0d,2H,Vr,0,1,,1,53,,10,70,,1,431,66,14,10,1,3,1971
11,71,9,6,2105,8047,V,11D,0d,2H,Vr,4,1,,,69,,10,66,,1,1890,65,13,10,1,3,1971
11,71,9,2,3030,8048,F,08G,7g,3U,Og,1,2,5,,,44,43,69,,1,791,61,13,9,2,5,1971
11,71,10,2,3031,8049,V,08G,7g,3U,Og,4,2,5,,,60,43,66,,1,1893,68,14,10,2,5,1971
11,71,10,4,3032,8050,V,08G,7g,3U,Og,0,1,,3,,46,43,70,,1,435,70,14,10,1,5,1971
11,71,9,3,3033,8051,V,09G,2a,3U,Og,0,1,,3,,59,43,70,,1,427,62,13,9,1,5,1971
11,71,10,3,3034,8052,V,09G,2a,3U,Og,0,1,,3,,48,43,70,,1,434,69,14,10,1,5,1971
11,71,10,4,3035,8053,F,09G,2a,3U,Og,2,1,,3,,51,43,68,,1,1165,70,14,10,1,5,1971
11,71,9,1,3036,8054,V,09G,2a,3U,Og,0,1,,3,,60,43,70,,1,425,60,12,9,1,5,1971
11,71,10,5,3037,8055,F,09G,2a,3U,Og,1,1,,3,,55,43,69,,1,801,71,15,11,1,5,1971
11,71,9,4,3038,8056,T,10G,1d,3U,So,2,1,,3,,49,43,68,,1,1158,63,13,9,1,4,1971
11,71,9,4,3039,8057,V,10G,1d,3U,So,1,2,5,1,,56,43,69,,1,793,63,13,9,2,4,1971
11,71,10,3,3040,8058,V,10G,1d,3U,So,0,1,,3,,45,43,70,,1,434,69,14,10,1,4,1971
11,71,10,3,3041,8059,V,10G,1d,3U,So,5,1,,3,,53,43,65,,1,2259,69,14,10,1,4,1971
11,71,11,3,3042,8060,V,10G,1d,3U,So,3,1,,3,,62,43,67,,1,1536,76,16,11,1,4,1971
11,71,11,3,3043,8061,V,10G,1d,3U,So,0,1,,3,,54,43,70,,1,441,76,16,11,1,4,1971
11,71,11,3,3044,8062,V,10G,1d,3U,So,0,1,,3,,53,43,70,,1,441,76,16,11,1,4,1971
11,71,2,6,2250,8063,V,09G,6c,3U,Og,1,2,1,,,50,43,69,,1,746,16,4,3,2,5,1971
11,71,5,5,37,8064,V,09G,6c,3U,Og,1,2,4,1,,47,43,69,,1,766,36,8,6,2,5,1971
11,71,9,4,1513,8065,S,09G,6c,3U,Og,1,1,,3,,48,43,69,,1,793,63,13,9,1,5,1971
11,71,9,5,2323,8066,V,09G,6c,3U,Og,0,2,4,1,,42,43,70,,1,429,64,13,10,2,5,1971
11,71,10,3,131,8067,V,09G,6c,3U,Og,1,2,2,,,51,43,69,,1,799,69,14,10,2,5,1971
11,71,10,5,38,8068,V,09G,6c,3U,Og,3,1,,3,,51,43,67,,1,1531,71,15,11,1,5,1971
11,71,11,4,3045,8069,F,09G,6c,3U,Og,0,2,7,,,44,43,70,,1,442,77,16,11,2,5,1971
11,71,11,1,132,8070,V,09G,6c,3U,Og,1,1,,3,,57,43,69,,1,804,74,15,11,1,5,1971
11,71,10,4,3046,8071,V,10G,1d,3U,So,2,1,,3,67,,43,68,,1,1165,70,14,10,1,4,1971
11,71,10,4,3047,8072,V,10G,1d,3U,So,0,1,,3,60,,43,70,,1,435,70,14,10,1,4,1971
11,71,10,4,3048,8073,V,09G,2a,3U,Og,5,1,,3,70,,43,65,,1,2260,70,14,10,1,5,1971
11,71,11,7,3049,8074,X,17F,5a,1L,Ja,0,1,,3,49,,16,70,,1,445,80,16,12,1,2,1971
11,71,11,7,751,8075,X,17F,5a,1L,Ja,0,1,,3,44,,16,70,,1,445,80,16,12,1,2,1971
11,71,6,1,2324,8076,V,18F,5i,1L,Ja,1,2,1,,42,,243,69,,1,769,39,8,6,2,2,1971
11,71,6,6,752,8077,X,18F,5i,1L,Ja,2,2,1,,62,,243,68,,1,1139,44,9,7,2,2,1971
11,71,9,4,1156,8078,X,18F,5i,1L,Ja,0,1,,3,61,,243,70,,1,428,63,13,9,1,2,1971
11,71,9,5,753,8079,X,18F,5i,1L,Ja,7,1,,3,62,,243,63,,1,2984,64,13,10,1,2,1971
11,71,9,6,754,8080,X,18F,5i,1L,Ja,1,1,,3,46,,243,69,,1,795,65,13,10,1,2,1971
11,71,6,7,1514,8081,U,03C,0i,4S,Sk,0,1,,3,81,,40,70,,1,410,45,9,7,1,5,1971
11,71,6,7,1335,8082,U,03C,0i,4S,Sk,1,1,,3,98,,40,69,,1,775,45,9,7,1,5,1971
11,71,6,7,1029,8083,U,03C,0i,4S,Sk,1,1,,3,92,,40,69,,1,775,45,9,7,1,5,1971
11,71,7,7,1030,8084,U,02C,9i,4S,Sk,0,1,,3,66,,40,70,,1,417,52,11,8,1,5,1971
11,71,7,7,1157,8085,U,02C,9i,4S,Sk,0,1,,3,85,,40,70,,1,417,52,11,8,1,5,1971
11,71,11,7,1158,8086,U,03C,0i,4S,Sk,2,1,,3,100,,40,68,,1,1175,80,16,12,1,5,1971
11,71,11,7,232,8087,U,03C,0i,4S,Sk,0,1,,3,80,,40,70,,1,445,80,16,12,1,5,1971
11,71,11,3,428,8088,V,18D,4c,1L,Hr,2,1,,3,76,,19,68,,1,1171,76,16,11,1,2,1971
11,71,9,6,926,8089,X,19G,1e,1L,Ja,1,1,,3,78,,399,69,,1,795,65,13,10,1,2,1971
11,71,11,5,859,8090,F,19G,1e,1L,Ja,4,2,1,,46,,399,66,,1,1903,78,16,12,2,2,1971
11,71,9,7,800,8091,F,18F,3f,1L,Ja,0,1,,3,46,,467,70,,1,431,66,14,10,1,2,1971
11,71,12,4,621,8092,X,18F,3f,1L,Ja,0,1,,3,71,,467,70,,1,449,84,17,12,1,2,1971
11,71,12,3,755,8093,X,18F,3f,1L,Ja,0,1,,3,69,,467,70,,1,448,83,17,12,1,2,1971
11,71,12,4,622,8094,X,18F,3f,1L,Ja,0,1,,3,78,,467,70,,1,449,84,17,12,1,2,1971
11,71,12,5,623,8095,X,18F,3f,1L,Ja,1,2,,,51,,467,69,,1,815,85,17,13,2,2,1971
11,71,12,3,624,8096,X,17F,5a,1L,Ja,0,2,1,,37,,16,70,,1,448,83,17,12,2,2,1971
11,71,11,4,3050,8097,F,10G,1g,3U,So,2,2,5,,55,,124,68,,1,1172,77,16,11,2,4,1971
11,71,5,6,233,8098,V,12D,4f,2H,Vr,1,1,,3,53,,425,69,,1,767,37,8,6,1,3,1971
11,71,9,5,234,8099,V,12D,4f,2H,Vr,0,1,,3,59,,425,70,,1,429,64,13,10,1,3,1971
11,71,10,5,3051,8100,V,12D,4f,2H,Vr,0,1,,3,61,,425,70,,1,436,71,15,11,1,3,1971
11,71,10,6,235,8101,V,12D,4f,2H,Vr,1,2,5,,52,,425,69,,1,802,72,15,11,2,3,1971
11,71,11,3,3052,8102,V,12D,4f,2H,Vr,0,2,5,,58,,425,70,,1,441,76,16,11,2,3,1971
11,71,9,6,2251,8103,V,12D,4f,2H,Vr,3,1,,3,68,,425,67,,1,1525,65,13,10,1,3,1971
11,71,6,5,2325,8104,V,12D,4f,2H,Vr,0,1,,3,54,,425,70,,1,408,43,9,7,1,3,1971
11,71,9,5,2326,8105,V,12D,4f,2H,Vr,0,1,,3,52,,425,70,,1,429,64,13,10,1,3,1971
11,71,9,3,429,8106,V,12D,4f,2H,Vr,4,1,,3,76,,425,66,,1,1887,62,13,9,1,3,1971
11,71,11,5,1031,8107,F,10I,2j,3U,So,1,2,5,,67,,256,69,,1,808,78,16,12,2,4,1971
11,71,10,4,133,8108,V,10I,2j,3U,So,1,1,,3,67,,256,69,,1,800,70,14,10,1,4,1971
11,71,10,4,2327,8109,V,10I,2j,3U,So,3,2,5,,62,,256,67,,1,1530,70,14,10,2,4,1971
11,71,8,4,3053,8110,U,10I,2j,3U,So,1,1,,3,70,,256,69,,1,786,56,12,8,1,4,1971
11,71,10,4,236,8111,V,10I,2j,3U,So,1,2,5,,64,,256,69,,1,800,70,14,10,2,4,1971
11,71,10,4,330,8112,V,10I,2j,3U,So,0,2,4,1,47,,256,70,,1,435,70,14,10,2,4,1971
11,71,8,5,3054,8113,U,10I,2j,3U,So,0,1,,3,66,,256,70,,1,422,57,12,9,1,4,1971
11,71,12,7,801,8114,F,10I,2j,3U,So,0,1,,3,50,,256,70,,1,452,87,18,13,1,4,1971
11,71,12,5,3055,8115,F,10I,2j,3U,So,0,2,7,1,52,,256,70,,1,450,85,17,13,2,4,1971
11,71,13,1,927,8116,S,10I,2j,3U,So,1,2,5,,75,,256,69,,1,818,88,18,13,2,4,1971
11,71,12,7,625,8117,S,10I,2j,3U,So,0,1,,3,68,,256,70,,1,452,87,18,13,1,4,1971
11,71,12,2,527,8118,V,10C,7j,2H,Vr,0,2,,,,,194,70,,1,447,82,17,12,2,3,1971
11,71,12,1,626,8119,X,18G,7d,1L,Ja,0,2,4,1,46,,307,70,,1,446,81,17,12,2,2,1971
11,71,13,1,3056,8120,F,10I,2j,3U,So,0,1,,3,,,256,70,,1,453,88,18,13,1,4,1971
11,71,12,3,627,8121,X,20E,5j,1L,Ja,2,1,,3,48,,348,68,,1,1178,83,17,12,1,2,1971
11,71,12,3,628,8122,X,20E,5j,1L,Ja,0,1,,3,58,,348,70,,1,448,83,17,12,1,2,1971
11,71,9,7,1336,8123,D,22E,5c,1L,Ja,0,1,,3,,55,450,70,,1,431,66,14,10,1,2,1971
11,71,10,2,1736,8124,V,22E,5c,1L,Ja,0,2,1,,,45,450,70,,1,433,68,14,10,2,2,1971
11,71,10,2,1737,8125,V,22E,5c,1L,Ja,0,2,1,,,46,450,70,,1,433,68,14,10,2,2,1971
11,71,10,6,1159,8126,D,22E,5c,1L,Ja,3,1,,3,,51,450,67,,1,1532,72,15,11,1,2,1971
11,71,12,5,629,8127,X,18F,3c,1L,Ja,1,1,,3,39,,35,69,,1,815,85,17,13,1,2,1971
11,71,11,2,237,8128,V,18C,0f,1L,Hr,4,1,,3,47,,299,66,,1,1900,75,15,11,1,2,1971
11,71,11,4,331,8129,U,18C,0f,1L,Hr,0,1,,3,39,,299,70,,1,442,77,16,11,1,2,1971
11,71,12,6,1636,8130,V,20E,5j,1L,Ja,0,1,,1,33,,348,70,,1,451,86,18,13,1,2,1971
11,71,13,1,528,8131,X,20E,5j,1L,Ja,1,1,,3,50,,348,69,,1,818,88,18,13,1,2,1971
11,70,52,2,1337,8132,S,18C,4j,1L,Ja,4,2,,,65,,363,66,,1,1816,356,72,51,2,2,1970
11,71,4,7,1338,8133,S,18C,4j,1L,Ja,0,2,,,60,,363,70,,1,396,31,7,5,2,2,1971
11,71,7,3,1455,8134,G,18C,4j,1L,Ja,0,1,,3,,,363,70,,1,413,48,10,7,1,2,1971
11,71,8,2,1242,8135,S,18C,4j,1L,Ja,0,2,1,,50,,363,70,,1,419,54,11,8,2,2,1971
11,71,11,1,3057,8136,F,09I,9b,3U,So,0,1,,3,,,343,70,,1,439,74,15,11,1,4,1971
11,71,10,7,3058,8137,F,09I,9b,3U,So,1,2,5,,56,,343,69,,1,803,73,15,11,2,4,1971
11,71,11,5,3059,8138,F,09I,9b,3U,So,0,2,5,,54,,343,70,,1,443,78,16,12,2,4,1971
11,71,12,3,802,8139,X,19F,7e,1L,Ja,0,2,,,52,,217,70,,1,448,83,17,12,2,2,1971
11,71,12,7,630,8140,X,19F,7e,1L,Ja,0,1,,3,61,,217,70,,1,452,87,18,13,1,2,1971
11,71,12,4,803,8141,U,19F,7e,1L,Ja,0,2,,,57,,217,70,,1,449,84,17,12,2,2,1971
11,71,13,2,928,8142,X,19F,7e,1L,Ja,1,1,,3,69,,217,69,,1,819,89,18,13,1,2,1971
11,71,10,2,238,8143,V,10D,8c,2H,Vr,0,1,,3,80,,140,70,,1,433,68,14,10,1,3,1971
11,71,11,4,1032,8144,G,10D,8c,2H,Vr,0,2,5,,,,140,70,,1,442,77,16,11,2,3,1971
11,71,9,5,631,8145,X,20E,9e,1L,Ja,0,2,1,,45,,211,70,,1,429,64,13,10,2,2,1971
11,71,9,7,1339,8146,X,20E,9e,1L,Ja,0,2,1,,49,,211,70,,1,431,66,14,10,2,2,1971
11,71,11,7,1340,8147,K,03C,0i,4S,Sk,5,2,4,1,77,,40,65,,1,2270,80,16,12,2,5,1971
11,71,8,6,3000,8148,X,19E,2i,1L,Ja,0,2,1,,47,,211,70,,1,423,58,12,9,2,2,1971
11,71,9,1,804,8149,X,19F,4a,1L,Ja,0,1,,,49,,211,70,,1,425,60,12,9,1,2,1971
11,71,9,2,756,8150,X,19F,4a,1L,Ja,0,2,1,,44,,211,70,,1,426,61,13,9,2,2,1971
11,71,6,4,805,8151,X,19D,7c,1L,Ja,1,2,1,,55,,178,69,,1,772,42,9,6,2,2,1971
11,71,8,7,3001,8152,X,18F,9a,1L,Ja,0,1,,3,72,,345,70,,1,424,59,12,9,1,2,1971
11,71,7,6,1100,8153,U,18G,7d,1L,Ja,0,2,1,,31,,307,70,,1,416,51,11,8,2,2,1971
11,71,10,4,806,8154,F,11B,1e,2H,Vr,2,2,5,,59,,136,68,,1,1165,70,14,10,2,3,1971
11,71,9,7,807,8155,X,19F,7e,1L,Ja,0,1,,3,71,,217,70,,1,431,66,14,10,1,2,1971
11,71,9,1,757,8156,X,19F,7e,1L,Ja,1,2,,,60,,217,69,,1,790,60,12,9,2,2,1971
11,71,9,4,758,8157,X,19F,7e,1L,Ja,0,1,,1,69,,217,70,,1,428,63,13,9,1,2,1971
11,71,8,3,759,8158,X,19E,1h,1L,Ja,0,2,,,55,,211,70,,1,420,55,11,8,2,2,1971
11,71,6,6,1515,8159,D,18F,9a,1L,Ja,1,2,1,,,,85,69,,1,774,44,9,7,2,2,1971
11,71,9,4,3002,8160,U,10I,2j,3U,So,0,1,,3,64,,256,70,,1,428,63,13,9,1,4,1971
11,71,10,1,2328,8161,V,10I,2j,3U,So,1,1,,,67,,256,69,,1,797,67,14,10,1,4,1971
11,71,10,2,2329,8162,V,10I,2j,3U,So,1,2,5,,61,,256,69,,1,798,68,14,10,2,4,1971
11,71,8,5,1516,8163,U,10I,2j,3U,So,0,1,,3,70,,256,70,,1,422,57,12,9,1,4,1971
11,71,10,2,134,8164,V,10I,2j,3U,So,1,1,,3,75,,256,69,,1,798,68,14,10,1,4,1971
11,71,10,7,3003,8165,U,10I,2j,3U,So,1,2,5,,69,,256,69,,1,803,73,15,11,2,4,1971
11,71,10,2,39,8166,V,10I,2j,3U,So,2,1,,3,66,,256,68,,1,1163,68,14,10,1,4,1971
11,71,8,6,700,8167,X,19F,4a,1L,Ja,1,1,,,79,,211,69,,1,788,58,12,9,1,2,1971
11,71,2,6,1243,8168,D,22E,5c,1L,Ja,0,2,1,,,56,450,70,,1,381,16,4,3,2,2,1971
11,71,7,2,3004,8169,U,20E,9c,1L,Ja,0,1,,1,50,,442,70,,1,412,47,10,7,1,2,1971
11,71,13,1,3005,8170,X,20E,4j,1L,Ja,0,1,,3,48,,352,70,,1,453,88,18,13,1,2,1971
11,71,9,6,632,8171,X,18F,3f,1L,Ja,1,1,,3,68,,467,69,,1,795,65,13,10,1,2,1971
11,71,13,2,633,8172,X,18F,3f,1L,Ja,0,1,,3,68,,467,70,,1,454,89,18,13,1,2,1971
11,71,13,1,634,8173,F,18F,3f,1L,Ja,0,2,,,,,467,70,,1,453,88,18,13,2,2,1971
11,71,11,1,2015,8174,V,10H,7e,3U,So,0,2,5,,73,,382,70,,1,439,74,15,11,2,4,1971
11,71,12,5,2330,8175,V,11E,5f,2H,Vs,0,2,4,1,48,,156,70,,1,450,85,17,13,2,4,1971
11,71,10,3,135,8176,V,11C,6j,2H,Vr,1,2,5,,58,,288,69,,1,799,69,14,10,2,3,1971
11,71,12,7,929,8177,S,11C,6j,2H,Vr,0,2,4,1,55,,288,70,,1,452,87,18,13,2,3,1971
11,71,12,5,3006,8178,F,11D,2g,2H,Vr,2,1,,3,71,,100,68,,1,1180,85,17,13,1,3,1971
11,71,13,2,635,8179,X,18F,3c,1L,Ja,1,1,,3,64,,35,69,,1,819,89,18,13,1,2,1971
11,71,9,1,808,8180,X,18F,9a,1L,Ja,0,2,1,,,,345,70,,1,425,60,12,9,2,2,1971
11,71,9,1,701,8181,X,19E,2i,1L,Ja,0,2,,,57,,211,70,,1,425,60,12,9,2,2,1971
11,71,9,1,702,8182,X,18E,9j,1L,Ja,0,1,,3,58,,133,70,,1,425,60,12,9,1,2,1971
11,71,9,6,703,8183,X,18E,9j,1L,Ja,0,2,1,,45,,133,70,,1,430,65,13,10,2,2,1971
11,71,11,2,809,8184,X,18F,9a,1L,Ja,1,2,1,,46,,211,69,,1,805,75,15,11,2,2,1971
11,71,5,6,704,8185,X,18E,9j,1L,Ja,0,2,1,,53,,133,70,,1,402,37,8,6,2,2,1971
11,71,9,1,810,8186,X,19E,0h,1L,Ja,0,1,,3,65,,133,70,,1,425,60,12,9,1,2,1971
11,71,9,5,705,8187,X,18E,9j,1L,Ja,0,1,,3,65,,133,70,,1,429,64,13,10,1,2,1971
11,71,6,6,636,8188,X,16E,1c,1L,Hr,0,2,1,,55,,319,70,,1,409,44,9,7,2,2,1971
11,71,6,6,3007,8189,X,18E,9j,1L,Ja,0,2,1,,48,,133,70,,1,409,44,9,7,2,2,1971
11,71,9,2,706,8190,X,18E,9j,1L,Ja,0,2,1,,52,,133,70,,1,426,61,13,9,2,2,1971
11,71,6,6,811,8191,X,18E,9j,1L,Ja,1,2,1,,58,,133,69,,1,774,44,9,7,2,2,1971
11,71,11,3,707,8192,X,18E,9j,1L,Ja,0,1,,3,47,,133,70,,1,441,76,16,11,1,2,1971
11,71,10,5,930,8193,D,02D,1f,4S,Sk,1,1,,,66,,221,69,,1,801,71,15,11,1,5,1971
11,71,11,2,1033,8194,G,02D,2d,4S,Sk,0,1,,3,62,,221,70,,1,440,75,15,11,1,5,1971
11,71,10,5,1341,8196,D,02D,1g,4S,Sk,2,1,,3,77,,221,68,,1,1166,71,15,11,1,5,1971
11,71,10,4,40,8197,V,11D,5b,2H,Vr,1,2,1,,45,,312,69,,1,800,70,14,10,2,3,1971
11,71,10,3,2252,8198,V,11D,5b,2H,Vr,1,2,5,,68,,312,69,,1,799,69,14,10,2,3,1971
11,71,9,4,2253,8199,V,11D,5b,2H,Vr,1,2,1,,49,,312,69,,1,793,63,13,9,2,3,1971
11,71,11,3,239,8200,V,11D,5b,2H,Vr,0,2,4,1,46,,312,70,,1,441,76,16,11,2,3,1971
11,71,11,7,332,8201,V,11D,5b,2H,Vr,0,2,6,1,52,,312,70,,1,445,80,16,12,2,3,1971
11,71,9,1,3008,8202,F,09I,9b,3U,So,0,1,,3,46,,343,70,,1,425,60,12,9,1,4,1971
11,71,9,1,3009,8203,F,09I,9b,3U,So,5,1,,3,76,,343,65,,1,2250,60,12,9,1,4,1971
11,71,12,7,529,8204,X,20F,6h,1L,Ja,0,1,,3,54,,313,70,,1,452,87,18,13,1,2,1971
11,71,11,6,2016,8205,T,20F,6h,1L,Ja,0,1,,3,50,,313,70,,1,444,79,16,12,1,2,1971
11,71,13,2,530,8206,X,20F,6h,1L,Ja,0,1,,3,54,,313,70,,1,454,89,18,13,1,2,1971
11,71,11,1,532,8208,X,20F,6h,1L,Ja,0,1,,3,49,,313,70,,1,439,74,15,11,1,2,1971
11,71,10,7,637,8209,X,20F,6h,1L,Ja,0,1,,3,51,,313,70,,1,438,73,15,11,1,2,1971
11,71,11,4,638,8210,X,20F,6h,1L,Ja,0,1,,3,52,,313,70,,1,442,77,16,11,1,2,1971
11,71,12,1,639,8211,X,20F,6h,1L,Ja,0,1,,3,52,,313,70,,1,446,81,17,12,1,2,1971
11,71,10,5,3010,8212,F,09I,9b,3U,So,0,2,4,1,55,,343,70,,1,436,71,15,11,2,4,1971
11,71,10,5,3011,8213,F,09I,9b,3U,So,0,1,,3,56,,343,70,,1,436,71,15,11,1,4,1971
11,71,8,1,41,8214,V,17D,5g,1L,Hr,4,2,3,,64,,106,66,,1,1878,53,11,8,2,2,1971
11,71,13,4,640,8215,F,17D,5g,1L,Hr,0,1,,3,47,,106,70,,1,456,91,19,13,1,2,1971
11,71,13,5,136,8216,V,18G,7d,1L,Ja,1,2,4,1,45,,307,69,,1,822,92,19,14,2,2,1971
11,71,7,4,137,8217,V,19E,6a,1L,Ja,1,2,1,,54,,339,69,,1,779,49,10,7,2,2,1971
11,71,10,5,3012,8218,F,19E,6a,1L,Ja,0,1,,,47,,339,70,,1,436,71,15,11,1,2,1971
11,71,5,7,240,8219,V,19E,6a,1L,Ja,1,2,1,,47,,339,69,,1,768,38,8,6,2,2,1971
11,71,1,1,1456,8220,D,19E,6a,1L,Ja,0,2,1,,51,,339,70,,1,369,4,1,1,2,2,1971
11,71,13,4,641,8221,F,19E,6a,1L,Ja,0,1,,,53,,45,70,,1,456,91,19,13,1,2,1971
11,71,11,6,3013,8222,F,10D,9f,2H,Vr,2,2,7,,62,,107,68,,1,1174,79,16,12,2,3,1971
11,71,13,3,533,8223,X,20F,6h,1L,Ja,1,1,,3,65,,313,69,,1,820,90,18,13,1,2,1971
11,71,12,6,2331,8224,V,17E,2b,1L,Hr,1,2,,,44,,281,69,,1,816,86,18,13,2,2,1971
11,71,13,3,2017,8225,V,17E,2b,1L,Hr,0,2,,,44,,281,70,,1,455,90,18,13,2,2,1971
11,71,13,6,812,8226,U,17E,2b,1L,Hr,4,2,,,46,,281,66,,1,1918,93,19,14,2,2,1971
11,70,46,7,813,8227,F,18E,9j,1L,Ja,0,1,,,54,,225,70,,1,319,319,64,46,1,2,1970
11,71,1,1,931,8228,F,18E,9j,1L,Ja,0,1,,,51,,225,70,,1,369,4,1,1,1,2,1971
11,71,1,7,814,8229,F,18E,9j,1L,Ja,0,1,,,53,,225,70,,1,375,10,2,2,1,2,1971
11,71,9,4,642,8230,X,18E,9j,1L,Ja,0,1,,3,51,,225,70,,1,428,63,13,9,1,2,1971
11,71,6,4,708,8231,X,18E,9j,1L,Ja,0,1,,,59,,225,70,,1,407,42,9,6,1,2,1971
11,71,11,4,3014,8232,U,19E,0h,1L,Ja,1,2,,,48,,429,69,,1,807,77,16,11,2,2,1971
11,71,9,6,1457,8233,D,19E,0h,1L,Ja,0,1,,3,50,,429,70,,1,430,65,13,10,1,2,1971
11,71,9,1,932,8234,D,19E,0h,1L,Ja,0,1,,3,57,,429,70,,1,425,60,12,9,1,2,1971
11,71,5,1,933,8235,S,19E,0h,1L,Ja,0,1,,,60,,429,70,,1,397,32,7,5,1,2,1971
11,71,11,1,1244,8236,S,19E,0h,1L,Ja,0,1,,3,58,,429,70,,1,439,74,15,11,1,2,1971
11,71,12,7,3015,8237,F,09I,9b,3U,So,2,2,5,,55,,343,68,,1,1182,87,18,13,2,4,1971
11,71,11,6,3016,8238,F,09I,9b,3U,So,0,2,6,1,45,,343,70,,1,444,79,16,12,2,4,1971
11,71,13,3,643,8239,X,20E,8e,1L,Ja,0,1,,3,61,,112,70,,1,455,90,18,13,1,2,1971
11,71,12,4,644,8240,X,20E,8e,1L,Ja,0,1,,3,52,,112,70,,1,449,84,17,12,1,2,1971
11,71,12,2,645,8241,X,20E,8e,1L,Ja,3,2,1,,41,,112,67,,1,1542,82,17,12,2,2,1971
11,71,11,5,646,8242,X,20E,8e,1L,Ja,0,2,1,,44,,112,70,,1,443,78,16,12,2,2,1971
11,71,11,6,709,8243,X,20E,8e,1L,Ja,0,2,1,,38,,112,70,,1,444,79,16,12,2,2,1971
11,71,11,6,647,8244,X,20E,8e,1L,Ja,0,2,1,,56,,112,70,,1,444,79,16,12,2,2,1971
11,71,14,1,710,8245,F,20F,7h,1L,Ja,0,2,2,1,43,,147,70,,1,460,95,19,14,2,2,1971
11,71,12,1,1738,8246,V,09H,7f,3U,So,0,2,,,52,,117,70,,1,446,81,17,12,2,4,1971
11,71,12,1,1739,8247,L,09H,7f,3U,So,1,2,4,,65,,117,69,,1,811,81,17,12,2,4,1971
11,71,13,1,3017,8248,V,13D,0c,2H,Vr,0,1,,3,,,109,70,,1,453,88,18,13,1,3,1971
11,71,13,3,3018,8249,V,13D,0c,2H,Vr,0,2,1,,,,109,70,,1,455,90,18,13,2,3,1971
11,71,13,1,3019,8250,V,13D,0c,2H,Vr,0,2,6,1,,,109,70,,1,453,88,18,13,2,3,1971
11,71,13,3,711,8251,X,20F,7h,1L,Ja,0,1,,,55,,147,70,,1,455,90,18,13,1,2,1971
11,71,13,1,712,8252,X,20F,7h,1L,Ja,0,2,1,,37,,147,70,,1,453,88,18,13,2,2,1971
11,71,8,5,333,8253,V,29J,7h,1L,Lp,0,1,,1,42,,255,70,,1,422,57,12,9,1,2,1971
11,71,6,3,138,8254,V,29J,7h,1L,Lp,0,1,,3,51,,255,70,,1,406,41,9,6,1,2,1971
11,71,12,6,2332,8255,V,29J,7h,1L,Lp,0,1,,1,29,,255,70,,1,451,86,18,13,1,2,1971
11,71,12,7,3020,8256,F,09F,5h,3U,Og,0,1,,3,65,,43,70,,1,452,87,18,13,1,5,1971
11,71,12,6,934,8257,F,09G,2a,3U,Og,0,1,,3,,51,43,70,,1,451,86,18,13,1,5,1971
11,71,12,7,713,8258,F,08G,8b,3U,Og,0,2,5,,,59,43,70,,1,452,87,18,13,2,5,1971
11,71,12,7,2106,8259,V,09F,2e,3U,Og,2,1,,3,,59,43,68,,1,1182,87,18,13,1,5,1971
11,71,12,7,2333,8260,V,09F,2e,3U,Og,4,1,,3,,65,43,66,,1,1912,87,18,13,1,5,1971
11,71,6,5,3021,8261,X,18F,5c,1L,Ja,1,2,,,70,,52,69,,1,773,43,9,7,2,2,1971
11,71,9,1,3022,8262,X,18F,5c,1L,Ja,2,1,,,80,,52,68,,1,1155,60,12,9,1,2,1971
11,71,9,1,3023,8263,X,18F,5c,1L,Ja,0,2,,,50,,52,70,,1,425,60,12,9,2,2,1971
11,71,8,7,3024,8264,X,18F,5c,1L,Ja,0,1,,,55,,52,70,,1,424,59,12,9,1,2,1971
11,71,5,5,3025,8265,X,18F,6a,1L,Ja,0,1,,,55,,52,70,,1,401,36,8,6,1,2,1971
11,71,7,4,3026,8266,X,18F,6a,1L,Ja,0,2,,,40,,52,70,,1,414,49,10,7,2,2,1971
11,71,3,3,3027,8267,X,18E,6h,1L,Ja,1,2,,,50,,52,69,,1,750,20,4,3,2,2,1971
11,71,9,6,3028,8268,X,18F,6a,1L,Ja,3,2,,,45,,52,67,,1,1525,65,13,10,2,2,1971
11,71,6,2,3029,8269,X,18F,6a,1L,Ja,0,1,,,60,,52,70,,1,405,40,8,6,1,2,1971
11,71,13,2,3030,8270,X,18F,5c,1L,Ja,0,2,,,50,,52,70,,1,454,89,18,13,2,2,1971
11,71,4,7,3031,8271,X,18F,5c,1L,Ja,4,2,,,45,,52,66,,1,1856,31,7,5,2,2,1971
11,71,7,6,3032,8272,X,18F,6a,1L,Ja,0,2,,,40,,52,70,,1,416,51,11,8,2,2,1971
11,71,12,2,3033,8273,X,18F,6a,1L,Ja,0,1,,,70,,52,70,,1,447,82,17,12,1,2,1971
11,71,1,5,3034,8274,X,18F,6a,1L,Ja,0,1,,,70,,52,70,,1,373,8,2,2,1,2,1971
11,71,1,7,3035,8275,U,18F,6a,1L,Ja,0,1,,,60,,52,70,,1,375,10,2,2,1,2,1971
11,71,5,3,3036,8276,X,18F,6a,1L,Ja,0,1,,,70,,52,70,,1,399,34,7,5,1,2,1971
11,71,4,5,714,8277,X,18F,6a,1L,Ja,0,2,,,60,,52,70,,1,394,29,6,5,2,2,1971
11,71,12,2,3037,8278,X,18F,6a,1L,Ja,1,2,,,45,,52,69,,1,812,82,17,12,2,2,1971
11,71,11,5,3038,8279,X,18F,5c,1L,Ja,1,2,,,50,,52,69,,1,808,78,16,12,2,2,1971
11,71,11,1,3039,8280,X,18F,5c,1L,Ja,0,1,,,65,,52,70,,1,439,74,15,11,1,2,1971
11,71,12,6,3040,8281,X,18F,5c,1L,Ja,1,2,,,55,,52,69,,1,816,86,18,13,2,2,1971
11,71,10,6,3041,8282,X,18F,6a,1L,Ja,0,2,,,40,,52,70,,1,437,72,15,11,2,2,1971
11,71,6,6,3042,8283,X,18F,5c,1L,Ja,0,1,,,50,,52,70,,1,409,44,9,7,1,2,1971
11,71,9,7,3043,8284,X,18F,5c,1L,Ja,0,1,,,55,,52,70,,1,431,66,14,10,1,2,1971
11,71,9,6,3044,8285,X,18F,6a,1L,Ja,0,2,,,45,,52,70,,1,430,65,13,10,2,2,1971
11,71,13,3,3045,8286,X,18F,5c,1L,Ja,0,2,,,40,,52,70,,1,455,90,18,13,2,2,1971
11,71,12,1,3046,8287,X,18F,6a,1L,Ja,2,1,,,60,,52,68,,1,1176,81,17,12,1,2,1971
11,71,8,7,3047,8288,X,18F,5c,1L,Ja,1,1,,,55,,52,69,,1,789,59,12,9,1,2,1971
11,71,12,3,3048,8289,X,18F,6a,1L,Ja,0,2,,,50,,52,70,,1,448,83,17,12,2,2,1971
11,71,10,4,3049,8290,X,18F,5c,1L,Ja,0,2,,,52,,52,70,,1,435,70,14,10,2,2,1971
11,71,12,4,3050,8291,X,18F,6a,1L,Ja,0,1,,,60,,52,70,,1,449,84,17,12,1,2,1971
11,71,9,7,3051,8292,X,18F,5c,1L,Ja,0,1,,,60,,52,70,,1,431,66,14,10,1,2,1971
11,71,9,3,3052,8293,X,18F,5c,1L,Ja,1,1,,,60,,52,69,,1,792,62,13,9,1,2,1971
11,71,12,5,3053,8294,X,18F,6a,1L,Ja,0,2,,,45,,52,70,,1,450,85,17,13,2,2,1971
11,71,9,2,3054,8295,X,18F,6a,1L,Ja,4,1,,,65,,52,66,,1,1886,61,13,9,1,2,1971
11,71,7,3,3055,8296,X,18F,6a,1L,Ja,0,2,,,45,,52,70,,1,413,48,10,7,2,2,1971
11,71,10,3,3056,8297,X,18F,5c,1L,Ja,0,1,,,60,,52,70,,1,434,69,14,10,1,2,1971
11,71,7,3,3057,8298,X,18F,6a,1L,Ja,0,1,,,60,,52,70,,1,413,48,10,7,1,2,1971
11,71,6,5,3058,8299,X,18F,5c,1L,Ja,6,2,,,50,,52,64,,1,2598,43,9,7,2,2,1971
11,71,13,1,3059,8300,X,18F,5c,1L,Ja,0,1,,,55,,52,70,,1,453,88,18,13,1,2,1971
11,71,7,6,3000,8301,X,18F,5c,1L,Ja,4,1,,,60,,52,66,,1,1876,51,11,8,1,2,1971
11,71,9,5,3001,8302,X,18F,6a,1L,Ja,1,1,,,60,,52,69,,1,794,64,13,10,1,2,1971
11,71,10,5,3002,8303,X,18F,5c,1L,Ja,2,2,,,60,,52,68,,1,1166,71,15,11,2,2,1971
11,71,12,4,3003,8304,X,18F,6a,1L,Ja,0,2,,,50,,52,70,,1,449,84,17,12,2,2,1971
11,71,9,9,3004,8305,T,18F,6a,1L,Ja,0,2,,,50,,52,70,,1,428,63,-9,-9,2,2,1971
11,71,9,2,3005,8306,X,18F,5c,1L,Ja,0,2,,,45,,52,70,,1,426,61,13,9,2,2,1971
11,71,15,1,648,8307,D,19E,6a,1L,Ja,3,2,4,1,48,,45,67,,1,1562,102,21,15,2,2,1971
11,71,10,7,430,8308,V,16E,9a,1L,Hr,2,2,2,,,45,158,68,,1,1168,73,15,11,2,2,1971
11,71,13,3,139,8309,V,16E,9a,1L,Hr,0,1,,,,44,158,70,,1,455,90,18,13,1,2,1971
11,71,13,7,431,8310,V,16E,9a,1L,Hr,0,,,,66,,158,70,,1,459,94,19,14,,2,1971
11,71,13,3,3006,8311,T,10I,5d,3U,So,1,1,,3,71,,94,69,,1,820,90,18,13,1,4,1971
11,71,11,1,649,8312,X,19F,5d,1L,Ja,0,1,,3,63,,316,70,,1,439,74,15,11,1,2,1971
11,71,9,6,815,8313,X,19F,5d,1L,Ja,0,1,,3,52,,316,70,,1,430,65,13,10,1,2,1971
11,71,10,5,816,8314,X,19F,5d,1L,Ja,0,1,,3,60,,316,70,,1,436,71,15,11,1,2,1971
11,71,11,2,715,8315,X,19F,5d,1L,Ja,4,2,,,48,,316,66,,1,1900,75,15,11,2,2,1971
11,71,11,4,650,8316,X,19F,5d,1L,Ja,0,2,,,52,,316,70,,1,442,77,16,11,2,2,1971
11,71,11,4,716,8317,X,19F,5d,1L,Ja,0,2,,,55,,316,70,,1,442,77,16,11,2,2,1971
11,71,11,5,241,8318,V,11F,6h,2H,Vs,3,2,5,,68,,272,67,,1,1538,78,16,12,2,4,1971
11,71,12,7,1101,8319,U,10F,4d,3U,Na,0,2,7,,62,,272,70,,1,452,87,18,13,2,4,1971
11,71,15,2,1517,8320,S,20E,8e,1L,Ja,0,2,,,52,,112,70,,1,468,103,21,15,2,2,1971
11,71,13,2,2334,8321,V,12D,4f,2H,Vr,0,2,,,50,,425,70,,1,454,89,18,13,2,3,1971
11,71,12,5,3007,8322,V,12D,4f,2H,Vr,1,1,,3,58,,425,69,,1,815,85,17,13,1,3,1971
11,71,13,3,2335,8323,V,12D,4f,2H,Vr,1,1,,3,59,,425,69,,1,820,90,18,13,1,3,1971
11,71,13,3,2254,8324,V,12D,4f,2H,Vr,1,2,5,,63,,425,69,,1,820,90,18,13,2,3,1971
11,71,12,6,3008,8325,V,12D,4f,2H,Vr,1,2,7,,53,,425,69,,1,816,86,18,13,2,3,1971
11,70,46,3,1245,8326,S,18C,4j,1L,Hr,2,2,,,70,,363,68,,1,1045,315,63,45,2,2,1970
11,70,47,5,1102,8327,V,18C,4j,1L,Hr,0,1,,1,69,,363,70,,1,324,324,65,47,1,2,1970
11,70,47,5,1246,8328,V,18C,4j,1L,Hr,0,1,,1,69,,363,70,,1,324,324,65,47,1,2,1970
11,70,47,5,1342,8329,V,18C,4j,1L,Hr,0,1,,,56,,363,70,,1,324,324,65,47,1,2,1970
11,70,47,7,1518,8330,S,18C,4j,1L,Hr,0,2,1,,41,,363,70,,1,326,326,66,47,2,2,1970
11,70,48,5,1247,8331,S,18C,4j,1L,Hr,0,2,,,66,,363,70,,1,331,331,67,48,2,2,1970
11,70,48,6,1343,8332,S,18C,4j,1L,Hr,0,2,1,,51,,363,70,,1,332,332,67,48,2,2,1970
11,70,49,4,1344,8333,S,18C,4j,1L,Hr,0,2,,,53,,363,70,,1,337,337,68,49,2,2,1970
11,70,49,4,1458,8334,S,18C,4j,1L,Hr,0,1,,1,64,,363,70,,1,337,337,68,49,1,2,1970
11,71,8,4,1103,8335,V,18C,4j,1L,Hr,0,1,,3,60,,363,70,,1,421,56,12,8,1,2,1971
11,71,8,6,1345,8336,S,18C,4j,1L,Hr,0,2,1,,57,,363,70,,1,423,58,12,9,2,2,1971
11,71,10,1,1459,8337,S,18C,4j,1L,Hr,0,2,1,,47,,363,70,,1,432,67,14,10,2,2,1971
11,71,11,3,242,8338,V,18C,4j,1L,Hr,0,1,,3,68,,363,70,,1,441,76,16,11,1,2,1971
11,71,12,6,1400,8339,S,18C,4j,1L,Hr,0,2,4,3,51,,363,70,,1,451,86,18,13,2,2,1971
11,71,13,1,1401,8340,S,18C,4j,1L,Hr,1,1,,3,61,,363,69,,1,818,88,18,13,1,2,1971
11,71,14,4,2255,8341,F,19G,0c,1L,Ja,0,2,,,51,,6,70,,1,463,98,20,14,2,2,1971
11,71,15,3,817,8342,F,19G,1e,1L,Ja,1,1,,3,67,,399,69,,1,834,104,21,15,1,2,1971
11,71,14,3,3009,8343,T,19G,1e,1L,Ja,0,1,,3,72,,399,70,,1,462,97,20,14,1,2,1971
11,71,15,3,334,8344,V,18C,4j,1L,Hr,0,1,,1,56,,363,70,,1,469,104,21,15,1,2,1971
11,71,15,4,651,8345,F,18F,3f,1L,Ja,0,1,,3,79,,467,70,,1,470,105,21,15,1,2,1971
11,71,11,3,717,8346,F,11D,0d,2H,Vr,4,2,5,,66,,10,66,,1,1901,76,16,11,2,3,1971
11,71,13,2,652,8347,V,11D,0d,2H,Vr,2,2,5,,69,,10,68,,1,1184,89,18,13,2,3,1971
11,71,15,3,2256,8348,V,29J,7h,1L,Lp,0,1,,3,76,,238,70,,1,469,104,21,15,1,2,1971
11,71,12,8,3010,8349,V,29J,4f,1L,Lp,0,2,,,,,120,70,,1,449,84,-9,-9,2,2,1971
11,71,12,8,3011,8350,V,29J,4f,1L,Lp,0,1,,3,,,120,70,,1,449,84,-9,-9,1,2,1971
11,71,45,1,2107,8361,V,18C,0f,1L,Hr,1,1,,1,57,,299,70,,1,677,312,63,45,1,2,1971
11,71,45,5,140,8362,V,18C,0f,1L,Hr,8,2,,,48,,299,63,,1,3236,316,64,46,2,2,1971
11,71,45,1,818,8363,F,19D,5h,1L,Ja,1,2,1,,73,,422,70,,1,677,312,63,45,2,2,1971
11,71,46,3,2257,8365,V,18C,0f,1L,Hr,0,2,,,63,,299,71,,1,321,321,65,46,2,2,1971
11,71,46,6,1346,8366,S,18C,0f,1L,Hr,1,1,,,65,,299,70,,1,689,324,65,47,1,2,1971
11,71,47,6,42,8367,V,18C,0f,1L,Hr,4,2,,,75,,299,67,,1,1791,331,67,48,2,2,1971
11,71,35,5,1519,8368,S,19E,0i,1L,Ja,0,1,,,40,,429,71,,1,246,246,50,36,1,2,1971
11,71,28,4,718,8369,F,10I,2j,3U,So,3,2,1,,,,256,68,,1,1291,196,40,28,2,4,1971
11,71,49,5,3021,8370,V,28L,9d,1L,Lp,1,1,,1,,,123,70,,1,709,344,69,50,1,2,1971
11,71,49,6,432,8371,V,28L,9d,1L,Lp,1,1,,1,,,123,70,,1,710,345,69,50,1,2,1971
11,71,48,3,3022,8372,V,28L,9d,1L,Lp,1,2,,,,,123,70,,1,700,335,67,48,2,2,1971
11,71,50,5,534,8373,V,28L,9d,1L,Lp,2,1,,1,,,123,69,,1,1081,351,71,51,1,2,1971
11,71,51,1,433,8374,V,28L,9d,1L,Lp,4,1,,1,,,123,67,,1,1814,354,71,51,1,2,1971
11,71,50,4,535,8375,V,28L,9d,1L,Lp,8,1,,1,,,123,62,,1,3635,350,70,50,1,2,1971
11,71,18,3,1740,8376,U,10I,2j,3U,So,0,1,,1,64,,256,70,,1,490,125,25,18,1,4,1971
11,71,44,7,1104,8377,F,10I,2j,3U,So,1,2,1,,70,,256,70,,1,676,311,63,45,2,4,1971
11,71,20,2,434,8378,U,10I,2j,3U,So,0,1,,1,63,,256,70,,1,503,138,28,20,1,4,1971
11,71,20,1,1741,8379,U,10I,2j,3U,So,4,2,7,,55,,256,66,,1,1962,137,28,20,2,4,1971
11,70,9,5,800,13075,X,19G,0f,1L,Ja,1,1,,,72,,,68,,1,788,58,12,9,1,2,1970
11,70,9,4,830,13076,X,19G,0f,1L,Ja,6,1,,,67,,,63,,1,2612,57,12,9,1,2,1970
11,70,9,6,610,13077,X,17E,5h,1L,Ja,0,1,,,76,,,69,,1,424,59,12,9,1,2,1970
11,70,11,5,930,13078,X,17E,5h,1L,Ja,2,1,,,56,,,67,,1,1167,72,15,11,1,2,1970
11,70,11,6,1840,13079,X,17E,5h,1L,Ja,2,1,,,58,,,67,,1,1168,73,15,11,1,2,1970
